{"type":"FeatureCollection", "features": [
{"type":"Feature","geometry":{"type":"MultiPolygon","coordinates":[[[[-71.0856386615597,42.44468761580398],[-71.09498605183092,42.446670943404435],[-71.1048670004288,42.44887905791231],[-71.11940206151407,42.453445100745164],[-71.1213463890026,42.448670097468515],[-71.12342679068203,42.44534502479753],[-71.12413794595732,42.44410893797289],[-71.1219766010568,42.43978651096933],[-71.12714910533927,42.43888662966586],[-71.12907143300006,42.43555058391277],[-71.14583602606601,42.435751101884875],[-71.14616648318703,42.435750947451716],[-71.14988644886935,42.43583983147073],[-71.14854239902944,42.43072400158671],[-71.14742872872039,42.42695674192123],[-71.14684544042693,42.42539064150951],[-71.14635019943312,42.424316266735175],[-71.14579839837789,42.42340682551346],[-71.14544583555053,42.42304860205636],[-71.14518393334211,42.422796889129636],[-71.14482199070194,42.42253055264673],[-71.14409819733815,42.42228524363101],[-71.1435462286479,42.422168390984844],[-71.14317121202686,42.422088905459006],[-71.14285678446187,42.42197440600693],[-71.14274527608572,42.421924815081475],[-71.14266751953812,42.42185867376115],[-71.14261756347847,42.42177551350203],[-71.14259944386002,42.42169218197864],[-71.1426351094406,42.42148757056269],[-71.14280084916267,42.42110024719975],[-71.14288551935702,42.42080287950771],[-71.14293940454682,42.42044860899885],[-71.14296479836389,42.42006166017306],[-71.14292622919176,42.41976976187531],[-71.14285512591792,42.419537270703835],[-71.14275981803182,42.419352328843615],[-71.14252027291529,42.41908366375443],[-71.14216822017052,42.41881455845033],[-71.14183174926994,42.418605098658816],[-71.14154382668289,42.41838390543249],[-71.14136028849929,42.41813917945912],[-71.141089673149,42.41767379460636],[-71.14093809910686,42.41747085025736],[-71.14069883960885,42.417154557590834],[-71.14032383346154,42.416694786729266],[-71.14008415343964,42.41643205772498],[-71.13974797358543,42.41617496804817],[-71.13936361636848,42.41592961006411],[-71.13906716673145,42.41577977550201],[-71.13874650700848,42.415635806003785],[-71.13845790789885,42.41551588361192],[-71.13804859813762,42.41540737459325],[-71.1376392744978,42.41532272135119],[-71.1371736659556,42.41524383106727],[-71.13655518468241,42.41517039813665],[-71.13629009955491,42.41514579360454],[-71.13600751775058,42.41516362611298],[-71.13566289956897,42.415215201958205],[-71.13529274563528,42.41529145343106],[-71.13491460648669,42.41536173657486],[-71.13453658799189,42.415432018861026],[-71.13420688746886,42.415466712544166],[-71.1339337671991,42.41546584431367],[-71.13364427958325,42.41545898153024],[-71.13341139100078,42.415434382808634],[-71.13310631674781,42.41539172811449],[-71.13284942430272,42.41533725264016],[-71.13243544359375,42.41521898575439],[-71.13216197932208,42.415214781200206],[-71.13187225048114,42.41529127865929],[-71.13172709948698,42.415368238027604],[-71.13161376223925,42.415510839054335],[-71.1315755181842,42.41567285619164],[-71.13160627598282,42.41610733730638],[-71.13162927897145,42.416621647927336],[-71.13155778785128,42.41683856540871],[-71.13141385957158,42.41697602674306],[-71.13113832476327,42.41711711749731],[-71.1307675977788,42.41728860166647],[-71.1304050961706,42.41742446017247],[-71.12998642630728,42.41756598879497],[-71.1294472099836,42.41768939251148],[-71.12873096580014,42.41785381558269],[-71.12825606997446,42.4179892147528],[-71.12779736906374,42.41807703979992],[-71.12743531295361,42.41813546678201],[-71.12729048147969,42.41810244222018],[-71.12722101863478,42.41808144436143],[-71.12716713936102,42.41805555892638],[-71.12713987807193,42.418037414720544],[-71.12713253332231,42.41803122855019],[-71.127001121175,42.41792054707573],[-71.12695096514479,42.41783987297687],[-71.12696468255348,42.41775405462307],[-71.12711538913692,42.41720815619406],[-71.12697320568857,42.416956811421024],[-71.12684099082914,42.416804302150176],[-71.12745576396817,42.41608830784392],[-71.12992242969582,42.41332719764758],[-71.12698078329149,42.41230795304589],[-71.12803913570909,42.41071077711639],[-71.12616960379496,42.40928570458995],[-71.12570294764002,42.40998856440437],[-71.12329450111768,42.40916910769622],[-71.12388347516402,42.408227453628925],[-71.12155841062375,42.40743578088658],[-71.12175287036754,42.40711637154081],[-71.11945567538167,42.406327448310215],[-71.11932790619747,42.40652463671508],[-71.1154584535155,42.40511895360243],[-71.11548892783637,42.40290491101933],[-71.1148583238704,42.40209363199173],[-71.11393613511244,42.40101587924959],[-71.11237498938672,42.40022693860552],[-71.10039416141818,42.396224007445845],[-71.09668874827733,42.400454732240696],[-71.09388301202922,42.39963191226303],[-71.09333474678894,42.39934305681577],[-71.09294037048161,42.39920716062948],[-71.09250839667307,42.39910038907217],[-71.09243232987426,42.39908607532497],[-71.09243956716337,42.3990939333962],[-71.09253333624521,42.39916970894451],[-71.09263190665496,42.399254414186416],[-71.09271916067468,42.399323414413395],[-71.09278829534914,42.39939568149635],[-71.09290517096362,42.39948612303443],[-71.09298490990686,42.399552755740665],[-71.09308570379943,42.39963188670797],[-71.09319369137118,42.39972571758267],[-71.09327946980342,42.39981658896695],[-71.09335627240331,42.39988663209511],[-71.09345890941522,42.399981524142234],[-71.09354649955249,42.40007411225182],[-71.09364133098057,42.40017401813054],[-71.09369825750649,42.40023723873604],[-71.09376429694198,42.400300041340415],[-71.09384405112412,42.40038350872364],[-71.09392388474076,42.40045464249226],[-71.0939974306454,42.40052134264901],[-71.09407282304507,42.400603173975135],[-71.09412606305715,42.4006731334567],[-71.09418457893027,42.40075382484852],[-71.09424425183428,42.40084352308779],[-71.09431160777936,42.400909571014566],[-71.09439441554798,42.400971712128495],[-71.09445587958513,42.40104737219733],[-71.09449728535263,42.40110657646278],[-71.09454937625577,42.40116644855317],[-71.09463371195308,42.40125560326879],[-71.09468731349712,42.40132619394517],[-71.09467343555264,42.4013688183336],[-71.09466544863945,42.4014020105302],[-71.09464178653694,42.40147394957627],[-71.09462003900026,42.40155039675953],[-71.09458531073352,42.401643183303],[-71.09454804308196,42.4017341603284],[-71.09451845265669,42.40182129318659],[-71.09450127791992,42.40190441852353],[-71.09448956114113,42.401988823479556],[-71.09452319801323,42.40208518189829],[-71.0945291594809,42.40215947597762],[-71.0945500402975,42.40223715365204],[-71.09457627216351,42.40231385986411],[-71.09461298048171,42.40238592151773],[-71.09466644994667,42.4024583122757],[-71.0947171075748,42.40251457810017],[-71.09480621580657,42.402579621967256],[-71.09486128607406,42.40261078546125],[-71.09492766265262,42.40265945414761],[-71.09501841558729,42.40271433047657],[-71.09509207022305,42.4027646451799],[-71.09520609846415,42.40282698553688],[-71.0952857521122,42.402870028949906],[-71.09534593557434,42.40289949965792],[-71.0954563461193,42.40295777578552],[-71.09553490283528,42.40300144536339],[-71.09561941575357,42.40304450561946],[-71.09573648294645,42.40308768016905],[-71.0958638955281,42.403165731740835],[-71.09598881902629,42.403215145546405],[-71.09614371985454,42.40330679748741],[-71.09620087036073,42.40335480285432],[-71.0962419321097,42.40341130440366],[-71.09626938724749,42.40344903239603],[-71.0962848588675,42.40349914220021],[-71.09629398466565,42.4035538211665],[-71.09630905873699,42.40362814708462],[-71.09633366611803,42.4036743276956],[-71.0963762548348,42.40372003119608],[-71.09647729509052,42.403800330303774],[-71.09648211777154,42.403806018972084],[-71.09652561755424,42.403861268569415],[-71.09658034162373,42.40394698693156],[-71.09664468431049,42.40401023199638],[-71.09671452527141,42.4040875406456],[-71.09684576143864,42.404233215462746],[-71.09691790341812,42.40431170240594],[-71.09699720885423,42.404409840470095],[-71.09708753574257,42.40453223456811],[-71.09716626246123,42.40462595911546],[-71.09730499317664,42.40477778151167],[-71.0973719804451,42.40488379865663],[-71.09749517375195,42.405053031865876],[-71.0975319334555,42.40509871453186],[-71.0975441124057,42.405112891499265],[-71.0975705549066,42.40511910585777],[-71.09759953348062,42.4051276698024],[-71.09762588259771,42.405129472454966],[-71.09766432933452,42.40513914981934],[-71.09768894916459,42.405145447806724],[-71.09773030329369,42.40515639570238],[-71.09771869164658,42.40524395225268],[-71.0976956824707,42.405251794280424],[-71.09764746437818,42.40525045536119],[-71.09761093252115,42.40524528608099],[-71.09756028095647,42.40522548289991],[-71.09753098434618,42.40520962557453],[-71.09747101940457,42.405183487832794],[-71.09744056197992,42.405159163802395],[-71.09737884733747,42.405102590464345],[-71.09732570322011,42.40501642790102],[-71.09726339533421,42.40493860583906],[-71.09716001043682,42.404787357261284],[-71.09705498815887,42.404664371612704],[-71.0969477577373,42.40456388510697],[-71.09681296493652,42.40444241546894],[-71.09666664362105,42.40431919473634],[-71.0965595158577,42.404183777384745],[-71.09644234504051,42.404061288732784],[-71.09630324665329,42.40391054430361],[-71.09624216978402,42.403849561200225],[-71.09619884476837,42.403805025431176],[-71.09618859152283,42.40379373596546],[-71.09616478401793,42.40377447648158],[-71.09611884481781,42.40372083868755],[-71.09606374123183,42.4036756313351],[-71.09601139878188,42.4036355652398],[-71.09597885980813,42.40361402436826],[-71.09593276263527,42.403585143623864],[-71.09587740196939,42.40354218597559],[-71.09585158028632,42.4035149968943],[-71.09581741162746,42.40348237681716],[-71.09576852654146,42.40347158182965],[-71.0957255981797,42.40346008752228],[-71.09570226243291,42.40344308029583],[-71.09565621560884,42.40340636718489],[-71.09564079281233,42.403386686908036],[-71.09560688162682,42.40337081286807],[-71.09555953028752,42.40336713538743],[-71.09550994753944,42.40337047222407],[-71.09546964154032,42.40336681946778],[-71.09542839709438,42.403376937673194],[-71.09539419912416,42.40338690058084],[-71.09534658236781,42.403386733169135],[-71.0952878362187,42.403398320261495],[-71.09526924634632,42.40341797100692],[-71.09524597944812,42.40344714826226],[-71.09523041941782,42.40346788999207],[-71.09520091494244,42.403484711472686],[-71.09517315140955,42.40349523711391],[-71.09514055937888,42.40351997017698],[-71.09512394929627,42.40353395610304],[-71.09512206475902,42.40356266838531],[-71.09510934098377,42.40359575390353],[-71.09509842159405,42.4036126407398],[-71.09508146761931,42.40364238033844],[-71.09509068370707,42.403663839411706],[-71.09510929215219,42.40369820552201],[-71.09512722598524,42.403724106630015],[-71.0951228020634,42.403751009419025],[-71.09511028852184,42.403770231373976],[-71.09510401655983,42.40380117891742],[-71.09509945750885,42.40381124600648],[-71.0950758911343,42.40383024901568],[-71.09504073838723,42.403837507621056],[-71.09502216064121,42.4038362718878],[-71.09498510412844,42.40383731184992],[-71.09495894838508,42.40384334170069],[-71.09494310969802,42.403850668247884],[-71.09492273038431,42.40386518104599],[-71.09489833209209,42.40388130019696],[-71.0948885231554,42.40389549008331],[-71.09487919433401,42.40391058193815],[-71.0948576031478,42.40392464031909],[-71.09483159017805,42.403927339610114],[-71.09480363711064,42.403929491897195],[-71.09477881000569,42.40393669674788],[-71.0947636672133,42.40394915731262],[-71.09474617084507,42.40396872179445],[-71.09473401175157,42.40398947543096],[-71.09471343033051,42.404035497255414],[-71.09470036921681,42.40408325609019],[-71.09470450038629,42.40412099234003],[-71.09472310817874,42.404155448534986],[-71.09473446744401,42.4041836672757],[-71.09474211935122,42.40420278014025],[-71.09477447122632,42.40425348974759],[-71.09482166278391,42.404320096503895],[-71.09488524556564,42.40440692719147],[-71.09494201933163,42.40447581832183],[-71.09501422923553,42.404524417431865],[-71.09513014226803,42.40461539333637],[-71.0952388399905,42.40467600433945],[-71.0953036192551,42.40470891227446],[-71.09536569643022,42.404708500345535],[-71.09543019501528,42.40470935728575],[-71.09548285360418,42.40471908533874],[-71.09551337861366,42.40473269680938],[-71.09555476832294,42.40475696974572],[-71.09564053285955,42.404813628572484],[-71.09579085965822,42.40491822888959],[-71.09598254127594,42.40503368750579],[-71.09610203394287,42.40509712644114],[-71.0962667041035,42.40518152018303],[-71.09639690839336,42.40524166535092],[-71.09651958860547,42.4053196995434],[-71.09659456933544,42.4053722685854],[-71.0966344476025,42.40540508847866],[-71.09663998804771,42.40543157609582],[-71.0966351053918,42.405511413720845],[-71.09663443159415,42.40557893227469],[-71.09664486638643,42.40561894122644],[-71.0966690853867,42.40564999569461],[-71.09704411357923,42.405932016262504],[-71.09710216665424,42.40599136781356],[-71.09719436547837,42.40606821422258],[-71.09735351908719,42.40619922150569],[-71.09753928380654,42.40627198356179],[-71.09766514359431,42.40634723675664],[-71.0977587806958,42.40640824282675],[-71.09787055989734,42.406462740173694],[-71.09799245501944,42.4064929652225],[-71.09813192899071,42.40652883324919],[-71.09829680163179,42.40656325928188],[-71.09844802355533,42.406585663747656],[-71.09861452974745,42.40663071830967],[-71.09878142951834,42.406690358513586],[-71.09883240707856,42.40671646423079],[-71.09896587916755,42.40677940870427],[-71.09905166092622,42.406834264444775],[-71.09911639858015,42.4068935482162],[-71.09918092148332,42.406929243906866],[-71.09922967740525,42.40696092343482],[-71.09931555258457,42.407020280692],[-71.09936874229216,42.40706160857427],[-71.09941391905336,42.40710218832007],[-71.0994781639915,42.4071626405291],[-71.09955835527425,42.4072371925253],[-71.09963206902061,42.40731793385189],[-71.09969890482854,42.40739135895349],[-71.09974667249115,42.40744491158265],[-71.09979610845554,42.40750360157823],[-71.09985885025371,42.40757134059377],[-71.09991174083981,42.40762166995957],[-71.09995642217622,42.407663868263114],[-71.09999275907663,42.40770009571221],[-71.10004223762166,42.40775212368609],[-71.10009632963424,42.40780461780649],[-71.10018207181828,42.40788531052958],[-71.10025683773912,42.40797280717945],[-71.10032705957191,42.408068120418896],[-71.1004795683059,42.40823358085402],[-71.10056131039582,42.40833226495924],[-71.10062575798315,42.40839946929066],[-71.10068003712368,42.408460966554806],[-71.10072608351109,42.408518023870684],[-71.1007650855701,42.4085940525991],[-71.10080046772576,42.40866619756223],[-71.1008461651,42.408740088814106],[-71.100904221892,42.40881906445881],[-71.10096060649842,42.40889353288517],[-71.10100752005484,42.408986514176036],[-71.10105024448524,42.40905031192132],[-71.10107943162053,42.40912243531583],[-71.10110327075098,42.409194990306084],[-71.1011347842748,42.409283506802964],[-71.10115446414233,42.40936063878275],[-71.1011781960917,42.40945020863197],[-71.101196178708,42.40952679455351],[-71.10121708775854,42.409601680082076],[-71.10122487841116,42.40965698412876],[-71.10123557900216,42.409713198533396],[-71.10124948289379,42.40982010966997],[-71.10125967994372,42.40989837912951],[-71.10126492565709,42.40999121593266],[-71.10126881977301,42.4100672128589],[-71.10127774132333,42.410135844922486],[-71.10132680282128,42.4101388957549],[-71.10136580667313,42.410137860484355],[-71.10139615958886,42.41014084649142],[-71.10145630512109,42.410139344236995],[-71.1015120454313,42.410142868254844],[-71.10158762628318,42.41014033903583],[-71.10165712950824,42.410138328900395],[-71.10173913143409,42.41013861266454],[-71.10182402403181,42.41014286759173],[-71.10189324912851,42.410146438072864],[-71.10197802026278,42.410150692466324],[-71.10205621368222,42.41015771491664],[-71.10212715319007,42.410159130518004],[-71.10220130932282,42.4101706403018],[-71.10224909178112,42.41016459351659],[-71.1022938263584,42.410160246707775],[-71.10234816895591,42.410154222548435],[-71.10239618699454,42.410149346877006],[-71.10246618488256,42.410126631577135],[-71.10249246172941,42.41012096055206],[-71.10251910585498,42.410114840650536],[-71.10256401110998,42.41010266191113],[-71.10260162050058,42.41009153829782],[-71.1026162576342,42.4101208478551],[-71.10262358328077,42.4101343773104],[-71.10264088723676,42.41018395231669],[-71.10261717286994,42.410187831667365],[-71.10257228228203,42.410197669756364],[-71.1025325138416,42.41020437454429],[-71.10252424214164,42.410206056507505],[-71.10247910063086,42.410217154082325],[-71.10240462470803,42.41023715308874],[-71.1023641137255,42.41024601591976],[-71.10228231214192,42.4102524853755],[-71.10223575862928,42.41025628572761],[-71.10217233008794,42.410258227181316],[-71.10209448624998,42.41025354674074],[-71.10204285928042,42.41025273806004],[-71.10193794878376,42.410244092734935],[-71.10184574995807,42.41024251345193],[-71.10173606360408,42.410239883282],[-71.10161596136516,42.41023217540223],[-71.1015143179887,42.410225611637195],[-71.1013569234737,42.410217234206584],[-71.1012630948593,42.41022366128299],[-71.10126022740491,42.41025453087232],[-71.10124706948172,42.41029895900398],[-71.10124192322922,42.410363671135926],[-71.10123259258219,42.41041765546661],[-71.10122339419553,42.41046992972673],[-71.10121713693168,42.41053742886638],[-71.10121078656873,42.410600426294316],[-71.10120408252908,42.41066171196826],[-71.10120112634938,42.410725891514474],[-71.10119578411972,42.41080239659457],[-71.10118884048086,42.410863141268116],[-71.10117752439952,42.41094295667307],[-71.1011861598321,42.41101842984673],[-71.10118560941068,42.41110566482564],[-71.10119134397176,42.4111787872234],[-71.10117349540128,42.41125416862879],[-71.10116363366178,42.41133452923087],[-71.10114640136882,42.41144700419321],[-71.10113647877745,42.41153699754637],[-71.10112474805312,42.41162473393772],[-71.10110636730789,42.411707405727554],[-71.10110045076758,42.41181712902828],[-71.10109778209046,42.41191272922834],[-71.10110688400171,42.412029796816405],[-71.10111043962831,42.41212091719576],[-71.10111441199915,42.412203756466745],[-71.101128060938,42.41227411541534],[-71.10113495020408,42.41235678473491],[-71.10115128899353,42.41242445216736],[-71.10117849592076,42.41250260046815],[-71.10120242100747,42.41258100747361],[-71.10123127047041,42.412649168373264],[-71.10127885717372,42.41271298281313],[-71.10132363214382,42.41276031242271],[-71.1013645825431,42.41279763569331],[-71.10140228116079,42.41283044630303],[-71.1014383692303,42.41286820284723],[-71.10147609631005,42.41289651214522],[-71.10151971285026,42.41293492492201],[-71.10155830579859,42.412980072370345],[-71.1016278611322,42.41302811782594],[-71.10168948462946,42.41310098343699],[-71.10173574245582,42.41314444682],[-71.10178735669108,42.4131862181882],[-71.1018302742937,42.41323921291214],[-71.10186188131878,42.41327479315281],[-71.101910218337,42.41331610299003],[-71.10194631038912,42.4133533192162],[-71.10201718865342,42.413403619696915],[-71.10210497598317,42.413469823457866],[-71.10219122377902,42.41352971989145],[-71.10226336802175,42.413591278053076],[-71.10231667251661,42.41363485557111],[-71.10239174694823,42.413694173081254],[-71.10247375728225,42.41375180396862],[-71.10254631917678,42.41380499081591],[-71.1026278223216,42.413866040891534],[-71.10266668111919,42.413907767819495],[-71.10271168624544,42.41395743838311],[-71.10272432726617,42.41399520360828],[-71.10277552518957,42.414045435684734],[-71.10282390002753,42.41410024940796],[-71.10289389193488,42.4141758440517],[-71.10295377027839,42.41423681928411],[-71.1029937132498,42.41429943625496],[-71.10305742535476,42.41434971136117],[-71.10310370934486,42.41438930307565],[-71.10317333972174,42.414445180237166],[-71.10326259496848,42.41451021779045],[-71.1033153787824,42.414540198860024],[-71.10336694715285,42.41457026574461],[-71.10343002459086,42.414586237914435],[-71.1034867567542,42.414606599547625],[-71.10354078214547,42.41461299754297],[-71.10359776233791,42.414613193780056],[-71.10360724189675,42.41488393958227],[-71.10351602176266,42.41488020436895],[-71.10344189324145,42.41488273987398],[-71.10332998587933,42.41486488892901],[-71.10327461312978,42.41486019671751],[-71.10323282617496,42.41485897235938],[-71.10320036991132,42.414861651339784],[-71.103176565648,42.414879574811465],[-71.10314598535378,42.41493177545319],[-71.10313674153915,42.41499143191727],[-71.1031346737546,42.41504985273377],[-71.10314684897601,42.41512317721653],[-71.10315232905072,42.41519854925091],[-71.10315449273068,42.415221603787884],[-71.10315989775168,42.41525088140675],[-71.10316268982154,42.415270607086775],[-71.10316805475168,42.41528692058576],[-71.10317727189155,42.415308919105975],[-71.10300172136508,42.41538429712545],[-71.10296625885108,42.41532394632108],[-71.102939545787,42.41524399965818],[-71.10293201526888,42.41516627982189],[-71.10293339963268,42.415081298495636],[-71.10294470349193,42.415003193485575],[-71.10293293146815,42.41492374848876],[-71.10293007532803,42.41485621789533],[-71.1029215582163,42.41478083536672],[-71.10290753309727,42.414731271773334],[-71.10288116309978,42.414693459212735],[-71.10283717268526,42.41465621604466],[-71.10275936880562,42.41462497805535],[-71.1026984349735,42.41459658909902],[-71.10264942598099,42.41458462630929],[-71.10259791737552,42.414545106403835],[-71.10254353014854,42.41451899065739],[-71.10248250276739,42.41448618990668],[-71.10242481294662,42.41444430785646],[-71.10233822893645,42.41439899493698],[-71.10225730194104,42.41436216409956],[-71.10217694600675,42.4143118310276],[-71.10211434018272,42.41427893459587],[-71.10204904005525,42.4142494498665],[-71.10196798115572,42.41421432889292],[-71.10189388368724,42.41417347016697],[-71.10181915673546,42.41413612029448],[-71.10175998821535,42.41409765384158],[-71.10170521228204,42.41407549756674],[-71.10164595700773,42.41403153906557],[-71.10159497176575,42.413986258741964],[-71.1015574716015,42.41394111510167],[-71.10149747795724,42.41389868443666],[-71.10144126084768,42.413854646317546],[-71.10138041011041,42.413813292954615],[-71.10131860455806,42.41376923542115],[-71.10128084129256,42.413727331772805],[-71.10121926808388,42.41368498551551],[-71.10111630864117,42.41361656784049],[-71.10105277372497,42.413557829654174],[-71.1009957710133,42.41350361545953],[-71.10094514616527,42.41343988041087],[-71.10088673920227,42.41337719868811],[-71.10084043136679,42.413322481329125],[-71.10079699332273,42.41327506614701],[-71.1007185049409,42.413217986434155],[-71.10068543296796,42.41316439525405],[-71.10062694460353,42.41311467710068],[-71.10058582509826,42.413046473479696],[-71.10056089997234,42.412991830197356],[-71.10051418497308,42.41290551156113],[-71.10045165484372,42.41282255906139],[-71.10038837690577,42.41272339894072],[-71.10035278607556,42.41266475735997],[-71.10031596618852,42.412608362192415],[-71.10027421542182,42.412544027449535],[-71.10027625366557,42.41247147218575],[-71.10028043555894,42.41236732463441],[-71.10027165632486,42.41225710021297],[-71.10027209073331,42.41218841056686],[-71.10026160885879,42.412116892150195],[-71.10026078092562,42.41203649451303],[-71.1002631264811,42.411953767174296],[-71.10026992778891,42.41187726722134],[-71.10028246084963,42.411816542024816],[-71.10028730408797,42.41174228596215],[-71.10028403271824,42.41166404049857],[-71.10029441083567,42.411598266261024],[-71.10029122884616,42.41150588675002],[-71.10031004485086,42.41139296727261],[-71.1003201939222,42.411305765630075],[-71.10033018220071,42.411224775341154],[-71.10032996560811,42.4111437496161],[-71.10034521385289,42.41107628174942],[-71.10035371577068,42.410999787680936],[-71.10038318861432,42.41093065866808],[-71.1003898750111,42.41085307795823],[-71.10041077975386,42.41077482638591],[-71.10042339725852,42.410700687316506],[-71.1004226126548,42.41063262360739],[-71.10042073551911,42.41058364198959],[-71.10041751863564,42.41053519588673],[-71.1004100489528,42.41046764913349],[-71.10040681387113,42.410422083854215],[-71.10042009621431,42.41033885428297],[-71.1004279907852,42.41028153400208],[-71.1004396229374,42.410190286225955],[-71.10045108319729,42.410126226236706],[-71.1004547750014,42.41004188303071],[-71.10043372333149,42.40995124201342],[-71.10042204103456,42.40987746871088],[-71.10039288358234,42.409819929764204],[-71.1003751835269,42.409737222811486],[-71.10035190243866,42.40963415019763],[-71.10032903644009,42.40956150840827],[-71.10029781320998,42.409484876368865],[-71.10028244397242,42.40941784232349],[-71.10026231188728,42.409354752956354],[-71.10022754079014,42.40928206979447],[-71.10013839311442,42.40910566576478],[-71.10008253036943,42.40900644110617],[-71.10002437801528,42.40892350349238],[-71.09997418664075,42.40884959629577],[-71.09990599774957,42.408759331483594],[-71.09985110077912,42.40868036631518],[-71.09979575742351,42.40861436357053],[-71.09972807326177,42.4085403954343],[-71.09964520354971,42.40846646446404],[-71.09957501139488,42.40838573542431],[-71.0995246070917,42.40832641178384],[-71.09946867178975,42.40827724201582],[-71.09939701488622,42.40819767812677],[-71.09933266810295,42.40811480860938],[-71.09927215243987,42.40802168922089],[-71.0992003750574,42.40796121068173],[-71.09915034603878,42.40791944360144],[-71.09911007874281,42.40789004431194],[-71.09897194808185,42.40775677206615],[-71.09888206666007,42.40765859860859],[-71.09879182884839,42.40757833937405],[-71.09875523113107,42.40752590562272],[-71.09871994123678,42.40751623964025],[-71.09869039345679,42.4075014620817],[-71.09862136094324,42.40748717702042],[-71.09854297513505,42.40747276926578],[-71.09843955321706,42.407460074668016],[-71.09835198483646,42.407437802323365],[-71.09821039764681,42.407390043526654],[-71.09805329972198,42.407336198522295],[-71.09792335082386,42.40727317527995],[-71.09775742616345,42.40721290705551],[-71.09765290579638,42.40716293638055],[-71.0974859520628,42.40707358516833],[-71.09734912645766,42.40700324496424],[-71.09721373665815,42.406917334801086],[-71.09715209822171,42.406886689659615],[-71.09711533357093,42.40686072297769],[-71.09697165655845,42.406760018946436],[-71.09693097950888,42.40673799973002],[-71.09680640375952,42.40663286098679],[-71.09676489143813,42.40660849805995],[-71.09669115487876,42.40658915379187],[-71.09666316193834,42.40657834238089],[-71.0966419820843,42.406565934338694],[-71.09661740176124,42.406534338439194],[-71.09659927157219,42.406481878676665],[-71.09659849771118,42.40643182046985],[-71.09658814152556,42.406379477979364],[-71.0965833660773,42.406347321291506],[-71.09652109997134,42.406281922846475],[-71.09646679894867,42.40620574894832],[-71.09637614475282,42.406115403192096],[-71.09631954593866,42.406056686570444],[-71.0962383272096,42.40599167162898],[-71.09590463226897,42.40572437807596],[-71.09586371097149,42.405683721842955],[-71.09573809760059,42.40560846751972],[-71.09562755435576,42.40555118155675],[-71.09555360925913,42.405526704226936],[-71.09543958300983,42.40552018157379],[-71.09537472608613,42.40551824304742],[-71.09520960122353,42.405523874331365],[-71.0951061645156,42.40553305344547],[-71.09495517746767,42.40553144184084],[-71.09482878328288,42.40552136396731],[-71.09473457003615,42.40549402389121],[-71.0946654404925,42.40547640506575],[-71.09455032764699,42.4054309856515],[-71.0944181532211,42.40535624692963],[-71.09430836343182,42.405276455369545],[-71.0941914871331,42.40516521897621],[-71.09406920233891,42.40510176820414],[-71.09392244637044,42.40497116016663],[-71.09378826822518,42.4048115173126],[-71.0936903685006,42.404696476167274],[-71.09362953420643,42.404579135059684],[-71.09357098679388,42.404446227160584],[-71.09354503980083,42.40438194561699],[-71.0935351711254,42.40434869045879],[-71.09350596624068,42.40431878806764],[-71.09346094314523,42.40431187694429],[-71.09340718500063,42.404303224413574],[-71.09334769751263,42.40427879672629],[-71.09331504907149,42.404274360022946],[-71.09328096670737,42.404266227097786],[-71.09323496435933,42.404260482788224],[-71.09316456101683,42.40425231148074],[-71.09315354136484,42.40422805501268],[-71.09314732211516,42.40421290833456],[-71.09314469163525,42.404187511158376],[-71.09316216152833,42.40415327227224],[-71.09319477551614,42.40412529884119],[-71.09323334916655,42.404096176101326],[-71.09327406237045,42.40407435317239],[-71.09331383836135,42.404066031107625],[-71.09334514369182,42.40405263753503],[-71.09337300434548,42.404045983878625],[-71.09341738526102,42.404039388578575],[-71.09346560986663,42.40403955893383],[-71.09350703200916,42.40403970524298],[-71.0935503051824,42.4040353566776],[-71.09357673013085,42.40402527684011],[-71.09359811399649,42.40400572626246],[-71.09361685497092,42.40398157492411],[-71.09364230932083,42.40395240572193],[-71.09365782264301,42.403901234599395],[-71.09366630849165,42.40384724779722],[-71.09367514022482,42.403796143108984],[-71.09367741004924,42.40378318709935],[-71.09361169398981,42.403688425731985],[-71.09356027366712,42.40358075078705],[-71.09352670412827,42.403455133273624],[-71.09349321846321,42.40335427372872],[-71.09347209121748,42.4032395034932],[-71.09346798374656,42.403141538571184],[-71.09347002602537,42.40306952342124],[-71.0934858851566,42.40302123442759],[-71.09347047818228,42.40299921318435],[-71.09344551499757,42.402970946252324],[-71.09340742678393,42.40292471738215],[-71.09334282435938,42.40290252230813],[-71.09327809008394,42.402881947234896],[-71.09321045736364,42.40285875106926],[-71.09316122733466,42.40284507285538],[-71.09307804557538,42.40280309582753],[-71.09298722522155,42.40275893105352],[-71.09288126530694,42.4027078705266],[-71.09277838174603,42.4026506988844],[-71.09267795328984,42.4025895746074],[-71.09258762499483,42.402525695129476],[-71.0924952649793,42.40245667679059],[-71.09240330049124,42.40240170414073],[-71.09229995346615,42.402341199386804],[-71.09216168566378,42.40227093779927],[-71.09203253531675,42.40219962802824],[-71.09194324740773,42.402144124324934],[-71.09180498392072,42.40207332215],[-71.09163267878019,42.4019883546532],[-71.09150217251157,42.401920280474435],[-71.09140975739999,42.40187889964507],[-71.0913145695904,42.40183426788671],[-71.09119934801429,42.401769488644696],[-71.09107597899714,42.40170612078409],[-71.09097757146138,42.4016522944471],[-71.09083639140796,42.40158202089487],[-71.0907129619203,42.40152810536497],[-71.09060856632837,42.401479929176354],[-71.09050839660058,42.40143572916059],[-71.09041488264141,42.401395423948976],[-71.09026228459227,42.40130656327692],[-71.09016698515829,42.40126066976785],[-71.09006845883252,42.40122538799017],[-71.08997762825031,42.401183471473075],[-71.08987934858878,42.401147650242756],[-71.08977926163963,42.401109571785305],[-71.08971465773232,42.40106936904531],[-71.08958548444534,42.401021103580575],[-71.08950238859127,42.400985336173036],[-71.0894263842244,42.40099856924799],[-71.0893327449292,42.401015160410246],[-71.08923841811242,42.40104408288131],[-71.08914081921121,42.40107182322936],[-71.08904987105629,42.40110417867287],[-71.08897571861104,42.40113146243476],[-71.08891051075254,42.401165530201375],[-71.08886602892441,42.40118787830529],[-71.08882447281484,42.401208616340774],[-71.08877046822542,42.40121967688193],[-71.08868560745206,42.40123116728929],[-71.08863733403611,42.40123882718654],[-71.08858223266839,42.40125042388727],[-71.08852961160324,42.40125419699194],[-71.08847120347477,42.401251287305435],[-71.08843988018424,42.4012488345642],[-71.08835401474603,42.401265362703626],[-71.0882675817979,42.401275766843334],[-71.08821162595456,42.40128799050596],[-71.08817661054862,42.40129290677983],[-71.08815016353365,42.4012877705685],[-71.08810847378048,42.40125440102719],[-71.08806412649575,42.40123740705797],[-71.08800409237712,42.401223057755246],[-71.08793630610185,42.4012239854284],[-71.08784366364429,42.40123661771698],[-71.08775239832674,42.40126158870334],[-71.08766493130426,42.40128153165709],[-71.08759171700673,42.40129522365872],[-71.08754537102661,42.40130532076212],[-71.08751797862708,42.40131476555696],[-71.08750088156825,42.401328748648645],[-71.08750391459641,42.40134793548879],[-71.08751928220876,42.4013569933719],[-71.08753927322202,42.401364897458905],[-71.08757462727716,42.401363943825295],[-71.08764838481264,42.40139733843607],[-71.0876775743416,42.40144758862643],[-71.08765443670222,42.40147514432924],[-71.08761893684822,42.4015170602137],[-71.0875490233948,42.401564704579016],[-71.0874594797738,42.401586350466985],[-71.08738708538617,42.40160463670684],[-71.08732058370984,42.401613401061965],[-71.08727123837292,42.40161772550671],[-71.08721881598605,42.401609615027226],[-71.08714509229449,42.40158963443924],[-71.08707591000015,42.40156246785668],[-71.08704026846289,42.401551626635175],[-71.08702517321278,42.40153806826476],[-71.0870172963171,42.4015166133297],[-71.08702376672119,42.40149304920689],[-71.08702826835074,42.40147334922383],[-71.08699759939597,42.40146369619654],[-71.08692706733041,42.4014572311245],[-71.08685889814683,42.401460947658315],[-71.08677893953983,42.40146570215786],[-71.08673064688082,42.40147624208402],[-71.08667531673645,42.40148558635092],[-71.0866027158023,42.40149828961893],[-71.0865361699686,42.40151380546419],[-71.08647314372057,42.40152978405789],[-71.0864065565925,42.40155160164161],[-71.08633085639013,42.4015738365707],[-71.08626926879005,42.40159270112086],[-71.08621525517587,42.40160502082463],[-71.08615803328205,42.40162498134827],[-71.08611587631951,42.40164454588283],[-71.08608973541611,42.4016668688464],[-71.08606981061942,42.40170451892558],[-71.08604956563812,42.40175396152022],[-71.08605237364738,42.40180744826471],[-71.08603759062129,42.40189463224191],[-71.08602972769997,42.401963835504446],[-71.086029201247,42.40204422862924],[-71.08602298344411,42.402121900439816],[-71.0860161954229,42.402193898432756],[-71.08599892802738,42.4022709002957],[-71.08599225022981,42.40234460921353],[-71.08597991170315,42.40241091546897],[-71.08595960333419,42.40246999080933],[-71.08593740389416,42.402521046849145],[-71.08591091936583,42.40257721906253],[-71.08590028897856,42.402605269550705],[-71.0858799109202,42.40263787639102],[-71.08591217351545,42.40268246631111],[-71.08595842702515,42.402742321288706],[-71.08599172401435,42.4028144634742],[-71.08602077317886,42.402904595968295],[-71.08605986033284,42.403038608190606],[-71.08608882894161,42.40314107420718],[-71.08609603185147,42.40320979146911],[-71.0861021084826,42.4032650004806],[-71.08611703124703,42.40330493654608],[-71.08612899092641,42.403333608455235],[-71.08614478518173,42.40335176087755],[-71.08616485385907,42.40334787181091],[-71.08620786526394,42.40334640595973],[-71.08624179991567,42.40333977586542],[-71.08626327919347,42.403361639857074],[-71.08627105639246,42.40337976344059],[-71.08627403376109,42.40340741273535],[-71.08625205874219,42.4034241689695],[-71.08621202101503,42.40343527852332],[-71.08618542946833,42.403452108174385],[-71.08616114998986,42.40346831593722],[-71.08616711282765,42.40350380840411],[-71.08620884774815,42.40351179090053],[-71.08625199968053,42.40352599040677],[-71.08628732196964,42.40353007861751],[-71.08631757555972,42.40354765279554],[-71.08632534985152,42.403566226503955],[-71.08631600736057,42.40360166394747],[-71.08628527876331,42.40363810485023],[-71.08625269850174,42.403660494723006],[-71.0862312382343,42.40369138719579],[-71.08622569076475,42.40372233687611],[-71.08622804671057,42.40377069037053],[-71.08622005505947,42.40380388196202],[-71.08622571659764,42.40382974034609],[-71.08622880070808,42.40385964072221],[-71.08623911481887,42.403898479860544],[-71.08626200667608,42.40394582684385],[-71.08627190514316,42.40399249691779],[-71.08628571195578,42.40403594003272],[-71.08627605680513,42.40406345388405],[-71.0862511550212,42.4040819101265],[-71.08622694838733,42.40408695469517],[-71.08619706612774,42.4040868472579],[-71.08615376406232,42.40407696853706],[-71.08611594826606,42.404045502816345],[-71.08609606028328,42.4040032081744],[-71.08607971801506,42.40395741518978],[-71.08607103795502,42.4039102093127],[-71.08608036938904,42.40385793661964],[-71.0860948214968,42.40380280144599],[-71.08609211955222,42.40377020160071],[-71.0860908753164,42.403756152761275],[-71.08612306174578,42.403719717153436],[-71.08611841677939,42.40366847452887],[-71.08609102714028,42.403621651505176],[-71.08606805064159,42.403587268208376],[-71.08602323168793,42.40354938527753],[-71.08598039997395,42.403523393171504],[-71.08594006435627,42.40350578263217],[-71.08588672364937,42.40348929564806],[-71.08584797425716,42.40348915621294],[-71.08581639584722,42.40346986661116],[-71.08582808662871,42.403446861519136],[-71.08587483427384,42.40341281910669],[-71.08591487323427,42.40338298385302],[-71.08591528190223,42.40332059592765],[-71.08588937264331,42.40325181134779],[-71.085864769518,42.403206168654656],[-71.08584313716999,42.40315207401505],[-71.0858209711991,42.40310526971768],[-71.08579313625366,42.40305232310893],[-71.08577019380006,42.40299426250623],[-71.08575229415119,42.40294522284907],[-71.08574454966039,42.40290360203807],[-71.08572923744664,42.402867535721406],[-71.08570178236201,42.40283079549435],[-71.08564031508797,42.40279402283606],[-71.08560620815175,42.40275284726366],[-71.08552500384955,42.402725006274274],[-71.0854697574425,42.40272138623245],[-71.08540830485549,42.402719454339056],[-71.08535836947993,42.40272098497238],[-71.08529789909714,42.4027359818236],[-71.0852377598109,42.40277456717345],[-71.08519478436688,42.40280763261986],[-71.08515569297032,42.402841162190704],[-71.08511547781951,42.40286082338464],[-71.08508171323011,42.40286007146398],[-71.08501110533764,42.4028649484798],[-71.08496273476521,42.40286864525636],[-71.08491201517607,42.402860089731924],[-71.08487962696215,42.40285322081188],[-71.08480605004635,42.40282927803114],[-71.08470917316703,42.40278337432228],[-71.08465082096559,42.40275327444609],[-71.08459371960606,42.40271768734625],[-71.08455684521032,42.40269108600787],[-71.08452573140498,42.40265667301688],[-71.08449720932742,42.4026160574414],[-71.0844664712441,42.40257993525778],[-71.08445127819502,42.40252586359309],[-71.08444215110366,42.402491439935986],[-71.08443817308377,42.4024498326293],[-71.08446560103374,42.40239816555573],[-71.08450167531693,42.40236165439826],[-71.08455730136697,42.40232593403366],[-71.0846188799335,42.40229014509869],[-71.08466736579581,42.40225034764872],[-71.08471007927356,42.40222016234652],[-71.08475651094004,42.40219719268559],[-71.08479564615969,42.40217545707452],[-71.08482541852638,42.402136672378255],[-71.08482370830683,42.40208264939653],[-71.08484381396434,42.402036087411645],[-71.084864372951,42.401994478599285],[-71.08488926753338,42.401958557186866],[-71.08490143421831,42.40190008285576],[-71.08490016902478,42.4018522734112],[-71.08490065671452,42.40177800204879],[-71.08487297474237,42.40172046431834],[-71.08483953534737,42.401670288109386],[-71.08479985003967,42.401609376020616],[-71.08473662514668,42.40156305355038],[-71.08463503963793,42.40151308150639],[-71.08456920143304,42.401476292482016],[-71.08447818284444,42.40144499424486],[-71.08435505242007,42.40140187631825],[-71.08426738411582,42.401359876676416],[-71.08418459904844,42.40135111495752],[-71.0840829023723,42.40131815731891],[-71.08400579018524,42.40129645193478],[-71.08394867510692,42.40128166092482],[-71.08389490247185,42.40127579474777],[-71.08385616510792,42.40127403417575],[-71.08380845751452,42.40128790603061],[-71.0837757490069,42.40131137508614],[-71.08372487652223,42.40138159301414],[-71.0836890339513,42.40143827105545],[-71.08362855465256,42.40151007469187],[-71.08358015854044,42.40159155501784],[-71.08350901932847,42.40167727436354],[-71.0834655529746,42.40172951336836],[-71.08343431641563,42.40176919269943],[-71.08341540075688,42.40181935987336],[-71.08340467194157,42.40188063012731],[-71.0833994127458,42.40194138001095],[-71.08340258782543,42.401975692184145],[-71.08341738651828,42.40201571819799],[-71.08341414631593,42.402046586083195],[-71.0833801802985,42.40209489820788],[-71.08333389501824,42.40213245238605],[-71.08327364076004,42.4021699559647],[-71.08322891249786,42.40221084677533],[-71.08318794534807,42.40227083713162],[-71.08316481947517,42.402314687049625],[-71.08313958242304,42.40240237296286],[-71.08310686501046,42.402500745106686],[-71.08306620471436,42.402587834961956],[-71.08302239796629,42.402673112841086],[-71.08296059750069,42.40276075625658],[-71.08292502521508,42.40283147939654],[-71.08288285246603,42.40290839053528],[-71.08285327958738,42.402971933153985],[-71.08282641368551,42.403085451122415],[-71.08281194311891,42.40316138230768],[-71.08280394282781,42.403250841145926],[-71.08280059828756,42.40329746352886],[-71.08280321144251,42.403361662968855],[-71.08283256108517,42.40340561299558],[-71.08286168208338,42.40344740151341],[-71.08292181040078,42.40344761943283],[-71.08296620952355,42.40345678312584],[-71.08299680103325,42.40347823060907],[-71.08299848386979,42.40351775899851],[-71.08299824335491,42.40355421946673],[-71.08298859666958,42.403598658344585],[-71.08293034523088,42.40360853039802],[-71.08286377726454,42.40362692493907],[-71.08281574782198,42.403634043115524],[-71.08276827080495,42.40363108013887],[-71.08273298706663,42.40360277345565],[-71.08271771929947,42.40352340343161],[-71.08270996437129,42.40344685151246],[-71.08271045464659,42.403372580187344],[-71.0827266438057,42.40329395440892],[-71.08272515427646,42.40322516761141],[-71.08273941316834,42.40316291992762],[-71.08275108702632,42.4030874287518],[-71.08277098282335,42.403017729173705],[-71.08279941741773,42.402961024579035],[-71.08283837773787,42.402873928661585],[-71.08288149347639,42.402782976585655],[-71.08291031039026,42.402668295303606],[-71.08295064840287,42.40255644663072],[-71.0830228844975,42.40237836286455],[-71.08306471216036,42.40228002374649],[-71.0830945326754,42.40217885024672],[-71.08315055079083,42.40206534776162],[-71.08320050872152,42.40196820840101],[-71.08326110842697,42.401859854048496],[-71.08332175165918,42.401763293492294],[-71.08336561298209,42.401688008794274],[-71.08341974676014,42.40162068373017],[-71.08348494881352,42.401551147997765],[-71.08353447654753,42.401500731479594],[-71.08359336204217,42.40143117282635],[-71.08361961935663,42.40139129537886],[-71.08365554022693,42.40132273394004],[-71.08369766651461,42.40125257443178],[-71.08374714291836,42.40119144429699],[-71.08378946038444,42.401129117885155],[-71.08377879094286,42.40108919687311],[-71.08373864432825,42.4010063158927],[-71.08372871689528,42.40092750544073],[-71.08369953561984,42.400839622534356],[-71.08367858025971,42.40077535672683],[-71.08366156988387,42.40072073818821],[-71.08362364544487,42.400669375018275],[-71.08359418207587,42.40064280016598],[-71.08355784676898,42.40060836799803],[-71.08350062222048,42.400591865831466],[-71.0833989673107,42.4005712415723],[-71.08331843623955,42.400552404241154],[-71.08322946888345,42.4005419089117],[-71.0831365920946,42.40053482041869],[-71.08305936099812,42.400549755382606],[-71.08294848295677,42.40058311414692],[-71.08291440362531,42.40063025537384],[-71.08289116175054,42.40065492885498],[-71.08285576878427,42.40069864423662],[-71.08280598632287,42.40075086010965],[-71.08275501941988,42.400798480235565],[-71.08273927599683,42.40080967666274],[-71.08270851436636,42.4008326123086],[-71.08268507397553,42.40085053292336],[-71.08264009657627,42.40087404719736],[-71.08257699963684,42.40088228099169],[-71.08251710955918,42.4008831440841],[-71.08245817634601,42.40088626131845],[-71.08242153035499,42.4008805466156],[-71.08237055654702,42.400855603930864],[-71.08233686536238,42.40080713659506],[-71.08232451136311,42.400783324350975],[-71.08230178028201,42.400749031186855],[-71.08224793962812,42.40071678576807],[-71.0822003635002,42.40069239550814],[-71.08212803869337,42.40066332393627],[-71.08207867583246,42.40065198120721],[-71.0820325681236,42.40062597570444],[-71.08196303782518,42.40063355560026],[-71.08191032399827,42.40065136971992],[-71.08185822998438,42.400648929752535],[-71.08177689784911,42.40062270612968],[-71.08169031594282,42.40060051462995],[-71.08163495141058,42.40057834652637],[-71.08157952316043,42.40056581116765],[-71.08152560594638,42.4005819102029],[-71.0814809350104,42.40059579213724],[-71.08141891423966,42.4005882742981],[-71.08133444138389,42.400577793850104],[-71.0812354354079,42.400579144163245],[-71.08117833513808,42.40058064690601],[-71.08113846452244,42.400585003201755],[-71.08110626891768,42.40058596635368],[-71.08107705530809,42.400576857207525],[-71.08103508779787,42.40056770162356],[-71.08098163508797,42.40056867737935],[-71.08090915342514,42.40056337187835],[-71.08083781092883,42.40055113831911],[-71.08072687241864,42.40053849038106],[-71.08063454508186,42.40052185889356],[-71.08059467864665,42.40052558481968],[-71.0805345083157,42.400532117626724],[-71.08048032324929,42.400533630648695],[-71.08044849367035,42.40051604916707],[-71.08042178060455,42.40049623562891],[-71.0804006059763,42.40048382458033],[-71.08036585545032,42.40048540840608],[-71.080352767346,42.40051741067697],[-71.08032150418778,42.4005425945621],[-71.08029236509446,42.40055887340561],[-71.08026111132965,42.40056434115981],[-71.08020903957004,42.40055856948767],[-71.08015218811062,42.400540896648444],[-71.08008577983594,42.400535612785355],[-71.08003488569378,42.400535427072],[-71.07997280768988,42.40051827523931],[-71.07992869886162,42.40050235932969],[-71.0798795106351,42.400483093821386],[-71.0798037519911,42.40045913984768],[-71.07974684447858,42.400449929242086],[-71.07968650601983,42.40044520748171],[-71.07959092945815,42.400424061883854],[-71.07951440447735,42.400405776688444],[-71.07946957124229,42.40038922775834],[-71.07940928497041,42.40037667359958],[-71.0792990912791,42.400306949197834],[-71.07921288459089,42.40022857967229],[-71.07909608931921,42.400147037253824],[-71.07900394127823,42.400085391062305],[-71.07891798452103,42.40002430761791],[-71.07884723831322,42.399977414184356],[-71.07874945120409,42.39992357959251],[-71.07865728376436,42.39984671829787],[-71.07856602824877,42.39977886307692],[-71.07850646148269,42.39973138017151],[-71.0784173290111,42.39967307558453],[-71.07835415353763,42.39963854342563],[-71.07826678188826,42.39957124236048],[-71.07818838445257,42.399524320473844],[-71.07812539499847,42.399480155861134],[-71.0780419955403,42.39943654657619],[-71.07798846667832,42.399412672900375],[-71.07789295111073,42.39936451766884],[-71.07780698919251,42.39930451369521],[-71.07775492410107,42.39926155931856],[-71.07769323341986,42.399223071001344],[-71.07765966572369,42.3991931485071],[-71.07763655892057,42.399161013693316],[-71.07762473199628,42.39911316535406],[-71.07762022470564,42.39907875806864],[-71.07762478863941,42.39905014587672],[-71.07763062991542,42.39892124704238],[-71.07764416233191,42.398822895966745],[-71.07763892763407,42.398697377543606],[-71.07764574111673,42.39858657792081],[-71.07763376589463,42.39847003756515],[-71.0776422425339,42.39836482578534],[-71.07763842986625,42.39828099559594],[-71.0776417263139,42.398187558485574],[-71.07764225257458,42.398108785793305],[-71.0776255163492,42.39803220044567],[-71.07761361573861,42.397959053912444],[-71.07759111439653,42.39789091004207],[-71.07756933579975,42.39784185478657],[-71.0775295485423,42.3978157806211],[-71.07747112740824,42.39777901470395],[-71.07742003048249,42.39777315530789],[-71.07737253946341,42.39777298090544],[-71.07731424930274,42.3977711463115],[-71.07725405370438,42.397763632914824],[-71.07718886275111,42.397740256178274],[-71.07716784907394,42.397722173338856],[-71.07713885834544,42.39768002366654],[-71.07712828160193,42.39762695821803],[-71.07712020874669,42.39756273847762],[-71.07711976541941,42.39752006350208],[-71.07712011950004,42.39746712824633],[-71.07711698599388,42.39742714422887],[-71.07711415605,42.39739625417061],[-71.07709554840237,42.3973635055675],[-71.07706352401675,42.3973572659597],[-71.07701979133094,42.39735818556115],[-71.07694471423336,42.397360160285764],[-71.0768691024874,42.3973694252767],[-71.07682071134388,42.39743118671084],[-71.07679219678965,42.39753569457126],[-71.07679041422136,42.39763868022814],[-71.07678822990178,42.39774724615067],[-71.07679731489064,42.39785981475276],[-71.07681051719261,42.39795610339704],[-71.07682392053957,42.39804050906129],[-71.07683891281864,42.39810529442901],[-71.07685686005635,42.398200430143824],[-71.0768628848485,42.398298402916716],[-71.07686674624738,42.398392946663094],[-71.07685675051592,42.39850715561806],[-71.07684827599373,42.398666294202144],[-71.07684445703077,42.39880132235942],[-71.07685290121435,42.398918930147296],[-71.07687114500462,42.39902424010952],[-71.07687532565853,42.39912553712246],[-71.07687513344761,42.39915425538745],[-71.07688440029595,42.39918525913371],[-71.07687911446882,42.399212788304936],[-71.076868533062,42.39923300572705],[-71.07685451693341,42.3992582520937],[-71.07682634295496,42.3992936195761],[-71.07680315738115,42.39932774500211],[-71.07677994767512,42.399365471459326],[-71.07678588710553,42.39942176087664],[-71.07679303942972,42.39951460616886],[-71.07679134172943,42.39956861679544],[-71.076781899539,42.39960009191206],[-71.0767743395677,42.39962257113832],[-71.07675703595179,42.39964897576659],[-71.07672916494838,42.39967534152564],[-71.07668399357323,42.39970947608737],[-71.07664675469954,42.39973805806997],[-71.0766295854055,42.399780668233035],[-71.07662311969999,42.399839252746965],[-71.07662465890283,42.399881481593376],[-71.07662827506284,42.39992191751804],[-71.07661356032145,42.399960755526436],[-71.07659310717742,42.40000398379755],[-71.07656031792463,42.4000573398512],[-71.07651406531163,42.40010776545333],[-71.07645966301122,42.40015987157733],[-71.07638711285716,42.40021929317991],[-71.07635144616191,42.400266966810165],[-71.07630790287362,42.400311820559416],[-71.07626907736338,42.40035957256201],[-71.0762331142955,42.400397071888],[-71.07622104834469,42.40042124501634],[-71.07621003031186,42.400452174109766],[-71.07616034878444,42.400488542556666],[-71.07610769226213,42.40053381280589],[-71.0760844738504,42.40057270944846],[-71.07600217017885,42.400673597830306],[-71.0759416175764,42.4007370245863],[-71.07587680689132,42.40080142592659],[-71.07582095377606,42.40087045167903],[-71.07576661855043,42.4009304801899],[-71.07571353234714,42.40100347732462],[-71.07567025098062,42.401063456513114],[-71.07558938249018,42.40113130957603],[-71.07554595590612,42.40117670363093],[-71.07549202626993,42.40123052156762],[-71.07541184089584,42.40128703348549],[-71.07533429318686,42.401348686681246],[-71.07525561472964,42.401397821747345],[-71.07513934992525,42.40147274609569],[-71.07504489472743,42.40153775774386],[-71.07495857827963,42.40160270934511],[-71.07484643478372,42.40167881898273],[-71.07476627889645,42.401748834769975],[-71.07466405257495,42.401813277221706],[-71.07459752347786,42.401861916569366],[-71.07453396586745,42.40190219425261],[-71.07447831513556,42.40194079060265],[-71.07439772935842,42.401984336287605],[-71.07435130196491,42.402006131434405],[-71.074318695282,42.402031938918945],[-71.0742725075526,42.402090286319236],[-71.07422127524435,42.4021581580133],[-71.07415788440973,42.40222769522889],[-71.07409851994717,42.40227654085287],[-71.07406748120137,42.40230397457327],[-71.0740443391361,42.4023312574564],[-71.07401206562871,42.40236165751792],[-71.07396230173049,42.40239181276801],[-71.07392838886598,42.4024131139021],[-71.07390652096994,42.40244958433752],[-71.07390133633889,42.40249791021516],[-71.07390776291004,42.40253565576939],[-71.0739167214281,42.40255819595357],[-71.07391188167692,42.40259139839213],[-71.07387665568265,42.40262727919553],[-71.0738559755831,42.40264970963958],[-71.0738406171682,42.40269358646531],[-71.07384054937623,42.40273968058326],[-71.0738170603283,42.40278235693281],[-71.07377352861285,42.402806953438336],[-71.07372434058345,42.40282369653545],[-71.07365643159602,42.40286053654691],[-71.0736222414609,42.40290488374635],[-71.073598448539,42.40295656173067],[-71.0735644982391,42.40303737116499],[-71.0735375579248,42.403123428191385],[-71.07350532627022,42.403201543132475],[-71.0734826646346,42.40326555912583],[-71.07345166275749,42.40332342229534],[-71.0734052758725,42.40339302210465],[-71.073364609581,42.40346093256802],[-71.07333665588345,42.40349909086126],[-71.07329633454819,42.40353387225595],[-71.07325928940351,42.40353319473276],[-71.07320857928515,42.403541379300606],[-71.07317778196581,42.40355089808993],[-71.07315472892168,42.403582862577984],[-71.07315101647993,42.40362894317022],[-71.0731139977972,42.403660315683865],[-71.073083143863,42.403678206846344],[-71.07301737751062,42.40372135638935],[-71.07300931111607,42.403728618734384],[-71.07298639459698,42.403758332993284],[-71.07293837074096,42.40381838356383],[-71.07292326573442,42.403878556274826],[-71.07290807319531,42.40400561949391],[-71.07289413757903,42.4040365374249],[-71.07287031705708,42.40407417077189],[-71.07284378658781,42.404099370186216],[-71.07279575524375,42.4041424953947],[-71.07281052846179,42.404221324764585],[-71.07278624420896,42.404327557735385],[-71.07275457230497,42.40444843784347],[-71.07273624029195,42.4045366872885],[-71.0727090745049,42.4046378679689],[-71.07267848010704,42.404779008354666],[-71.07265690118827,42.404934226575335],[-71.07262147346974,42.40508948338964],[-71.07258603975706,42.40522763484243],[-71.072558664298,42.40534177872824],[-71.07251410294266,42.40550033261087],[-71.07248786985038,42.40564310962347],[-71.07246388774041,42.40574043084409],[-71.07244738500039,42.405827516650106],[-71.07245039053427,42.40588604601825],[-71.07245393830134,42.40595421039605],[-71.0724514850286,42.406029554720206],[-71.0724522044445,42.40612075575674],[-71.0724371891357,42.40623935687828],[-71.07245006382495,42.40634743830039],[-71.07247099409452,42.40643196230782],[-71.07250379172535,42.40650410652661],[-71.07252695128561,42.40654641567361],[-71.0725482896036,42.406570622425726],[-71.07259971935508,42.40661807811444],[-71.07267669742444,42.4066420413057],[-71.07266170615918,42.40666728350927],[-71.07265508891814,42.40669372716755],[-71.07264857062972,42.40672350222822],[-71.07264318311881,42.40676570534882],[-71.07265701257211,42.40682247432772],[-71.07265932660594,42.40687550940127],[-71.07266173266247,42.40695087175493],[-71.07267062660698,42.40700096033376],[-71.07268215450507,42.40707473604862],[-71.07270309005308,42.40712261863055],[-71.07272763529981,42.40717564620306],[-71.07275310760716,42.40721733368618],[-71.07279872592639,42.40726197683621],[-71.07286016695708,42.40730217729075],[-71.07291061858312,42.40733270394077],[-71.07295240345925,42.4073514047477],[-71.07299661717815,42.40738821017203],[-71.07301643679364,42.40742150402124],[-71.07304345807691,42.40748570417473],[-71.07304319599477,42.40752450525597],[-71.07304645268802,42.4075459439927],[-71.07304912874278,42.40756341934485],[-71.07304853188624,42.40761581340614],[-71.07306467703339,42.40770752176196],[-71.07306851460623,42.40778685063054],[-71.07309096534622,42.407862287307545],[-71.07308331514244,42.407951746721444],[-71.07316617195683,42.40791496250583],[-71.07321542479198,42.40790722268825],[-71.0732305186008,42.4079207828494],[-71.07323149756718,42.40795571732626],[-71.0733201702288,42.40808316555316],[-71.07332394317956,42.40815412156586],[-71.07334175141163,42.40821549661535],[-71.07334719109393,42.40829150036847],[-71.07336334053839,42.408364662924456],[-71.07337890513853,42.40841648668603],[-71.07337914323935,42.40841720779213],[-71.07342579731885,42.40843457604807],[-71.07365919929721,42.408519977082],[-71.07374474193762,42.40867946331029],[-71.07378501742569,42.408868130956144],[-71.07380172563394,42.409056711313845],[-71.07362463312477,42.409303992335445],[-71.07355235348588,42.40939339237143],[-71.07355797996426,42.409405747043074],[-71.07361021338728,42.40947859308825],[-71.07363316642567,42.40951576961939],[-71.07362435528294,42.40952527993924],[-71.0736006017529,42.40955274048758],[-71.07366905328554,42.40959863820803],[-71.07368737855177,42.40965551369947],[-71.07370511150975,42.409674125129044],[-71.07371125383338,42.40971808150107],[-71.07368465332539,42.40975336395006],[-71.0736561272691,42.40978593842277],[-71.0736282432153,42.409813383675434],[-71.07361617447081,42.40983755647669],[-71.07363518308449,42.409883181015466],[-71.07365998768704,42.40991604305604],[-71.07367052705885,42.40993849904396],[-71.07365040637032,42.409967683586586],[-71.0736232851446,42.40999009009983],[-71.07357834406025,42.410042769994945],[-71.07355348906371,42.410071396813095],[-71.07353107891342,42.410115787568245],[-71.07350284902078,42.410194457386645],[-71.07350844518004,42.410247324503224],[-71.07351250335662,42.41029406402266],[-71.0735116796795,42.410362122065514],[-71.07352839899681,42.41040494726837],[-71.0735452817316,42.410441561148616],[-71.07356922944518,42.410493415915724],[-71.07358056527036,42.41057790408116],[-71.07357240699014,42.41063468145969],[-71.07355306051619,42.410693127915785],[-71.0735236531998,42.41074820605877],[-71.07351039245506,42.410822970103666],[-71.07351451140894,42.41089671820901],[-71.07352878233056,42.41099634193207],[-71.07351897599413,42.41104528076897],[-71.07349826262586,42.4111082235404],[-71.07351352004633,42.41115167351537],[-71.07354530811072,42.411193924344474],[-71.0735535880421,42.41128119204033],[-71.07353630662264,42.411339646136184],[-71.07350455672317,42.41141776272485],[-71.07345304326718,42.41150804985746],[-71.0734196263584,42.4115991242569],[-71.0733781115606,42.41171996785757],[-71.07332967618608,42.411804144443295],[-71.07331822167694,42.41182723914599],[-71.07330261093553,42.411890110759245],[-71.0733053284476,42.41193747549291],[-71.07330436729913,42.411989868149746],[-71.07332421216415,42.412037656483704],[-71.07333746207435,42.41209055195636],[-71.07336014557968,42.41213177877063],[-71.07337874470198,42.41216614832409],[-71.0733859160636,42.41220164588205],[-71.07340827345496,42.41223719972149],[-71.07342937831943,42.41227833064184],[-71.07343713103852,42.412317701548005],[-71.0734289457254,42.41234242887572],[-71.07341783313935,42.412368855883585],[-71.07340259054351,42.41239517755594],[-71.07340524742472,42.41243353927062],[-71.07339719872736,42.41247402197693],[-71.07340613963603,42.41249935294134],[-71.07341824290428,42.4125241554575],[-71.07344906699653,42.41254731681907],[-71.0734779697682,42.41256714002215],[-71.07352533157346,42.412588111945716],[-71.07356414301482,42.412597888719134],[-71.07359275790455,42.41260636731681],[-71.0736426515779,42.41261222389159],[-71.07370319130129,42.41260677636374],[-71.07381636960774,42.412578476582844],[-71.0739060543543,42.41255693184216],[-71.07401582715552,42.412529159426136],[-71.07418802525889,42.41246848760423],[-71.0743188528967,42.41243521105965],[-71.074344912076,42.41242630464329],[-71.07436889442447,42.412419101070654],[-71.0744085378748,42.412413575901134],[-71.07447806688558,42.41240825123106],[-71.07459044375805,42.41240866661269],[-71.07470230109098,42.41243212709507],[-71.07480421194678,42.41247130560049],[-71.07488562926635,42.41252283217172],[-71.07496547886615,42.41257264236623],[-71.07504537442126,42.41263370615465],[-71.07509476805998,42.41267782208734],[-71.07515625333303,42.41271243967643],[-71.07518564422432,42.41276818535832],[-71.07522545977268,42.412809384992144],[-71.07527469044341,42.41285971216433],[-71.0753258437619,42.412931292977774],[-71.07535527603348,42.4129809168723],[-71.07536484762552,42.41300291897506],[-71.07537464450905,42.41306372390485],[-71.07537789078728,42.4130868730337],[-71.07538440028522,42.41313065057385],[-71.07539358136226,42.41317461802379],[-71.07541376489647,42.4132084529122],[-71.07543402041516,42.41323157475042],[-71.07546347055155,42.41324239668412],[-71.07550538464311,42.413242551264204],[-71.0755659205779,42.413237732936686],[-71.07564694662496,42.41322110644475],[-71.07570434675155,42.41321285542642],[-71.07571881917748,42.413210658076764],[-71.07580928330769,42.41319973801226],[-71.07592894246106,42.41318334371424],[-71.07603952422436,42.41316178427229],[-71.07611924747029,42.413140111091465],[-71.0761810567148,42.41312656443041],[-71.07629641344137,42.41306324941048],[-71.07713261950992,42.413285452150475],[-71.07931043996092,42.4149382399536],[-71.07991045432715,42.41516604083846],[-71.08106879740508,42.41509382876528],[-71.08172421360017,42.41515770117792],[-71.08349088733632,42.41600739700384],[-71.08424927188976,42.41650736166478],[-71.08430758967556,42.41661848641727],[-71.08555758085046,42.41772961396343],[-71.08587981735332,42.41791289963499],[-71.08868792997207,42.42490172569763],[-71.08944605584114,42.42662386666265],[-71.08906250168313,42.429115448162236],[-71.08803183203919,42.429026598995684],[-71.0856386615597,42.44468761580398]]],[[[-71.08489181853523,42.40255050059809],[-71.0848871317197,42.40259828856631],[-71.08489963835055,42.40263605541218],[-71.08492859544697,42.402665959122814],[-71.08496695746307,42.4026695185366],[-71.08501060946988,42.40266292384795],[-71.08506890816673,42.402645668617524],[-71.0851648186167,42.40259820949806],[-71.08525734588072,42.402566493008074],[-71.08535918588656,42.40255947767082],[-71.08546690364003,42.402545281174206],[-71.08558918283934,42.4025519334811],[-71.08570193256051,42.402566923958],[-71.08573708508317,42.40255975822873],[-71.08575550846784,42.402528854909384],[-71.08575583646756,42.4024788005181],[-71.08576712261765,42.402443370105956],[-71.08580554066396,42.40240128524213],[-71.08584588034496,42.40236253831691],[-71.08587731499995,42.40231097535674],[-71.0858867277421,42.402246279086825],[-71.08589036833952,42.40217264927241],[-71.08589025933514,42.40207802943716],[-71.08588492598618,42.40200211662856],[-71.08586809091491,42.401901854865265],[-71.08584239163702,42.40181965682994],[-71.08581201057667,42.40174752507615],[-71.08580000423753,42.40168896364991],[-71.08578955871705,42.40163319870799],[-71.08576462063718,42.40163878071462],[-71.08572634350206,42.40164089363489],[-71.08568632222821,42.40163111656405],[-71.08566337601037,42.40162932342149],[-71.08561520804906,42.40163932316108],[-71.08556140474259,42.40165659485711],[-71.08549497654488,42.40165410491963],[-71.08543914543111,42.40166569748935],[-71.08539595405037,42.401676255232076],[-71.08537131402196,42.4017104671397],[-71.08537102646409,42.401754309752064],[-71.08537865205237,42.401795480032334],[-71.0853889173149,42.40186015713553],[-71.08539632167586,42.40191654135218],[-71.08538843974598,42.40198853537322],[-71.08534965709235,42.40204916456021],[-71.08531511905495,42.402073797820876],[-71.08528468927065,42.402083231140324],[-71.08526602363794,42.402095497715244],[-71.08525025848272,42.40211002544041],[-71.08522872796149,42.40215163081834],[-71.0852082132503,42.40220503352326],[-71.08519311698471,42.402247202251935],[-71.08517253627427,42.402292142078274],[-71.08512299469699,42.40232626416908],[-71.08507199543499,42.40236038098295],[-71.08504260288687,42.402396826381974],[-71.08501947470853,42.40244121682661],[-71.08498948183731,42.4024765797108],[-71.08494952221834,42.402494351181026],[-71.08491843990423,42.402510624179186],[-71.08489181853523,42.40255050059809]]],[[[-71.07163438839228,42.406356199010474],[-71.0715671356304,42.406438864469976],[-71.07136384590474,42.40673339937558],[-71.07129660140356,42.40692220770249],[-71.07143661988756,42.40714446808268],[-71.07167812017885,42.40728860158422],[-71.07196744403532,42.40743885427838],[-71.07196672186737,42.40743786128499],[-71.07195229741247,42.40741521061915],[-71.0719064064495,42.40733914635588],[-71.07191932937971,42.40731443672805],[-71.07191898247076,42.407222156761],[-71.07188815841154,42.40703802491909],[-71.07184529695478,42.40698105782463],[-71.07181500512759,42.40691567484571],[-71.07179138354873,42.40683402160871],[-71.07170479459347,42.40665076254766],[-71.07170389048173,42.406640766076144],[-71.07165983481876,42.40658082353785],[-71.07165262350357,42.406533532002825],[-71.07165567247849,42.406495911648335],[-71.0716627008308,42.40644471187584],[-71.07165627520288,42.40640696623122],[-71.07163438839228,42.406356199010474]]],[[[-71.07247910753807,42.41051304938189],[-71.07243552733884,42.41057986826469],[-71.07246285568641,42.41067062787495],[-71.07244825828013,42.41072729123063],[-71.07243093031607,42.410792497091016],[-71.07240586134849,42.41085263262878],[-71.0723911874325,42.41090263362649],[-71.07238502845495,42.41095104575374],[-71.07238636081934,42.410969596450094],[-71.07244036534308,42.41094224853215],[-71.07247409299131,42.41093112032516],[-71.07252575086028,42.4109094354084],[-71.07251828475917,42.41084575795708],[-71.07252099694018,42.41076807395378],[-71.07253239118522,42.410682049598165],[-71.07255913424324,42.41060787589527],[-71.07258020153952,42.41052863954615],[-71.07259942007306,42.410471273107945],[-71.07260722153487,42.410449425295496],[-71.07253066391011,42.410434466448734],[-71.07247910753807,42.41051304938189]]],[[[-71.07241400802377,42.411103030468915],[-71.07235031824364,42.41114330640645],[-71.07231647594037,42.4111713593947],[-71.07228012407809,42.41121119670121],[-71.07227762800397,42.41131075827183],[-71.07227244068807,42.41139509512652],[-71.07227572965795,42.411501520309315],[-71.07228436964455,42.411571233997236],[-71.07232962826846,42.41170536365332],[-71.07234835815194,42.41179213009039],[-71.07238743005428,42.411906970764385],[-71.07243592059922,42.412012393481405],[-71.07248435100601,42.41209080759029],[-71.07252831387414,42.41216515383142],[-71.07256207935782,42.41218445515967],[-71.07256074265457,42.41216653464998],[-71.07254745623982,42.412119130651064],[-71.07253313331485,42.41200942351349],[-71.07252836711841,42.41186986260865],[-71.07254438570519,42.41180069066055],[-71.07254386705654,42.411715702418],[-71.07252299156391,42.41162280614772],[-71.07249469842364,42.41151295707972],[-71.07249511425528,42.411379627327115],[-71.07250006285392,42.41127665380376],[-71.07251454340388,42.41120135424151],[-71.07252137792906,42.41114286149565],[-71.07250781379182,42.41111859361639],[-71.07249100334802,42.41110727769456],[-71.07245727956622,42.41109986017496],[-71.07241400802377,42.411103030468915]]]]},"properties":{"TOWN":"MEDFORD","TOWN_ID":176,"TYPE":"C","COUNTY":"MIDDLESEX","FIPS_STCO":25017,"FOURCOLOR":3,"POP1960":64971,"POP1970":64397,"POP1980":58076,"POP1990":57407,"POP2000":55765,"POP2010":56173,"POP2020":59659,"POPCH10_20":3486,"AREA_ACRES":5406.88612,"AREA_SQMI":8.44821,"SHAPE_Leng":31382.8355841,"SHAPE_Area":21889820.2843}},
{"type":"Feature","geometry":{"type":"Polygon","coordinates":[[[-71.07268844084315,42.37322181255429],[-71.07274807080904,42.37321282501184],[-71.07276974069516,42.37320660618851],[-71.07281033853785,42.373189904491625],[-71.07286324763409,42.37316785757721],[-71.07290577022022,42.37314858727287],[-71.07299444508764,42.37310527506596],[-71.07304169817958,42.37308219515166],[-71.07308163554083,42.373061330682],[-71.07315901183728,42.37301828431351],[-71.0732378027386,42.37297466605719],[-71.07332715475403,42.37292647655106],[-71.07341363623802,42.37287938638421],[-71.07346597738834,42.372850386871754],[-71.07348253734055,42.372839211793384],[-71.07349941855034,42.37282792896906],[-71.07351780227592,42.3728143946936],[-71.07356308421757,42.372781435611046],[-71.0735861951948,42.372765474570016],[-71.07364322830415,42.37272809449311],[-71.07368591565002,42.372700333004886],[-71.07371015701555,42.37268580218266],[-71.07378451096874,42.37264122991007],[-71.07382229675974,42.372620121335906],[-71.07385722523814,42.37260231431984],[-71.07388732163922,42.37258987491015],[-71.07392290183574,42.37257516817565],[-71.07394072297268,42.37256780231523],[-71.07396595004838,42.372559770660224],[-71.07400105842946,42.37254859127893],[-71.0740392424614,42.372540623796155],[-71.07406426725335,42.372535402066376],[-71.07408698981052,42.37253291498124],[-71.07413279699368,42.37252790252535],[-71.07418092512924,42.37252711108546],[-71.07420205001851,42.37252676434745],[-71.0742246886955,42.37252807883635],[-71.07426063895895,42.372530166419395],[-71.07428854413794,42.37253425796616],[-71.07433156682403,42.37254608759702],[-71.07435238738829,42.37255181214053],[-71.07438227969519,42.372563909166246],[-71.07442850642198,42.37258261620356],[-71.07447121641239,42.37260393634978],[-71.07450584304374,42.3726212221043],[-71.07454080840976,42.37264230291003],[-71.07455366865555,42.372652056467544],[-71.07457832975739,42.37267075930509],[-71.07460336161698,42.37268867665755],[-71.07464416673128,42.37271342698942],[-71.07468371606087,42.37273715083788],[-71.07471690377544,42.37275754710043],[-71.07475716120193,42.372781964961376],[-71.07477607828629,42.37279343882479],[-71.07479897372292,42.372807325754806],[-71.07482944960131,42.37282602032132],[-71.07485394798876,42.372842941729736],[-71.07487174715246,42.37285545757872],[-71.07488356694388,42.37286376859487],[-71.0749031074875,42.37287750896247],[-71.07492305807803,42.3728963590693],[-71.07494558696297,42.3729176449726],[-71.07496492829868,42.37293591933794],[-71.0749772862262,42.372951963995654],[-71.07499705868415,42.372977634904046],[-71.07500633165363,42.37298967448836],[-71.07501458873453,42.37300039589999],[-71.07502934601875,42.37302924699273],[-71.07505102352236,42.37306955729007],[-71.07506646701464,42.373102538727274],[-71.07507214550627,42.373114666760046],[-71.07508826292565,42.373146737792624],[-71.07510517373314,42.37318162244843],[-71.07512086320494,42.3732067335789],[-71.07513783488055,42.373234008330314],[-71.07516108338308,42.373271104981505],[-71.0751726602836,42.37328974495958],[-71.07521820776019,42.373348234635316],[-71.07525294006554,42.37339272361289],[-71.0752759496928,42.373416955160565],[-71.07530415806636,42.37344666073403],[-71.0753318211098,42.37347585292428],[-71.07534536690076,42.37349005813786],[-71.07557122229399,42.37370632937232],[-71.07557650844421,42.37371144809939],[-71.07558169883524,42.37371636210783],[-71.07561091680788,42.37374402587681],[-71.07564770443233,42.373778857735346],[-71.0756907659571,42.373819628506645],[-71.07572293273238,42.37385008500851],[-71.07576612604542,42.37388860011852],[-71.07579657068203,42.37391333973029],[-71.07583214822544,42.37394161658045],[-71.07585106905239,42.373956595991714],[-71.07588876079693,42.37398700529553],[-71.07591087130925,42.37400542294703],[-71.07592061477035,42.37401235056067],[-71.07593149977511,42.3740181597244],[-71.07594333976175,42.374022968588],[-71.07595604395871,42.37402673360285],[-71.07596928256802,42.37402902411626],[-71.07598282904004,42.37403012738477],[-71.07600345378911,42.37403001974749],[-71.07602395549496,42.37402834335398],[-71.076051516212,42.37402362029445],[-71.0760863667257,42.37401764748599],[-71.0761133992973,42.37401128934566],[-71.07614657922564,42.374003484582],[-71.07617592442658,42.37399555044378],[-71.07620850366783,42.3739849759684],[-71.07625021466508,42.37396861116919],[-71.07629451725018,42.373947994844386],[-71.07633597706494,42.373924350272354],[-71.07637313427405,42.37389918636205],[-71.07639198120052,42.373886423082446],[-71.07644635329767,42.37384960170994],[-71.07649238742863,42.37381842682187],[-71.07653464531086,42.37378980923257],[-71.0765657030228,42.373764727239276],[-71.07659810795674,42.373739354902305],[-71.07660370979134,42.373736506307495],[-71.07667131870598,42.373707277948775],[-71.07672070928379,42.37368615891783],[-71.07678584655355,42.373658305137575],[-71.0768064137496,42.373650449278934],[-71.07683277581685,42.373642647144344],[-71.076872464313,42.37363361921736],[-71.07693717488434,42.3736188944615],[-71.07698172889732,42.373609811467645],[-71.07702785390423,42.37360074773741],[-71.07708998003065,42.373595376373025],[-71.07714591302496,42.373591222804656],[-71.07721048667632,42.37358642935327],[-71.07724912494245,42.373583559898],[-71.07729252759896,42.37357869309604],[-71.07731633959904,42.37357564759722],[-71.07735933415582,42.37357079997713],[-71.07740518187389,42.37356578996763],[-71.07745290307905,42.373564773290475],[-71.07750277221153,42.373564655766195],[-71.07754679138684,42.373564551848006],[-71.07760061555699,42.37356545172513],[-71.07764869127855,42.37356625574761],[-71.07769110961152,42.37356696425704],[-71.07772072446211,42.37356841080071],[-71.07776462786437,42.37357055348933],[-71.07778742191184,42.37357157705286],[-71.07780893783342,42.373574178624665],[-71.07784256969182,42.37357791040257],[-71.07788198438243,42.37358531945455],[-71.07791626472914,42.37359176345288],[-71.07794373207246,42.37359916285632],[-71.07798900225897,42.37361082740261],[-71.07800272505031,42.37361606789686],[-71.07801532775117,42.37362267631721],[-71.07804227526887,42.37363902083731],[-71.07808417673759,42.373664433867916],[-71.07811070830773,42.37368052476591],[-71.0781423224883,42.3736996988722],[-71.07817460179415,42.3737192760361],[-71.07821224065154,42.37374210397068],[-71.07824923740765,42.373764542415365],[-71.07828875540416,42.37379435803517],[-71.07834315841649,42.37383540165812],[-71.07840607254373,42.37388286848155],[-71.07843449550971,42.373904311235805],[-71.07846728697616,42.37392905153491],[-71.07850577588506,42.37395808906091],[-71.0785529982027,42.373993716256585],[-71.07860037038408,42.374029455616856],[-71.07864870426528,42.374065921409645],[-71.07866492331281,42.3740781247791],[-71.07868081554432,42.3740887190378],[-71.07869614806903,42.374096028800274],[-71.07871879406704,42.374103997345514],[-71.0787591074849,42.37411818043958],[-71.07878570005595,42.374127536360014],[-71.07881028597959,42.37413464681521],[-71.07885822660445,42.374148512090514],[-71.07888550752979,42.37415551445841],[-71.07891566044103,42.374161356060206],[-71.0789543370616,42.37416808592525],[-71.07898702132466,42.37417286723328],[-71.07901765409898,42.37417648325613],[-71.07905404606569,42.37418077935518],[-71.07909681449723,42.37418294889016],[-71.07913698206993,42.37418129978231],[-71.07916861404668,42.37418000115636],[-71.07919714762399,42.37417611906956],[-71.07921917394137,42.37417340155111],[-71.079249618265,42.37416537702093],[-71.07926569549012,42.374161139657545],[-71.07928789472116,42.37415232241824],[-71.07930821335272,42.374141288994544],[-71.07932771804352,42.374127034967316],[-71.07934469390754,42.374112915735274],[-71.07938342434097,42.37408070286716],[-71.07944092106858,42.37403406578649],[-71.07948372302846,42.37400068389311],[-71.07953036579394,42.37396450082712],[-71.07955782577604,42.37394566367142],[-71.07957178446372,42.373936087926694],[-71.07960606396699,42.373912573487736],[-71.07964573224606,42.37388536144772],[-71.07967614211576,42.373868059227895],[-71.07968880050575,42.37386266775024],[-71.07970912546622,42.37385358069779],[-71.07972666095088,42.37384785952441],[-71.07974569826409,42.37384178822187],[-71.07976382465229,42.373837587984696],[-71.07978592142271,42.373832468651386],[-71.07982205311848,42.37382639135836],[-71.07986214121223,42.37381930577871],[-71.07992887099019,42.37381144419838],[-71.07995652925162,42.37380842840388],[-71.07996357770075,42.3738094993734],[-71.0800091064768,42.37383697039403],[-71.0800854450367,42.373883267219014],[-71.0800970180203,42.37389175955152],[-71.08013479020786,42.37392443467182],[-71.08015260423406,42.37394314462013],[-71.08016639601496,42.373963636857354],[-71.08016909623394,42.37396987219208],[-71.08017584691811,42.37398544027261],[-71.08018126518414,42.373997969525135],[-71.080189159251,42.37400975337277],[-71.08019934998069,42.37402052467648],[-71.08021160587072,42.3740300395136],[-71.08023119412627,42.37404139248204],[-71.08025219864463,42.3740539470954],[-71.08029038402282,42.37408329981341],[-71.08032431355123,42.3741031659804],[-71.0803360041336,42.37410858513981],[-71.08034887197896,42.374113529640496],[-71.08036391622959,42.37411783567353],[-71.08037781285672,42.37411979677395],[-71.08039016022929,42.374119739181396],[-71.08040548907918,42.374118116961675],[-71.08042197481694,42.37411469838704],[-71.08043107730082,42.37411180295596],[-71.0804434617612,42.37410633747328],[-71.08045669358803,42.37409906100286],[-71.08047884918142,42.374085262091185],[-71.08049555733062,42.37407576828502],[-71.08050608142732,42.37406978824978],[-71.08051744817928,42.37406453781745],[-71.08054163193948,42.37405670258356],[-71.08056751785774,42.37405034912019],[-71.08060021182214,42.374042324333054],[-71.08066095359167,42.374029308864486],[-71.08069574074977,42.37403007847478],[-71.08073054109211,42.37403050781435],[-71.08076534368465,42.37403059774374],[-71.08119739865221,42.37405596699489],[-71.08121516250738,42.374051501425576],[-71.08124947110049,42.37404349853745],[-71.08128407950706,42.3740362412672],[-71.08131895856474,42.374029733109474],[-71.08133996475446,42.374026293044075],[-71.08135407787343,42.37402398115568],[-71.08138940947306,42.37401899070559],[-71.08141543970223,42.37401833548851],[-71.0814433351527,42.374016175471624],[-71.0814643892284,42.3740139374399],[-71.08148530422717,42.37401106509688],[-71.08152115071168,42.37400459280788],[-71.08155629312972,42.373996260656156],[-71.081590553939,42.3739861094097],[-71.08162376281079,42.37397419066643],[-71.08165575301788,42.373960562339576],[-71.08168636625484,42.3739452940767],[-71.0817154502577,42.373928460049065],[-71.08174285875063,42.373910147053735],[-71.08176845515342,42.3738904446239],[-71.08179211011182,42.373869451322],[-71.0818137088003,42.37384727206527],[-71.08183314121467,42.373824017190174],[-71.08200088553427,42.37355467510414],[-71.08218491440817,42.37347622830661],[-71.08224663731333,42.3734538759956],[-71.08241375270313,42.37340993480175],[-71.08259836819884,42.37338246278427],[-71.0826973718255,42.37337114616699],[-71.08278149644302,42.37336581011932],[-71.08301319281726,42.37335038026266],[-71.08327599455123,42.373362252173834],[-71.08361240145258,42.37337744821063],[-71.08375947697878,42.37337116262156],[-71.08386567064551,42.37336612170362],[-71.08409281301687,42.37333619839678],[-71.08412161142198,42.373332374566345],[-71.0842464028615,42.37331580304487],[-71.08430950581625,42.3733074234585],[-71.08434333273618,42.37330423353968],[-71.08437731737979,42.37330216953861],[-71.0844113917396,42.37330123391029],[-71.08444549023048,42.373301430018834],[-71.08447954122038,42.373302757605494],[-71.08451347917139,42.37330521283244],[-71.08454723490338,42.37330879184876],[-71.08458073926568,42.373313486302315],[-71.08461392795802,42.373319288758786],[-71.08464673429347,42.373326185473445],[-71.08467909035883,42.37333416449759],[-71.08471330572219,42.373343930991126],[-71.08474684779374,42.37335490682914],[-71.08477963782755,42.37336706561976],[-71.08481160193426,42.37338038098852],[-71.08484171256332,42.37339435407028],[-71.08487091313393,42.373409352886995],[-71.08489913829595,42.37342534479319],[-71.0849263275738,42.373442294460226],[-71.08495242171124,42.37346016566361],[-71.08497736511221,42.37347891949108],[-71.08500110219825,42.373498514329825],[-71.08502358225276,42.37351890768407],[-71.08504475455925,42.37354005705822],[-71.08506457572707,42.37356191368104],[-71.08508300112182,42.37358443327809],[-71.08509999223243,42.37360756349464],[-71.08511550930427,42.37363125647275],[-71.08512952110512,42.37365546078405],[-71.08514199642595,42.373680121399104],[-71.08517202026857,42.37372901707833],[-71.085312368447,42.373957576376235],[-71.08531326776266,42.37395837637134],[-71.08544377379319,42.37404538675473],[-71.08608815637751,42.37305928304371],[-71.08978302554233,42.37394804670988],[-71.09363294804942,42.37424800211429],[-71.09746349291146,42.37443135382373],[-71.10012451951259,42.374389678506894],[-71.10145514383599,42.37437025861061],[-71.10314117683346,42.37432855255857],[-71.10737445518134,42.3781565040764],[-71.10845784718872,42.379112066684534],[-71.10784947311741,42.37937035661006],[-71.11069932827249,42.38168728200119],[-71.11169117837251,42.38176778821179],[-71.11548852612187,42.385037224575974],[-71.11687438195862,42.38670115756834],[-71.11690504321162,42.38673168918868],[-71.11819384129163,42.38800951157525],[-71.11806887047072,42.38807058604275],[-71.11744109703234,42.388376126693295],[-71.1179883331762,42.3890789039539],[-71.11706324632908,42.389565041765216],[-71.11839755768763,42.390918365798306],[-71.11876316016647,42.39123431588755],[-71.11925495758196,42.39169085612493],[-71.11989064750874,42.3923351279627],[-71.12021466315666,42.392641753040934],[-71.12097452657117,42.39370685932411],[-71.1228386104311,42.39224291658586],[-71.1243136938362,42.393584658168656],[-71.12723897193845,42.39695734597309],[-71.131291969194,42.40156875598173],[-71.13130028590753,42.401579856046524],[-71.13379767152809,42.40362155723552],[-71.13456819534605,42.404207746264916],[-71.13463495193348,42.40425927401829],[-71.1346415641757,42.40412407335104],[-71.13464312825897,42.40385345493127],[-71.13467028180766,42.40359002991839],[-71.13473321561375,42.40329394834571],[-71.13482286000597,42.40304215510614],[-71.134929452541,42.40277925210396],[-71.13500551961268,42.40262761653221],[-71.13504572614384,42.402564634573665],[-71.13508938883658,42.40249212061553],[-71.13520437885325,42.402352401950665],[-71.13542567644639,42.40210381629038],[-71.13561056180696,42.40184989329999],[-71.1358272703338,42.4015960707068],[-71.13604281271945,42.40133351131236],[-71.13622751255272,42.40111100641298],[-71.13630327176094,42.40099087869544],[-71.13667491887088,42.40080911611782],[-71.13698629845656,42.40065146975589],[-71.13731843581733,42.40049586858155],[-71.13751389880703,42.40040753694326],[-71.13767804365106,42.400357908359794],[-71.1377644215615,42.400334232879956],[-71.13785872097749,42.40030599084495],[-71.13807494824886,42.40026102696664],[-71.13841989723332,42.400221958883016],[-71.13870463087581,42.40019836557726],[-71.13888224270369,42.40019379145731],[-71.13917403080377,42.400168508598696],[-71.13941644183132,42.400132627075514],[-71.13971315487787,42.4000743180797],[-71.13994168345184,42.400001840702174],[-71.1401974375542,42.39990496043267],[-71.14037204433117,42.39983060307462],[-71.14057706429543,42.399726631266766],[-71.14073524050222,42.39963646717459],[-71.14090041847004,42.39953246043078],[-71.14104232202772,42.399398671677986],[-71.14117664518233,42.39927350178219],[-71.14134383564979,42.39909279697676],[-71.14143642326245,42.39895885402304],[-71.14152652867709,42.398812749504344],[-71.14162479769891,42.39870493215819],[-71.14173232511801,42.398613708669444],[-71.14185519574274,42.39851560068815],[-71.14195250757012,42.39844793248879],[-71.14198448818092,42.39842021338796],[-71.14205296430985,42.39836109806194],[-71.14211722957678,42.398316284024006],[-71.14223279472202,42.39824255045825],[-71.14252694711577,42.398076552973585],[-71.14302478291114,42.39771852718142],[-71.14315663126463,42.39762161601226],[-71.14326694522319,42.39755245653998],[-71.14341578926876,42.397478554855496],[-71.143587199174,42.39740922426242],[-71.15205669604433,42.40104039572867],[-71.1522445096658,42.400815533978374],[-71.1563845755626,42.39582341637838],[-71.15844571872418,42.39454530565306],[-71.1573038170556,42.39090901563972],[-71.15713920772177,42.39037979127904],[-71.15710472661748,42.390288310181056],[-71.15710318442966,42.39019197569834],[-71.15710771345809,42.390118256317436],[-71.15713037699531,42.39003738873919],[-71.15730476529376,42.38936720008328],[-71.15744856272153,42.38878352690028],[-71.15773683130053,42.387692165403514],[-71.1577449740742,42.38755642742573],[-71.15779512858975,42.387422074792525],[-71.15789167067716,42.38726589323921],[-71.15800102401401,42.38716592714889],[-71.15805834059783,42.38712180372937],[-71.15810728308922,42.38703174112113],[-71.15822999138061,42.38690984766198],[-71.15838222773458,42.38682954465235],[-71.15859355374184,42.38678137672955],[-71.15882675800972,42.386752179174685],[-71.1603988564638,42.386542023275695],[-71.15814002826961,42.38304161580848],[-71.15797069023016,42.38280541900208],[-71.15784807578582,42.382552255555396],[-71.1578097467044,42.38245437105507],[-71.15781810874499,42.382345281878145],[-71.15776909456233,42.382090176521295],[-71.15763401623782,42.38209850735763],[-71.15730011055469,42.3819801165858],[-71.1569605472433,42.381852795186205],[-71.15655621203848,42.38171231538948],[-71.15591139724239,42.3815580611058],[-71.15562281113299,42.38148067373386],[-71.15520049892864,42.38116395028732],[-71.1553338867577,42.38090849002734],[-71.15500609598737,42.38031665285259],[-71.15505056819133,42.38020001969658],[-71.1562311595633,42.38063622872249],[-71.15437248629391,42.375093925507734],[-71.15037801900004,42.37461316753379],[-71.15023908650305,42.37437705114209],[-71.14712512860395,42.3749992696556],[-71.14645492400778,42.375124331792264],[-71.14593727985174,42.375195302539794],[-71.14509126318603,42.37527561159524],[-71.14444829860076,42.37528397939256],[-71.14363069702401,42.37527703808475],[-71.14392511276553,42.37407418121861],[-71.13999175783758,42.373568673452944],[-71.14007424930297,42.37266387648023],[-71.14011283945483,42.37200588978853],[-71.14019237861206,42.371555366473615],[-71.1402788671931,42.371099553118135],[-71.1403723034905,42.37063871978521],[-71.14045074581185,42.37035915669756],[-71.14059947172889,42.37001760352362],[-71.14081105514254,42.36968146808486],[-71.14100861245753,42.36933484516598],[-71.14134702531554,42.36881256553648],[-71.1416218958541,42.368383266353675],[-71.1418334974253,42.36804199737848],[-71.14210141604181,42.3676386035456],[-71.14246124866247,42.367017895991566],[-71.14255974256594,42.366904226063596],[-71.14261585077072,42.3668577656611],[-71.14276300546999,42.36679088149296],[-71.14294515288232,42.36671888411656],[-71.14326699894364,42.36663174488036],[-71.14359579710394,42.36656029124202],[-71.1442698134704,42.366454703723406],[-71.14383087892061,42.365474195515354],[-71.14381242633279,42.36543101472169],[-71.14366738277582,42.36508080472106],[-71.143293818608,42.36508360804391],[-71.14290881778733,42.36502632562974],[-71.14248271591302,42.36493821445016],[-71.14221497474247,42.36484051121425],[-71.14190589649554,42.36473232537907],[-71.1413907329957,42.364572540196285],[-71.14099905476476,42.364494794071625],[-71.1406415817212,42.364422375139696],[-71.14040776681658,42.36440111786396],[-71.14012567512576,42.3644155404277],[-71.13989159852012,42.36444028586625],[-71.13969181858135,42.36447540152711],[-71.1394643410142,42.364556344577146],[-71.13914701462797,42.36470335635376],[-71.13897423249482,42.36481507972417],[-71.13855984865936,42.36509943881341],[-71.13817277976908,42.36540440883831],[-71.13753625984191,42.366000284122045],[-71.13691399237858,42.36654335409846],[-71.13665821248672,42.36675186267287],[-71.1364371989503,42.36688890790985],[-71.13602988184917,42.36712232403553],[-71.13571942549866,42.367274389671564],[-71.13540913996624,42.36737549888073],[-71.13506458881889,42.36748154013897],[-71.13472379194013,42.36756796607625],[-71.13416847136614,42.36775931233606],[-71.13380271251897,42.36794189661451],[-71.13344357330821,42.36815502048342],[-71.13288407557864,42.36852064238753],[-71.13256633178084,42.36875433208705],[-71.13237273998114,42.36889145709505],[-71.13211666909659,42.36914577910274],[-71.13197109771872,42.36933410314711],[-71.13187387214626,42.369497103679386],[-71.13179021671917,42.36968562562163],[-71.1317616174782,42.36986415054628],[-71.1317880186396,42.370063197963646],[-71.1318623785616,42.37028283532367],[-71.1319847600325,42.370533235944116],[-71.13208671033217,42.370747919806654],[-71.132182218942,42.37090127360021],[-71.13233943646428,42.37107012939532],[-71.1325683428704,42.371313127323276],[-71.13275390267479,42.371535910056906],[-71.13296620957819,42.371794519105144],[-71.1330911853711,42.37197569486631],[-71.13314229037535,42.37216581781424],[-71.13317856435563,42.37233824786898],[-71.13314970151919,42.372562686667784],[-71.1330867450201,42.372741102222854],[-71.13296162802536,42.37293966583375],[-71.1327193549883,42.373199074608586],[-71.13245676233711,42.3733819838409],[-71.13207014753607,42.37359510550992],[-71.13152535714406,42.373802497674895],[-71.13114652047892,42.37386763448895],[-71.13068505884056,42.373922331613244],[-71.13016880682015,42.37396145589782],[-71.12962519997389,42.37394440210941],[-71.12895149019653,42.37383500717976],[-71.12861489019903,42.37373705040861],[-71.1282029192383,42.37357240810494],[-71.12792159301895,42.37342862341024],[-71.12763361891332,42.37325933845837],[-71.12727719653404,42.373023390038114],[-71.12700971362031,42.37283886505779],[-71.1266879874871,42.37256737601234],[-71.12646898190472,42.37237787543645],[-71.12602423465356,42.37194780496718],[-71.12553322681987,42.37119104889588],[-71.12526092373645,42.370695185575265],[-71.12490325284612,42.370100461996316],[-71.12463305664531,42.36972173098604],[-71.1244543760989,42.36951156140188],[-71.12417281765211,42.36932959447365],[-71.1238269804303,42.369156959669986],[-71.12350642135671,42.36904157466548],[-71.1231130163382,42.36890623385251],[-71.1224802512126,42.368761913738865],[-71.12204377764826,42.368703312252585],[-71.1215940368834,42.368711376605916],[-71.1207584354449,42.368784878793335],[-71.12009011485031,42.3688207554406],[-71.11955023301167,42.3688380570735],[-71.11895981365939,42.36875984854045],[-71.11852368815883,42.36864406670976],[-71.11819039388496,42.36852862459956],[-71.11793424354079,42.368384898732224],[-71.11769153943924,42.36814587672942],[-71.11753984119768,42.367875016633086],[-71.11753588551645,42.36786663082296],[-71.1172295677337,42.36736694358259],[-71.1170817744073,42.36703325586095],[-71.11696766557921,42.3666505244827],[-71.11687250803318,42.36588514445736],[-71.11689265183844,42.36530533721095],[-71.1169357777079,42.36367686270606],[-71.11684147483659,42.362751143900695],[-71.11670129143273,42.36118372737602],[-71.11660816360892,42.36008533664811],[-71.11657804407407,42.35956703082024],[-71.11659699254336,42.359184561843534],[-71.11664897573648,42.358839294799765],[-71.11673399374972,42.35853113962585],[-71.11707268576919,42.35754519239126],[-71.11716558136659,42.356997766528266],[-71.11711303867793,42.356373241886665],[-71.11706621303124,42.35586721409049],[-71.1168527064143,42.35538529890091],[-71.11652241717607,42.355026423420924],[-71.1159099026322,42.35453084117779],[-71.114915869935,42.353861213264615],[-71.11408656110711,42.35345132264905],[-71.11320704748765,42.3531151708427],[-71.11245981279743,42.35290297776465],[-71.11151262091019,42.3527392602449],[-71.11008324513365,42.35254941308877],[-71.10921833542328,42.35254647715439],[-71.10747199623124,42.35250352749163],[-71.10600850448822,42.352473854697664],[-71.10431793704986,42.35240250901651],[-71.10340683949053,42.35244897637972],[-71.10239868505123,42.35262339224591],[-71.09724469632009,42.35319163515008],[-71.09304129923918,42.353884644403706],[-71.09100209967553,42.35439651696343],[-71.07795223161038,42.35873512635749],[-71.07733373017327,42.359084417982764],[-71.07680955462615,42.35950436601317],[-71.07642751835556,42.35992465516664],[-71.07609258204835,42.36038040798456],[-71.07509556880466,42.36320327634673],[-71.07494104471863,42.36350826337758],[-71.07479297899165,42.36377330124481],[-71.07372148981486,42.36505665767327],[-71.07135708213988,42.367279505218335],[-71.07055164015675,42.368036704099715],[-71.06997968284605,42.36857419986154],[-71.06947797242704,42.36904605462277],[-71.06757686514673,42.36900687308307],[-71.06398442611986,42.36893200197887],[-71.06457376690906,42.369474947483965],[-71.06711522950019,42.37181574497396],[-71.07246581575481,42.372658348332926],[-71.07268844084315,42.37322181255429]]]},"properties":{"TOWN":"CAMBRIDGE","TOWN_ID":49,"TYPE":"C","COUNTY":"MIDDLESEX","FIPS_STCO":25017,"FOURCOLOR":3,"POP1960":107716,"POP1970":100361,"POP1980":95322,"POP1990":95802,"POP2000":101355,"POP2010":105162,"POP2020":118403,"POPCH10_20":13241,"AREA_ACRES":4546.96,"AREA_SQMI":7.105,"SHAPE_Leng":26475.6845563,"SHAPE_Area":18400398.6685}},
{"type":"Feature","geometry":{"type":"Polygon","coordinates":[[[-71.09243232987426,42.39908607532497],[-71.09250839667307,42.39910038907217],[-71.09294037048161,42.39920716062948],[-71.09333474678894,42.39934305681577],[-71.09388301202922,42.39963191226303],[-71.09668874827733,42.400454732240696],[-71.10039416141818,42.396224007445845],[-71.11237498938672,42.40022693860552],[-71.11393613511244,42.40101587924959],[-71.1148583238704,42.40209363199173],[-71.11548892783637,42.40290491101933],[-71.1154584535155,42.40511895360243],[-71.11932790619747,42.40652463671508],[-71.11945567538167,42.406327448310215],[-71.12175287036754,42.40711637154081],[-71.12155841062375,42.40743578088658],[-71.12388347516402,42.408227453628925],[-71.12329450111768,42.40916910769622],[-71.12570294764002,42.40998856440437],[-71.12616960379496,42.40928570458995],[-71.12803913570909,42.41071077711639],[-71.12698078329149,42.41230795304589],[-71.12992242969582,42.41332719764758],[-71.12745576396817,42.41608830784392],[-71.12684099082914,42.416804302150176],[-71.12697320568857,42.416956811421024],[-71.12711538913692,42.41720815619406],[-71.12696468255348,42.41775405462307],[-71.12695096514479,42.41783987297687],[-71.127001121175,42.41792054707573],[-71.12713253332231,42.41803122855019],[-71.12713987807193,42.418037414720544],[-71.12716713936102,42.41805555892638],[-71.12722101863478,42.41808144436143],[-71.12729048147969,42.41810244222018],[-71.12743531295361,42.41813546678201],[-71.12779736906374,42.41807703979992],[-71.12825606997446,42.4179892147528],[-71.12873096580014,42.41785381558269],[-71.1294472099836,42.41768939251148],[-71.12998642630728,42.41756598879497],[-71.1304050961706,42.41742446017247],[-71.1307675977788,42.41728860166647],[-71.13113832476327,42.41711711749731],[-71.13141385957158,42.41697602674306],[-71.13155778785128,42.41683856540871],[-71.13162927897145,42.416621647927336],[-71.13160627598282,42.41610733730638],[-71.1315755181842,42.41567285619164],[-71.13161376223925,42.415510839054335],[-71.13172709948698,42.415368238027604],[-71.13187225048114,42.41529127865929],[-71.13216197932208,42.415214781200206],[-71.13243544359375,42.41521898575439],[-71.13244241566719,42.41506470086501],[-71.13251121363274,42.4146205447034],[-71.13256666876585,42.414109815520675],[-71.13263628685621,42.41352422853726],[-71.13276959788374,42.413016718489956],[-71.13285874297154,42.412457211492075],[-71.1328868284474,42.41197250259992],[-71.1328184065244,42.41168365593457],[-71.13266334473435,42.4112098861492],[-71.13240188154221,42.41064916977524],[-71.13224693013538,42.41017828053],[-71.13220981414797,42.40985496277564],[-71.13222340791256,42.409523074345884],[-71.13231705393699,42.40917136547873],[-71.13239609920379,42.40896959593419],[-71.132568983242,42.40869592375537],[-71.13287097907865,42.40832174220561],[-71.13304332695785,42.40816069217517],[-71.13319064449801,42.40793753305702],[-71.13338972796751,42.407669794890296],[-71.13356833848802,42.40743377095741],[-71.13369480945022,42.4072855378478],[-71.13383228754483,42.40708251275974],[-71.13399881946076,42.406896865209696],[-71.13408807025766,42.40677741217574],[-71.13417469397038,42.40662905183334],[-71.13428593402276,42.40640424610781],[-71.13438854790094,42.40617950289106],[-71.13446646888167,42.40600230580391],[-71.13452793579927,42.405813442836696],[-71.13455622226225,42.40562744539343],[-71.13459530166578,42.405444633172166],[-71.13459849444884,42.405396658539814],[-71.1346026112953,42.40527288350755],[-71.13460423177516,42.404992542346875],[-71.1346093368704,42.40480287014796],[-71.13461171815545,42.404685121445596],[-71.1346138765496,42.40454288449043],[-71.13462252107698,42.40445540498216],[-71.13462305131543,42.40436366840795],[-71.13463495193348,42.40425927401829],[-71.13456819534605,42.404207746264916],[-71.13379767152809,42.40362155723552],[-71.13130028590753,42.401579856046524],[-71.131291969194,42.40156875598173],[-71.12723897193845,42.39695734597309],[-71.1243136938362,42.393584658168656],[-71.1228386104311,42.39224291658586],[-71.12097452657117,42.39370685932411],[-71.12021466315666,42.392641753040934],[-71.11989064750874,42.3923351279627],[-71.11925495758196,42.39169085612493],[-71.11876316016647,42.39123431588755],[-71.11839755768763,42.390918365798306],[-71.11706324632908,42.389565041765216],[-71.1179883331762,42.3890789039539],[-71.11744109703234,42.388376126693295],[-71.11806887047072,42.38807058604275],[-71.11819384129163,42.38800951157525],[-71.11690504321162,42.38673168918868],[-71.11687438195862,42.38670115756834],[-71.11548852612187,42.385037224575974],[-71.11169117837251,42.38176778821179],[-71.11069932827249,42.38168728200119],[-71.10784947311741,42.37937035661006],[-71.10845784718872,42.379112066684534],[-71.10737445518134,42.3781565040764],[-71.10314117683346,42.37432855255857],[-71.10145514383599,42.37437025861061],[-71.10012451951259,42.374389678506894],[-71.09746349291146,42.37443135382373],[-71.09363294804942,42.37424800211429],[-71.08978302554233,42.37394804670988],[-71.08608815637751,42.37305928304371],[-71.08544377379319,42.37404538675473],[-71.08531326776266,42.37395837637134],[-71.085312368447,42.373957576376235],[-71.08517202026857,42.37372901707833],[-71.08514199642595,42.373680121399104],[-71.08512952110512,42.37365546078405],[-71.08511550930427,42.37363125647275],[-71.08509999223243,42.37360756349464],[-71.08508300112182,42.37358443327809],[-71.08506457572707,42.37356191368104],[-71.08504475455925,42.37354005705822],[-71.08502358225276,42.37351890768407],[-71.08500110219825,42.373498514329825],[-71.08497736511221,42.37347891949108],[-71.08495242171124,42.37346016566361],[-71.0849263275738,42.373442294460226],[-71.08489913829595,42.37342534479319],[-71.08487091313393,42.373409352886995],[-71.08484171256332,42.37339435407028],[-71.08481160193426,42.37338038098852],[-71.08477963782755,42.37336706561976],[-71.08474684779374,42.37335490682914],[-71.08471330572219,42.373343930991126],[-71.08467909035883,42.37333416449759],[-71.08464673429347,42.373326185473445],[-71.08461392795802,42.373319288758786],[-71.08458073926568,42.373313486302315],[-71.08454723490338,42.37330879184876],[-71.08451347917139,42.37330521283244],[-71.08447954122038,42.373302757605494],[-71.08444549023048,42.373301430018834],[-71.0844113917396,42.37330123391029],[-71.08437731737979,42.37330216953861],[-71.08434333273618,42.37330423353968],[-71.08430950581625,42.3733074234585],[-71.0842464028615,42.37331580304487],[-71.08412161142198,42.373332374566345],[-71.08409281301687,42.37333619839678],[-71.08386567064551,42.37336612170362],[-71.08375947697878,42.37337116262156],[-71.08361240145258,42.37337744821063],[-71.08327599455123,42.373362252173834],[-71.08301319281726,42.37335038026266],[-71.08278149644302,42.37336581011932],[-71.0826973718255,42.37337114616699],[-71.08259836819884,42.37338246278427],[-71.08241375270313,42.37340993480175],[-71.08224663731333,42.3734538759956],[-71.08218491440817,42.37347622830661],[-71.08200088553427,42.37355467510414],[-71.08183314121467,42.373824017190174],[-71.0818137088003,42.37384727206527],[-71.08179211011182,42.373869451322],[-71.08176845515342,42.3738904446239],[-71.08174285875063,42.373910147053735],[-71.0817154502577,42.373928460049065],[-71.08168636625484,42.3739452940767],[-71.08165575301788,42.373960562339576],[-71.08162376281079,42.37397419066643],[-71.081590553939,42.3739861094097],[-71.08155629312972,42.373996260656156],[-71.08152115071168,42.37400459280788],[-71.08148530422717,42.37401106509688],[-71.0814643892284,42.3740139374399],[-71.0814433351527,42.374016175471624],[-71.08141543970223,42.37401833548851],[-71.08138940947306,42.37401899070559],[-71.08135407787343,42.37402398115568],[-71.08133996475446,42.374026293044075],[-71.08131895856474,42.374029733109474],[-71.08128407950706,42.3740362412672],[-71.08124947110049,42.37404349853745],[-71.08121516250738,42.374051501425576],[-71.08119739865221,42.37405596699489],[-71.08076534368465,42.37403059774374],[-71.08073054109211,42.37403050781435],[-71.08069574074977,42.37403007847478],[-71.08066095359167,42.374029308864486],[-71.08060021182214,42.374042324333054],[-71.08056751785774,42.37405034912019],[-71.08054163193948,42.37405670258356],[-71.08051744817928,42.37406453781745],[-71.08050608142732,42.37406978824978],[-71.08049555733062,42.37407576828502],[-71.08047884918142,42.374085262091185],[-71.08045669358803,42.37409906100286],[-71.0804434617612,42.37410633747328],[-71.08043107730082,42.37411180295596],[-71.08042197481694,42.37411469838704],[-71.08040548907918,42.374118116961675],[-71.08039016022929,42.374119739181396],[-71.08037781285672,42.37411979677395],[-71.08036391622959,42.37411783567353],[-71.08034887197896,42.374113529640496],[-71.0803360041336,42.37410858513981],[-71.08032431355123,42.3741031659804],[-71.08029038402282,42.37408329981341],[-71.08025219864463,42.3740539470954],[-71.08023119412627,42.37404139248204],[-71.08021160587072,42.3740300395136],[-71.08019934998069,42.37402052467648],[-71.080189159251,42.37400975337277],[-71.08018126518414,42.373997969525135],[-71.08017584691811,42.37398544027261],[-71.08016909623394,42.37396987219208],[-71.08016639601496,42.373963636857354],[-71.08015260423406,42.37394314462013],[-71.08013479020786,42.37392443467182],[-71.0800970180203,42.37389175955152],[-71.0800854450367,42.373883267219014],[-71.0800091064768,42.37383697039403],[-71.07996357770075,42.3738094993734],[-71.07995652925162,42.37380842840388],[-71.07992887099019,42.37381144419838],[-71.07986214121223,42.37381930577871],[-71.07982205311848,42.37382639135836],[-71.07978592142271,42.373832468651386],[-71.07976382465229,42.373837587984696],[-71.07974569826409,42.37384178822187],[-71.07972666095088,42.37384785952441],[-71.07970912546622,42.37385358069779],[-71.07968880050575,42.37386266775024],[-71.07967614211576,42.373868059227895],[-71.07964573224606,42.37388536144772],[-71.07960606396699,42.373912573487736],[-71.07957178446372,42.373936087926694],[-71.07955782577604,42.37394566367142],[-71.07953036579394,42.37396450082712],[-71.07948372302846,42.37400068389311],[-71.07944092106858,42.37403406578649],[-71.07938342434097,42.37408070286716],[-71.07934469390754,42.374112915735274],[-71.07932771804352,42.374127034967316],[-71.07930821335272,42.374141288994544],[-71.07928789472116,42.37415232241824],[-71.07926569549012,42.374161139657545],[-71.079249618265,42.37416537702093],[-71.07921917394137,42.37417340155111],[-71.07919714762399,42.37417611906956],[-71.07916861404668,42.37418000115636],[-71.07913698206993,42.37418129978231],[-71.07909681449723,42.37418294889016],[-71.07905404606569,42.37418077935518],[-71.07901765409898,42.37417648325613],[-71.07898702132466,42.37417286723328],[-71.0789543370616,42.37416808592525],[-71.07891566044103,42.374161356060206],[-71.07888550752979,42.37415551445841],[-71.07885822660445,42.374148512090514],[-71.07881028597959,42.37413464681521],[-71.07878570005595,42.374127536360014],[-71.0787591074849,42.37411818043958],[-71.07871879406704,42.374103997345514],[-71.07869614806903,42.374096028800274],[-71.07868081554432,42.3740887190378],[-71.07866492331281,42.3740781247791],[-71.07864870426528,42.374065921409645],[-71.07860037038408,42.374029455616856],[-71.0785529982027,42.373993716256585],[-71.07850577588506,42.37395808906091],[-71.07846728697616,42.37392905153491],[-71.07843449550971,42.373904311235805],[-71.07840607254373,42.37388286848155],[-71.07834315841649,42.37383540165812],[-71.07828875540416,42.37379435803517],[-71.07824923740765,42.373764542415365],[-71.07821224065154,42.37374210397068],[-71.07817460179415,42.3737192760361],[-71.0781423224883,42.3736996988722],[-71.07811070830773,42.37368052476591],[-71.07808417673759,42.373664433867916],[-71.07804227526887,42.37363902083731],[-71.07801532775117,42.37362267631721],[-71.07800272505031,42.37361606789686],[-71.07798900225897,42.37361082740261],[-71.07794373207246,42.37359916285632],[-71.07791626472914,42.37359176345288],[-71.07788198438243,42.37358531945455],[-71.07784256969182,42.37357791040257],[-71.07780893783342,42.373574178624665],[-71.07778742191184,42.37357157705286],[-71.07776462786437,42.37357055348933],[-71.07772072446211,42.37356841080071],[-71.07769110961152,42.37356696425704],[-71.07764869127855,42.37356625574761],[-71.07760061555699,42.37356545172513],[-71.07754679138684,42.373564551848006],[-71.07750277221153,42.373564655766195],[-71.07745290307905,42.373564773290475],[-71.07740518187389,42.37356578996763],[-71.07735933415582,42.37357079997713],[-71.07731633959904,42.37357564759722],[-71.07729252759896,42.37357869309604],[-71.07724912494245,42.373583559898],[-71.07721048667632,42.37358642935327],[-71.07714591302496,42.373591222804656],[-71.07708998003065,42.373595376373025],[-71.07702785390423,42.37360074773741],[-71.07698172889732,42.373609811467645],[-71.07693717488434,42.3736188944615],[-71.076872464313,42.37363361921736],[-71.07683277581685,42.373642647144344],[-71.0768064137496,42.373650449278934],[-71.07678584655355,42.373658305137575],[-71.07672070928379,42.37368615891783],[-71.07667131870598,42.373707277948775],[-71.07660370979134,42.373736506307495],[-71.07659810795674,42.373739354902305],[-71.0765657030228,42.373764727239276],[-71.07653464531086,42.37378980923257],[-71.07649238742863,42.37381842682187],[-71.07644635329767,42.37384960170994],[-71.07639198120052,42.373886423082446],[-71.07637313427405,42.37389918636205],[-71.07633597706494,42.373924350272354],[-71.07629451725018,42.373947994844386],[-71.07625021466508,42.37396861116919],[-71.07620850366783,42.3739849759684],[-71.07617592442658,42.37399555044378],[-71.07614657922564,42.374003484582],[-71.0761133992973,42.37401128934566],[-71.0760863667257,42.37401764748599],[-71.076051516212,42.37402362029445],[-71.07602395549496,42.37402834335398],[-71.07600345378911,42.37403001974749],[-71.07598282904004,42.37403012738477],[-71.07596928256802,42.37402902411626],[-71.07595604395871,42.37402673360285],[-71.07594333976175,42.374022968588],[-71.07593149977511,42.3740181597244],[-71.07592061477035,42.37401235056067],[-71.07591087130925,42.37400542294703],[-71.07588876079693,42.37398700529553],[-71.07585106905239,42.373956595991714],[-71.07583214822544,42.37394161658045],[-71.07579657068203,42.37391333973029],[-71.07576612604542,42.37388860011852],[-71.07572293273238,42.37385008500851],[-71.0756907659571,42.373819628506645],[-71.07564770443233,42.373778857735346],[-71.07561091680788,42.37374402587681],[-71.07558169883524,42.37371636210783],[-71.07557650844421,42.37371144809939],[-71.07557122229399,42.37370632937232],[-71.07534536690076,42.37349005813786],[-71.0753318211098,42.37347585292428],[-71.07530415806636,42.37344666073403],[-71.0752759496928,42.373416955160565],[-71.07525294006554,42.37339272361289],[-71.07521820776019,42.373348234635316],[-71.0751726602836,42.37328974495958],[-71.07516108338308,42.373271104981505],[-71.07513783488055,42.373234008330314],[-71.07512086320494,42.3732067335789],[-71.07510517373314,42.37318162244843],[-71.07508826292565,42.373146737792624],[-71.07507214550627,42.373114666760046],[-71.07506646701464,42.373102538727274],[-71.07505102352236,42.37306955729007],[-71.07502934601875,42.37302924699273],[-71.07501458873453,42.37300039589999],[-71.07500633165363,42.37298967448836],[-71.07499705868415,42.372977634904046],[-71.0749772862262,42.372951963995654],[-71.07496492829868,42.37293591933794],[-71.07494558696297,42.3729176449726],[-71.07492305807803,42.3728963590693],[-71.0749031074875,42.37287750896247],[-71.07488356694388,42.37286376859487],[-71.07487174715246,42.37285545757872],[-71.07485394798876,42.372842941729736],[-71.07482944960131,42.37282602032132],[-71.07479897372292,42.372807325754806],[-71.07477607828629,42.37279343882479],[-71.07475716120193,42.372781964961376],[-71.07471690377544,42.37275754710043],[-71.07468371606087,42.37273715083788],[-71.07464416673128,42.37271342698942],[-71.07460336161698,42.37268867665755],[-71.07457832975739,42.37267075930509],[-71.07455366865555,42.372652056467544],[-71.07454080840976,42.37264230291003],[-71.07450584304374,42.3726212221043],[-71.07447121641239,42.37260393634978],[-71.07442850642198,42.37258261620356],[-71.07438227969519,42.372563909166246],[-71.07435238738829,42.37255181214053],[-71.07433156682403,42.37254608759702],[-71.07428854413794,42.37253425796616],[-71.07426063895895,42.372530166419395],[-71.0742246886955,42.37252807883635],[-71.07420205001851,42.37252676434745],[-71.07418092512924,42.37252711108546],[-71.07413279699368,42.37252790252535],[-71.07408698981052,42.37253291498124],[-71.07406426725335,42.372535402066376],[-71.0740392424614,42.372540623796155],[-71.07400105842946,42.37254859127893],[-71.07396595004838,42.372559770660224],[-71.07394072297268,42.37256780231523],[-71.07392290183574,42.37257516817565],[-71.07388732163922,42.37258987491015],[-71.07385722523814,42.37260231431984],[-71.07382229675974,42.372620121335906],[-71.07378451096874,42.37264122991007],[-71.07371015701555,42.37268580218266],[-71.07368591565002,42.372700333004886],[-71.07364322830415,42.37272809449311],[-71.0735861951948,42.372765474570016],[-71.07356308421757,42.372781435611046],[-71.07351780227592,42.3728143946936],[-71.07349941855034,42.37282792896906],[-71.07348253734055,42.372839211793384],[-71.07346597738834,42.372850386871754],[-71.07341363623802,42.37287938638421],[-71.07332715475403,42.37292647655106],[-71.0732378027386,42.37297466605719],[-71.07315901183728,42.37301828431351],[-71.07308163554083,42.373061330682],[-71.07304169817958,42.37308219515166],[-71.07299444508764,42.37310527506596],[-71.07290577022022,42.37314858727287],[-71.07286324763409,42.37316785757721],[-71.07281033853785,42.373189904491625],[-71.07276974069516,42.37320660618851],[-71.07274807080904,42.37321282501184],[-71.07268844084315,42.37322181255429],[-71.07272831928545,42.37332274509607],[-71.07293232907176,42.373839727117016],[-71.07565715220274,42.3801955662551],[-71.08070156845152,42.38103998326279],[-71.0809711421462,42.38232333094102],[-71.0808123900086,42.38242070358995],[-71.08047581977183,42.38257873712778],[-71.07971276259676,42.38292058106464],[-71.0754931613344,42.38885128564656],[-71.0742632740652,42.39056493234759],[-71.07435121536604,42.390707502435596],[-71.0743564896991,42.39069977951116],[-71.0744132183875,42.3908063127847],[-71.0744312729564,42.39086660850192],[-71.07447721613207,42.390969680772336],[-71.0745352957279,42.39107405829369],[-71.0746040789706,42.3911941402791],[-71.0746863471651,42.39133173755405],[-71.07477969027046,42.39148405030398],[-71.07488086805893,42.39164530471805],[-71.07494642934061,42.391738996285284],[-71.0749949272117,42.39180552627433],[-71.07501374901325,42.39184214727712],[-71.07500872082974,42.39188552234067],[-71.07499345762608,42.39193381115624],[-71.07497107832471,42.39199278705048],[-71.07495402620502,42.39201811203947],[-71.0749401478949,42.39205911367136],[-71.07494412950028,42.39208109528062],[-71.07496443174625,42.392114300682856],[-71.07499528760508,42.392131339970945],[-71.0750290399412,42.39216918648104],[-71.07506087998053,42.392202434476445],[-71.07511002353776,42.39228139069495],[-71.0751372373999,42.392352433462044],[-71.07516791395878,42.39245040745986],[-71.07522138928742,42.39257160287751],[-71.07517914424338,42.39260466735297],[-71.0751592726684,42.39263385317553],[-71.07514744343042,42.392659107444636],[-71.07516040886124,42.39268166238197],[-71.07517395117446,42.39272681654299],[-71.07520427415422,42.39278706737243],[-71.07525621583942,42.39288349932855],[-71.07529185258493,42.392948271159405],[-71.07533292024293,42.393018194632035],[-71.07538595847431,42.39309608474828],[-71.07541275134164,42.393139487205445],[-71.07545870694318,42.393205017280074],[-71.07551206877866,42.3932709347696],[-71.07555310609332,42.393327353806676],[-71.07560196957283,42.393393974885186],[-71.0756249034348,42.39345140746335],[-71.07564585301509,42.39351495463943],[-71.07566301707159,42.39358154881144],[-71.07566693257347,42.39364962460537],[-71.07568244227078,42.39370937052492],[-71.0757004801501,42.39377245680865],[-71.07575671529868,42.39384468674496],[-71.0757923288532,42.39387686809372],[-71.07585208929865,42.39393056515946],[-71.07590916995116,42.39396732700802],[-71.07596012418426,42.39399398308918],[-71.07600481974826,42.39403024910808],[-71.07602399700238,42.39408649738712],[-71.07603323250598,42.39412200253934],[-71.0760638271649,42.39419629852253],[-71.07609865138853,42.39423756971592],[-71.07615418161716,42.39430637577742],[-71.07616619632844,42.394362147505035],[-71.07613803199294,42.394396344521454],[-71.07610714963431,42.39441927798995],[-71.07606082327848,42.39444503545675],[-71.07600640112102,42.39446455112769],[-71.07590496231255,42.394485964152935],[-71.07580709634256,42.39449982788844],[-71.07576160166205,42.39441971510363],[-71.07570304575272,42.39442174991478],[-71.07561833191653,42.39443044034665],[-71.0755228207056,42.39445538599716],[-71.07544374319959,42.394474810451285],[-71.07542205921196,42.39444826214659],[-71.07538853261184,42.39441275734426],[-71.07535179512223,42.39436706749238],[-71.07530902681991,42.394297047747116],[-71.07527099409238,42.39422722552002],[-71.07521258085973,42.39415381694453],[-71.07515282846974,42.394117044887025],[-71.07511156094515,42.39411293127588],[-71.07508646229273,42.3941246322984],[-71.07509382117873,42.39415013746347],[-71.0751096350752,42.39420070169779],[-71.07513950298966,42.394274545104565],[-71.07516739336872,42.394335417135444],[-71.07520713681006,42.3943856195555],[-71.07526030947346,42.39447980530724],[-71.07530172007857,42.39455306107277],[-71.07534599247255,42.39463424986679],[-71.07539788329085,42.3947385139788],[-71.07546978404106,42.39486544897118],[-71.07553092094426,42.3949674964212],[-71.07557964243757,42.395055453642904],[-71.0756272141659,42.395151869253745],[-71.07567114961618,42.39522909542421],[-71.07571691425858,42.39530524798192],[-71.07581123084542,42.39527750689267],[-71.07578561027786,42.395240230794435],[-71.07575289152787,42.3951928453611],[-71.07571653216704,42.3951269006823],[-71.07568791941695,42.3950468501252],[-71.07564187401827,42.39497636829293],[-71.07568829217952,42.39495511274539],[-71.07574377351744,42.39494073273874],[-71.07582564497719,42.394921318377676],[-71.07590893874475,42.39488903516491],[-71.07602018272674,42.394854514142935],[-71.07598309525412,42.394806572504876],[-71.07596351309077,42.39477445030052],[-71.07596362953277,42.39473897961019],[-71.07600227794427,42.39471715513509],[-71.07607604900983,42.39469212899922],[-71.07614875348256,42.394663137645715],[-71.07622178483908,42.39463972919997],[-71.07627106436668,42.39462640643851],[-71.0763005821855,42.39464398060304],[-71.07632163701523,42.39467385746714],[-71.07635206698725,42.394718443442805],[-71.07638569665481,42.39477492491378],[-71.07645034433165,42.394915156760156],[-71.07654905418583,42.39510178841419],[-71.07665146223101,42.39529851673789],[-71.07674131721011,42.39544730378384],[-71.07682253295063,42.395598489744295],[-71.07689288607398,42.39573946251514],[-71.07693430273936,42.39573961478926],[-71.07695760732706,42.39574195117019],[-71.0770008609001,42.395739859468364],[-71.07704677145651,42.39574002822095],[-71.07709288758971,42.395745779458814],[-71.07714724711961,42.395753901702754],[-71.07723029072731,42.39577725404313],[-71.07731339145113,42.39581023954962],[-71.07736719422468,42.39582898297083],[-71.07748698758216,42.395878398208346],[-71.07752843309078,42.39591060040969],[-71.07758706537042,42.39595186850463],[-71.07764099701961,42.39596953193127],[-71.07768852936441,42.395981500072175],[-71.07773913543143,42.39598789772462],[-71.07779030009569,42.396001589687366],[-71.07780886316051,42.39598644303041],[-71.07781827424161,42.39595946910187],[-71.07782439455693,42.39593419363514],[-71.0778216863923,42.395903214003106],[-71.07781829940738,42.39588294523476],[-71.07780796410526,42.395830060769505],[-71.0778082460596,42.39578783858286],[-71.07782837955295,42.39575577238404],[-71.07785786220087,42.39574237631427],[-71.07788557416053,42.395757692734634],[-71.07789963791902,42.39577971120079],[-71.07789740911286,42.395822466415474],[-71.07791748562259,42.39585350975299],[-71.0779451694562,42.39589124307401],[-71.07800974008126,42.39591632765893],[-71.07805717512164,42.39594287985688],[-71.07814467537608,42.39597191965089],[-71.07822181689383,42.39598795735247],[-71.07833299360342,42.39601825414664],[-71.07842808145769,42.39603876884941],[-71.07852940532307,42.39607128006139],[-71.07860198378405,42.39611592975541],[-71.07866706139194,42.396156140558936],[-71.07875404429097,42.396208225205086],[-71.0788588536815,42.396246330630035],[-71.07911026625369,42.39632089349684],[-71.07931464335572,42.39634531823672],[-71.0793979405638,42.39634904378982],[-71.07949830762989,42.39636120427927],[-71.07960433416035,42.39638076766631],[-71.07969366003081,42.39639117711334],[-71.07979546616505,42.39640613347235],[-71.07990648041083,42.39642454442678],[-71.08002464763625,42.396463237716375],[-71.08011895833533,42.39649122051668],[-71.08020791480313,42.39652071418607],[-71.08033252490374,42.396540344690315],[-71.08048227530566,42.396578612513885],[-71.08060532001319,42.39661453211169],[-71.08070194512592,42.39665989830066],[-71.0807700951161,42.3966949874926],[-71.0808362379938,42.39670306088622],[-71.08091320500777,42.39670901298614],[-71.08100839923596,42.396750412465664],[-71.08107154487544,42.39677089869573],[-71.08114860439555,42.396817903811694],[-71.08123189379597,42.39684125414261],[-71.08128994966235,42.39686001119495],[-71.08134672495963,42.39687039094112],[-71.081414986997,42.39688864489119],[-71.08149817717997,42.39690866362594],[-71.08164901514087,42.39694801421511],[-71.08174743127482,42.39697988180748],[-71.08181642823466,42.39701560364912],[-71.0818748738154,42.39704894637972],[-71.0819813172361,42.39707922243021],[-71.08219039928544,42.397145792305444],[-71.08234420038369,42.397196406252924],[-71.08245665065454,42.39723678681308],[-71.08257544668285,42.39727268887414],[-71.08269536117525,42.397323179425236],[-71.08280431062553,42.397378761701866],[-71.0829090804467,42.39742352534972],[-71.08298759252095,42.397471614821434],[-71.0830628742322,42.39749385446225],[-71.08312600145699,42.397535766183594],[-71.08319543697341,42.39757887108368],[-71.0832689624705,42.39762802263643],[-71.08332078348232,42.397671513811105],[-71.08336682252533,42.39770769175079],[-71.0834268464781,42.397778221010284],[-71.08347136809381,42.397841942017855],[-71.08349276850178,42.39789378564251],[-71.08351380812107,42.39794508778802],[-71.08352410346907,42.398004813687955],[-71.08352131841086,42.39805882047665],[-71.08350845551315,42.39813070638563],[-71.08350180206224,42.398181908300394],[-71.08350333383444,42.39824439335232],[-71.08352304165437,42.39829506047462],[-71.08352586361829,42.398309205100276],[-71.0835626721652,42.39834534954832],[-71.0835921901895,42.398363461982825],[-71.08362617681492,42.39838546178635],[-71.08366696472473,42.398407576213536],[-71.08370920664667,42.398430236054516],[-71.08372565069125,42.39846009484078],[-71.08373178116572,42.39848829581247],[-71.08372866216683,42.39851925419748],[-71.08372057804476,42.39854794391934],[-71.08370654992042,42.39859389753384],[-71.08367269617918,42.39864392071675],[-71.08365947961964,42.39871418484731],[-71.08366695677095,42.39875922594705],[-71.08369599562293,42.398794802069546],[-71.08376565034858,42.398841778607476],[-71.08379285791106,42.39886033277105],[-71.08384036692576,42.3988763495305],[-71.0839086057781,42.398898563134615],[-71.08398545727125,42.398922518366696],[-71.08405318960499,42.39892942527784],[-71.08408569417338,42.39891828924665],[-71.08411655333057,42.3988987746474],[-71.0841738515648,42.398866931700255],[-71.08425260173668,42.39882382268587],[-71.08432034560197,42.398792017402],[-71.08440700128476,42.39874731633143],[-71.0844721836317,42.39871712221331],[-71.08454620248573,42.398691551392425],[-71.08461862748374,42.398668225473344],[-71.08467898354037,42.398670063819075],[-71.08472815644363,42.398691667959135],[-71.08477555558908,42.39872442916147],[-71.0848343976663,42.398753360418375],[-71.08493416789524,42.39882016103983],[-71.08500969541302,42.39884231025027],[-71.0850878683206,42.39888706599861],[-71.08516294651801,42.398922177532086],[-71.08522957733706,42.39894888595844],[-71.08530330069858,42.3989868734149],[-71.08536028471043,42.39902137944488],[-71.0854433384481,42.39906282149485],[-71.08552913589763,42.39909337996808],[-71.08562641931344,42.39913208226239],[-71.08570021687407,42.39915881621869],[-71.08582029193185,42.39920426247494],[-71.0859479603882,42.39925873873304],[-71.08602478363952,42.399305739682156],[-71.08613388741836,42.39935726804973],[-71.08621697156649,42.39939420824052],[-71.08632204132236,42.39943113737559],[-71.08641095638863,42.39944946257484],[-71.08646349186658,42.39945856414841],[-71.08653864787445,42.39946342562347],[-71.08662373919583,42.399472103916764],[-71.08666855166257,42.399473435241106],[-71.08671444671128,42.399476390941],[-71.0868196490242,42.399474517999344],[-71.08689963805278,42.399464722015864],[-71.08698730161954,42.399451532453654],[-71.08710040632815,42.399429971469765],[-71.08716064841862,42.399412181983614],[-71.08727476526009,42.39938441252298],[-71.08734880944164,42.39937351457028],[-71.08744900585589,42.399356948529345],[-71.08754157527414,42.399336483858995],[-71.08765775257962,42.399309351600486],[-71.08775027436644,42.39927754305569],[-71.08787221130873,42.399242598771714],[-71.08792301231674,42.39921964347654],[-71.08799897317198,42.399175531613075],[-71.08805009033499,42.399141323885324],[-71.08813193636477,42.399088770362404],[-71.08820149632601,42.399038963687985],[-71.0883223615591,42.3989819582159],[-71.08842088519744,42.39894233816072],[-71.08851381381271,42.3989038683805],[-71.08860302247226,42.39889572468634],[-71.08870979867744,42.39889448584313],[-71.08879398341327,42.39889307615079],[-71.0888745898369,42.398881570469804],[-71.08895807415892,42.39885711096994],[-71.08905220582824,42.398820355586125],[-71.0891680072039,42.398794750940134],[-71.08927160258713,42.398778285477285],[-71.08936999725391,42.398758380297586],[-71.08949478192368,42.39873352760178],[-71.08956140980605,42.398742227891475],[-71.08964596872423,42.39872056259607],[-71.08973280265077,42.39870394692098],[-71.08981761781791,42.39868021176767],[-71.08990221744442,42.398652244464635],[-71.08998272289982,42.39861877080031],[-71.09005999257654,42.39857853344804],[-71.09014336793727,42.39853327621757],[-71.09027179376078,42.39847125405603],[-71.09035835729533,42.39844005239976],[-71.09047150978063,42.398410655836045],[-71.09058351478541,42.39838962768939],[-71.09068701820891,42.3983872050062],[-71.09079664540397,42.39837697156325],[-71.09092599769922,42.39835933580515],[-71.09104946593993,42.398368777440645],[-71.09113874876063,42.39838656013057],[-71.09117123973141,42.398414854346946],[-71.09119414689269,42.39844131394757],[-71.09123544642212,42.39847864224279],[-71.09128637815965,42.39851033296462],[-71.0913446157071,42.39853925873725],[-71.09140770640948,42.39858782782874],[-71.09148626757724,42.39864833550729],[-71.09153674281129,42.39867552309266],[-71.09159215867143,42.39867121836911],[-71.09164908840494,42.398677002133304],[-71.09175727463882,42.39868305774003],[-71.09182840095228,42.39869114247801],[-71.09191236335808,42.39872412043458],[-71.09199265350992,42.398761496684365],[-71.09207751169801,42.3988062713702],[-71.0921324687214,42.398854271058426],[-71.09224148273739,42.39893919371458],[-71.09237924544645,42.399030159948786],[-71.09243232987426,42.39908607532497]]]},"properties":{"TOWN":"SOMERVILLE","TOWN_ID":274,"TYPE":"C","COUNTY":"MIDDLESEX","FIPS_STCO":25017,"FOURCOLOR":4,"POP1960":94697,"POP1970":88779,"POP1980":77372,"POP1990":76210,"POP2000":77478,"POP2010":75754,"POP2020":81045,"POPCH10_20":5291,"AREA_ACRES":2643.574,"AREA_SQMI":4.13,"SHAPE_Leng":19766.4972358,"SHAPE_Area":10689706.6017}},
{"type":"Feature","geometry":{"type":"MultiPolygon","coordinates":[[[[-71.1445792361213,42.24531727039321],[-71.14450771382297,42.24530129355502],[-71.14447085684448,42.24530505073625],[-71.14435798940214,42.24527211000346],[-71.1441989538453,42.24523956626044],[-71.14410309911324,42.24521955239889],[-71.14400546787833,42.24519224045823],[-71.14392878846074,42.245145276691126],[-71.14382037040376,42.24511847131809],[-71.1437017466693,42.24511810320514],[-71.1436240531765,42.245143790893835],[-71.14358091725617,42.24514365697498],[-71.14354814632304,42.24511033388062],[-71.14347851497234,42.245081397843606],[-71.14335860557614,42.24507265252386],[-71.14333424636116,42.24511642181624],[-71.14330168927917,42.24517430045754],[-71.14324018642647,42.245165106265354],[-71.14317314326388,42.245106918095004],[-71.14309252230323,42.24502843075387],[-71.14305599752589,42.24497321837508],[-71.14288764360369,42.244938843219806],[-71.14280835726582,42.2449246417813],[-71.14272164179194,42.24489565212382],[-71.1426434072868,42.24484535151382],[-71.1425580176031,42.24477468162088],[-71.1424667704237,42.24471137594173],[-71.14239429548685,42.24467117654139],[-71.14238788833241,42.24462560102015],[-71.14233772331418,42.244561342837635],[-71.14220896600321,42.244467399648556],[-71.14207656257138,42.24433257097839],[-71.14197171673587,42.24425292692856],[-71.14180951821831,42.24418039633286],[-71.14166417851285,42.244147891792586],[-71.14156806149626,42.24413183633762],[-71.14145525555321,42.24415291138512],[-71.14132166383479,42.24418562537854],[-71.14123414991676,42.24421236113867],[-71.14116690249779,42.244212150953615],[-71.1411215194349,42.24422380311496],[-71.14103409481385,42.24421335629486],[-71.14099712576531,42.24421558148672],[-71.14093983978361,42.24423223807453],[-71.14088247647757,42.24424115174578],[-71.14081832860617,42.24422852680687],[-71.14072640453523,42.2442209466586],[-71.14060538163189,42.24421660647819],[-71.14052319549286,42.24422256126908],[-71.14043822250777,42.244228507272304],[-71.14031191638205,42.24423702463459],[-71.14019583220234,42.24425916854353],[-71.14011459894677,42.24428934430622],[-71.14006764659189,42.2443212480552],[-71.14000030595214,42.24435875978774],[-71.13993051995915,42.244378797841236],[-71.13988408682552,42.24442591834382],[-71.1398700405141,42.24446692831044],[-71.1398875677085,42.24449570310938],[-71.1399362001409,42.24450936027284],[-71.14000072798693,42.244519105910726],[-71.140079081703,42.244483969508416],[-71.14012039709381,42.244441874607084],[-71.14015494908291,42.24441722445918],[-71.14019215703458,42.24441563050236],[-71.14021447375933,42.244433166417025],[-71.14023874552187,42.24444782746965],[-71.14027138389386,42.24444009707409],[-71.140328364909,42.244391839064335],[-71.14038134998195,42.244364455646505],[-71.14045079133132,42.244362422393614],[-71.14052335084178,42.24436607080148],[-71.1406009008316,42.244387110725626],[-71.14065808513635,42.244409797433605],[-71.14074615458676,42.2444134042188],[-71.14081497738765,42.244413619578886],[-71.14084570888366,42.24442163843782],[-71.14086656923705,42.244439619822536],[-71.14095269598907,42.24444394061756],[-71.141036202973,42.24444015038725],[-71.1411176460303,42.244437073889955],[-71.14121489225961,42.24442495362031],[-71.14132913289858,42.24440739449068],[-71.14141913449866,42.244390749874555],[-71.14151319461392,42.244384921553625],[-71.14161731257846,42.244400371815765],[-71.14169585727656,42.24443842991819],[-71.14175166185377,42.244469484634116],[-71.14181159284725,42.24452080911889],[-71.14185014958693,42.244559282520854],[-71.14185605895976,42.24460710728984],[-71.14186260572117,42.24464935213961],[-71.14184292936889,42.24467909093298],[-71.14176736817652,42.24464905498189],[-71.14166016711897,42.2446216211432],[-71.14154421257798,42.24459938165523],[-71.14143959429515,42.24460805800926],[-71.14132156503848,42.24463127734969],[-71.14125133615973,42.244665359619475],[-71.14114060497171,42.244662222568294],[-71.14096574084238,42.244686524291396],[-71.14076408967007,42.24469093515873],[-71.14064701640618,42.24469507027666],[-71.14048480499751,42.244710317767606],[-71.14028855214957,42.2447456252577],[-71.1402481614545,42.24475288121022],[-71.1401989929859,42.24474822557652],[-71.1400568573432,42.2447275230786],[-71.13992242529847,42.24473718493578],[-71.13983595304454,42.24475095846877],[-71.13977135056378,42.24479694154829],[-71.13967232129175,42.244802842877505],[-71.13958421057653,42.24478510031065],[-71.13949872340032,42.24479608572893],[-71.1394070241386,42.24483406080031],[-71.13933251086148,42.244896848254726],[-71.1392165451892,42.24496175616073],[-71.1391889459609,42.24499948233934],[-71.13915481406848,42.245056634621704],[-71.13912289049568,42.245130269464966],[-71.13908303775509,42.245170658019354],[-71.13902564513516,42.245184522364376],[-71.13891272197284,42.24520442414933],[-71.13876503885449,42.245242762785736],[-71.13854599908166,42.24530005313178],[-71.13838503974797,42.245371570828254],[-71.13825975508267,42.24543419764338],[-71.1381527868725,42.24547212359851],[-71.1380084396734,42.245541442359176],[-71.13781219933755,42.245616269165396],[-71.13759644943265,42.24571237133878],[-71.13742763320947,42.24580132885754],[-71.13724697647685,42.24590537388087],[-71.13711627103721,42.24598319751713],[-71.13700016085737,42.24605143386548],[-71.13685414507098,42.246136591311945],[-71.13677973566186,42.24615940378065],[-71.13672451765176,42.246153016937676],[-71.13666325714405,42.24614381999053],[-71.1365873013554,42.24616158571818],[-71.13654092758853,42.24617656407319],[-71.13650328358214,42.246148355288916],[-71.13648412187653,42.24606672674896],[-71.136476471359,42.245985134656465],[-71.13648549599218,42.24589054090566],[-71.1364715281523,42.245811809790176],[-71.13641441535894,42.24577669698331],[-71.13632126313223,42.245750563088336],[-71.13623138614966,42.245766033708705],[-71.1361701794853,42.245810855124944],[-71.13612935994296,42.24587149651347],[-71.13611044982407,42.245936078660414],[-71.13608580714026,42.24602828207465],[-71.13609631302997,42.24611897635198],[-71.136081039659,42.246204367124335],[-71.13605275325416,42.2462769322718],[-71.13599765654413,42.24635490428156],[-71.13593899993604,42.2463986532884],[-71.13589297448858,42.24643731057481],[-71.1358804548497,42.24648624759564],[-71.13586569733803,42.24656614809495],[-71.13584709967837,42.24666062139166],[-71.13581122029213,42.24670489273407],[-71.13574997671938,42.246755925926756],[-71.13566469917755,42.24681417530446],[-71.13554915499066,42.24686773696869],[-71.13546142572471,42.24690977287738],[-71.13532602519393,42.2469183459206],[-71.135174139269,42.24688581239494],[-71.13504780743868,42.24689774506694],[-71.13493270025559,42.24693843310414],[-71.13485284716698,42.24698040356411],[-71.13475951615436,42.24704816991388],[-71.13467199885189,42.24713738200635],[-71.1346071317558,42.247186152289615],[-71.13450984354857,42.247246613350015],[-71.13438122463536,42.24731876857792],[-71.13428944632084,42.24734827642283],[-71.13415551658787,42.24739574605562],[-71.1340535132456,42.24741225669978],[-71.13394121849194,42.247406316782815],[-71.13388978776922,42.2473734716172],[-71.13388243372188,42.2473250116225],[-71.13387716771767,42.24725071946121],[-71.1338676471774,42.247178754529244],[-71.1338217141925,42.247117207055105],[-71.13374772404514,42.24704611682447],[-71.13370012616453,42.246958184976904],[-71.1336865655758,42.2468934095948],[-71.13366753928788,42.24683086753802],[-71.13362244860325,42.24679138020217],[-71.13345893318265,42.246800401497836],[-71.13345556001464,42.24681794672558],[-71.133238834889,42.24685038586203],[-71.13324808150998,42.24688579749041],[-71.13321108144959,42.24689306180295],[-71.13315588609031,42.24688271196431],[-71.13305415333987,42.24685258665192],[-71.13294601932982,42.24686070385516],[-71.13281942006047,42.24691872896996],[-71.13274136399886,42.24698492198744],[-71.13261103788903,42.24707957746827],[-71.13252030683695,42.24711646977527],[-71.13250534425895,42.24714739245924],[-71.13254081648506,42.24719468212171],[-71.1325111790614,42.24724869573742],[-71.13241147412448,42.247244955361126],[-71.1323115921363,42.24725084762197],[-71.13222778782522,42.247305137818685],[-71.13213356605445,42.24740053862793],[-71.13209040371935,42.24748818029641],[-71.13204010199587,42.24757408848055],[-71.13196613190533,42.24762498883646],[-71.13184714371992,42.24768654847717],[-71.13166682199262,42.24773044526175],[-71.13149145189078,42.247777148611355],[-71.1313822185299,42.2477656341133],[-71.13123254404752,42.24779036203705],[-71.13102292393692,42.247850459261876],[-71.13087533794365,42.247891038845275],[-71.13064748868453,42.247939282743495],[-71.13047514344552,42.24798653445936],[-71.13038439672435,42.248025675798466],[-71.13032818457012,42.24804413117106],[-71.1302612245199,42.24807704685246],[-71.13022304723121,42.24816128270388],[-71.1302436688955,42.248219869110855],[-71.13024337630851,42.24827001529528],[-71.13022480688798,42.248316591412824],[-71.13021448675467,42.24836157354515],[-71.13023781703444,42.24839207908263],[-71.1302936583442,42.24841647719507],[-71.13036075317528,42.24844361243659],[-71.1303611258923,42.24848358728697],[-71.13033253799594,42.24850267178585],[-71.13028690736564,42.2485351159752],[-71.13023200419626,42.2485991310717],[-71.1302052726914,42.24867386051627],[-71.1301900559128,42.24874808686147],[-71.13015171386496,42.248839704669884],[-71.13009512045416,42.248923340954136],[-71.13003334869212,42.24902217571647],[-71.12997926338267,42.249112032144915],[-71.12994498506716,42.24921320623493],[-71.12989108867427,42.24935366049952],[-71.1298321226912,42.24944917305612],[-71.12975003026303,42.24960367115778],[-71.12970450219456,42.249680590622134],[-71.12963734467664,42.24978841086263],[-71.12958435913008,42.24985576296281],[-71.12956179214825,42.249922673007525],[-71.12957210737343,42.24998230662871],[-71.12960144975312,42.250062348579725],[-71.12964769060117,42.25019529306709],[-71.12967506695674,42.250342221475],[-71.12967876173663,42.25045648236908],[-71.12965541143706,42.25055373024821],[-71.12961419554193,42.250639126462275],[-71.12955272634406,42.25072724826334],[-71.12947447467317,42.250804782275964],[-71.12937522135056,42.250867933556286],[-71.12928318271645,42.25091994423957],[-71.12912904001965,42.2510027248106],[-71.12904539448901,42.251069977604864],[-71.12885630812093,42.251160027416354],[-71.1287397696066,42.25123617671944],[-71.12860396564885,42.25133252049184],[-71.12848677227099,42.25139624318228],[-71.1283659728156,42.25145491236101],[-71.12827743064557,42.25148901744597],[-71.12817550476069,42.25149093815789],[-71.12808278821781,42.25145165455093],[-71.12803704621267,42.25139928855469],[-71.12799982848804,42.251319220702584],[-71.12794463196961,42.25126727418656],[-71.12786929083248,42.25126144810305],[-71.12782246154615,42.25129109646924],[-71.12778318573199,42.25135516103531],[-71.12773409576107,42.25139830664191],[-71.12766822461518,42.25143068415232],[-71.12758145799276,42.2514512898541],[-71.12746584248042,42.25145253531358],[-71.12733720143818,42.25144320478456],[-71.12720113411976,42.25141908496139],[-71.12709370713593,42.25140856261202],[-71.12699601770815,42.25143192334547],[-71.12689482087107,42.251454102198416],[-71.12683502976576,42.25150342476391],[-71.12678501441788,42.25155953138006],[-71.12673659579951,42.251591424905165],[-71.12665116535332,42.251611404034136],[-71.1265445131796,42.25161330792933],[-71.126433542906,42.25158710809425],[-71.12631221756575,42.25154962060896],[-71.12617579677794,42.251482733832155],[-71.12605277734106,42.25142435342928],[-71.12591797708752,42.25137043604402],[-71.12574525883693,42.25133503125814],[-71.12557902322149,42.251330527889365],[-71.12543081137342,42.25135201193131],[-71.12537034570923,42.25135127445883],[-71.12520384938898,42.25137035774436],[-71.12505375995704,42.25140191861119],[-71.12487692258743,42.25142780998518],[-71.12473523566133,42.25149333947087],[-71.1246341822951,42.251552519427854],[-71.12448807571064,42.25160714044184],[-71.12433226054478,42.2516640703017],[-71.12423793180521,42.251672224497064],[-71.1240850060069,42.25169144060798],[-71.1239757067013,42.251730966290204],[-71.12385857551789,42.251742466656644],[-71.12368819671963,42.251762075212014],[-71.12349292895341,42.25180987154211],[-71.12331842221543,42.251830726442236],[-71.12315284136076,42.25189932665682],[-71.12302731008221,42.2519783216426],[-71.12289524219528,42.252056034590986],[-71.12279492562836,42.252113144644966],[-71.12266807916612,42.25212794301588],[-71.12250408136295,42.252154323092405],[-71.12231863319955,42.25218081243501],[-71.12219192806928,42.2521921895781],[-71.12203640152138,42.252200140566366],[-71.12185072463335,42.25222428760236],[-71.12169977653421,42.252236664720115],[-71.12154509808764,42.252244617837846],[-71.12141819728413,42.252268417722206],[-71.12132895367849,42.25227712648301],[-71.12126005826083,42.252267355973],[-71.12111826263671,42.25226904886306],[-71.1210426215029,42.25227276056919],[-71.12080456982513,42.2522601805548],[-71.12062758351735,42.252269769340145],[-71.12047704215341,42.25229511061967],[-71.1203716303222,42.252332484990255],[-71.12025866839657,42.25237595638144],[-71.12014009769442,42.25244533795309],[-71.12003726315265,42.25251765246472],[-71.11992706378852,42.25258535093676],[-71.11981200627417,42.25267500071157],[-71.11969533670525,42.25275051020783],[-71.1195760365075,42.252820068841366],[-71.119427101436,42.25290051286982],[-71.11927903051547,42.25299842552997],[-71.11917974249609,42.25306507909733],[-71.11909135049494,42.25313347931223],[-71.11893924471414,42.2532573069929],[-71.11886123013096,42.2533330339598],[-71.11883064011484,42.25338181908462],[-71.11879095678263,42.253451461134325],[-71.11874317337241,42.25353800204587],[-71.11869430621508,42.253623368938065],[-71.11864673258506,42.253695145467994],[-71.11858355610968,42.25384240590834],[-71.11853860576893,42.25394138037912],[-71.11850059830218,42.25401435902723],[-71.1184574380261,42.254057520375916],[-71.1184132564493,42.25412939810803],[-71.11834988110985,42.25418878778575],[-71.11826769097405,42.254253246624444],[-71.11789362157701,42.254528306532954],[-71.11777807291287,42.25461795262294],[-71.11766566444815,42.25470931963634],[-71.11754023815526,42.25480901603095],[-71.11741068731048,42.25490932875895],[-71.1172971273719,42.25499051810467],[-71.11717499538452,42.25508635375948],[-71.11704108064968,42.2551866515185],[-71.11691692398816,42.25529652493214],[-71.1167797084806,42.25536133928077],[-71.11667588144473,42.2554560650986],[-71.11664598289757,42.25549026696772],[-71.11660083013975,42.255541883845794],[-71.11653887816051,42.25560586883606],[-71.11644268154525,42.25566118648469],[-71.11633687453235,42.25574249080747],[-71.11621667538911,42.255838872081505],[-71.11612814585955,42.25590880006427],[-71.116045097537,42.25599414155469],[-71.11597588909649,42.256075477894164],[-71.11591628171116,42.25615234477484],[-71.11584555316257,42.25624447963079],[-71.11579029845676,42.25632298155984],[-71.11570845609452,42.256429123924796],[-71.11563391270568,42.25653069910019],[-71.11557106450388,42.25662222994843],[-71.11550437072108,42.25672833285235],[-71.11546236361866,42.25682047361204],[-71.11546938089266,42.2568823481832],[-71.11550642406391,42.25692919815244],[-71.11557482340649,42.25700145171425],[-71.11560560892323,42.25708096183],[-71.11559849282781,42.25715521330433],[-71.11556867837865,42.25725522758229],[-71.1155041790304,42.257359087056145],[-71.11541712360743,42.25746521174144],[-71.11532596540457,42.25756835160263],[-71.11523184489302,42.25766031766219],[-71.11516071275477,42.257718689230245],[-71.11509459662078,42.257749348127106],[-71.1150428139326,42.25777465320308],[-71.11499533917436,42.25782896257159],[-71.11492195403554,42.25789903042175],[-71.11482752882374,42.25796119497956],[-71.11471353849885,42.258051923557254],[-71.11457870391447,42.25816229876766],[-71.1144757989698,42.25824361109976],[-71.1144147316462,42.25830084559843],[-71.11419611302014,42.258457034661774],[-71.11404148753336,42.25857301466981],[-71.11395060740999,42.258649775385635],[-71.11387367651336,42.258704705491986],[-71.1137979749849,42.25875675870102],[-71.11369896286716,42.25881548573603],[-71.11360264525186,42.25888943693182],[-71.11352388596035,42.258945981201975],[-71.11344291371749,42.25900764971454],[-71.1133780948287,42.25906370063081],[-71.11334058411911,42.25907365775353],[-71.11326052369735,42.25916458916567],[-71.11319628544751,42.25920488657248],[-71.11310636170647,42.259263643711236],[-71.11300124000398,42.259330272253614],[-71.11292914612152,42.25940655528909],[-71.11283743857115,42.25945963427339],[-71.11276521859938,42.259516830285214],[-71.11267753191412,42.25960602498643],[-71.11261492343539,42.25963732450134],[-71.11257144081323,42.25969227654269],[-71.1125426642058,42.25976033263332],[-71.11251385278123,42.259814253789315],[-71.11247365001478,42.25988776317063],[-71.11244051284896,42.259935547625204],[-71.1123752651441,42.2599623365694],[-71.11230361545643,42.26000539940496],[-71.11222787359642,42.26008338026041],[-71.11211871848141,42.26023435306882],[-71.11201925430304,42.26036627202331],[-71.11191820421753,42.26049980608092],[-71.11185681445579,42.2605693723149],[-71.11178852716198,42.260656921320304],[-71.11170671737167,42.2607359616793],[-71.11163956096172,42.26079713544741],[-71.11146005901121,42.260916358955924],[-71.11124958048735,42.26098767105697],[-71.1110403239762,42.26105727633055],[-71.11087876332964,42.26111641925089],[-71.1107565953006,42.26117515530181],[-71.11062782414683,42.261203888636686],[-71.11044744925353,42.26124775197707],[-71.11020473668594,42.26121928891267],[-71.10993894003191,42.26119993004438],[-71.10974461096113,42.26122663906187],[-71.10949749218578,42.26128386867795],[-71.10935900619344,42.26133516523941],[-71.1091981642127,42.261375671906094],[-71.10900705752694,42.26135143331233],[-71.10869490483188,42.26132165021984],[-71.10853173051375,42.2612687862479],[-71.1084174968708,42.26121996026776],[-71.10832832452701,42.261136377805784],[-71.10824539254833,42.26104327331599],[-71.10809951302413,42.26097696313195],[-71.10794842952266,42.2609094645946],[-71.10777188835026,42.260823332588494],[-71.10758201497225,42.26075687145586],[-71.10735508820859,42.260743671479965],[-71.10704238253139,42.260764569239605],[-71.10674614107825,42.26080803019657],[-71.10640369868527,42.26085520335148],[-71.10603928896056,42.26092660839415],[-71.10570459631116,42.260955259742744],[-71.10538907224176,42.26096137830054],[-71.10509996375451,42.26089070066664],[-71.10488168891084,42.260811713151405],[-71.10471182998124,42.26070426215222],[-71.10449657366561,42.260530211914855],[-71.10437384828974,42.26038628026267],[-71.10428991523678,42.26026048829907],[-71.10418062231477,42.260120023885094],[-71.10413440283413,42.26006863709968],[-71.10405592724018,42.2599812168348],[-71.10394901744633,42.25988622589682],[-71.10387941027926,42.259834308180736],[-71.10379768731596,42.25982052162256],[-71.10378449157493,42.25981813529218],[-71.10368300636799,42.25980545085707],[-71.10354896009827,42.25980552830039],[-71.10339076030084,42.25981119409471],[-71.10318546928347,42.25982741059143],[-71.1029972650434,42.259863312487674],[-71.10277732194653,42.2599547432418],[-71.10264445173841,42.2600184753875],[-71.10250855134734,42.260082196889954],[-71.10228479143649,42.26022150980829],[-71.10215426745484,42.260316760249594],[-71.10197993488292,42.26042077173288],[-71.10182315726657,42.26052772480902],[-71.10167878648484,42.26060825169253],[-71.10153759022334,42.260665741558974],[-71.10140478692954,42.260756931857536],[-71.10124278182671,42.26086611676104],[-71.10109205734629,42.26095454354094],[-71.10091988867183,42.26106081169821],[-71.10075313024603,42.261173940739084],[-71.10059352196083,42.261287094408196],[-71.10041733520414,42.26141522528613],[-71.10025795731796,42.26153008987207],[-71.10015002468744,42.26161686376193],[-71.10010126757238,42.26166062893297],[-71.10003499056891,42.261714956677544],[-71.09995593813696,42.26179624907426],[-71.09978972248761,42.2619571848827],[-71.0996327815177,42.26210797932243],[-71.09945739562758,42.262281306902125],[-71.09928825494694,42.262444392510965],[-71.09912538296096,42.26259354500248],[-71.09900653866103,42.2626994562458],[-71.09889165375608,42.262754243788265],[-71.09880271347915,42.262788774939224],[-71.09863081029799,42.262813472818735],[-71.09849106053028,42.26285187749998],[-71.09834932243595,42.26285975466701],[-71.09820479266557,42.26286825210558],[-71.09801326813079,42.2629098061661],[-71.09786587816745,42.2629869865511],[-71.09770368057316,42.26304826947674],[-71.09761611817538,42.26311377508047],[-71.09759041924372,42.26313340173612],[-71.0975183338481,42.26324289645667],[-71.09750929793711,42.2632533983709],[-71.09750404675917,42.26325959207953],[-71.09746887498837,42.263301243011824],[-71.09740838249581,42.263379267573484],[-71.09732230082608,42.26351680265709],[-71.09726804229959,42.26362464914537],[-71.09721464975624,42.26372970769421],[-71.09714846236383,42.26386452147137],[-71.09708656395436,42.26397288125012],[-71.09704008003057,42.26407787392238],[-71.0969976489567,42.264174507948894],[-71.09697689926652,42.26425438232694],[-71.09691502481253,42.26435887077439],[-71.09680422496857,42.26451378462535],[-71.0966735188204,42.264673039952406],[-71.09655151426794,42.26479811406318],[-71.09641572350745,42.264937184368996],[-71.09627217678906,42.26501887773952],[-71.09615282847032,42.26510731829991],[-71.09597766875956,42.26524237830915],[-71.09582750215536,42.26537356467195],[-71.09570696920451,42.26545749906714],[-71.09563553630716,42.26552080916882],[-71.09554001555445,42.265654888481656],[-71.09547593346247,42.26570589017906],[-71.0953822944779,42.265753996752586],[-71.09532919073588,42.26583204623278],[-71.09528115904124,42.265931991001686],[-71.09516583075727,42.2661116457054],[-71.09504917945983,42.26628958504241],[-71.09493471921445,42.26640910212447],[-71.09487954120647,42.266527027630644],[-71.09481116761256,42.26666129211892],[-71.09470479413126,42.26680496570023],[-71.09457672859261,42.26692884590026],[-71.0944503087765,42.26706065446038],[-71.0943129677013,42.26715641206165],[-71.09418735802215,42.26721835945247],[-71.09405502710247,42.26723202654925],[-71.0939671479026,42.267213079534585],[-71.0938457275949,42.26720760844996],[-71.09368556739503,42.267194617666476],[-71.09357596351943,42.267161098558084],[-71.09347923785398,42.26716075619356],[-71.09336714610464,42.26717494429507],[-71.09317282661927,42.26712068785088],[-71.09303339174862,42.26703259402472],[-71.09289504033302,42.26692685786885],[-71.09278660812727,42.266843195108365],[-71.09264950584542,42.266807236800815],[-71.09245687320882,42.266792508556144],[-71.09216039155652,42.266791996177346],[-71.09194810866673,42.26677944805499],[-71.09171525513605,42.26674260817099],[-71.09146850287333,42.26669950625731],[-71.09130820209221,42.26665220998542],[-71.09117068129493,42.26660616498779],[-71.09105541258441,42.26656803173244],[-71.09091612401875,42.26655178026832],[-71.09071065418873,42.26657301560749],[-71.09064313656673,42.266610947931305],[-71.09050215043337,42.266651049083116],[-71.09035170689428,42.26669156647899],[-71.09029424045748,42.26671215854252],[-71.09024600743199,42.26672945239081],[-71.09020335191856,42.26678394876888],[-71.0901980645318,42.266870539356916],[-71.09019770405575,42.26692626702339],[-71.0901974390851,42.2669672300089],[-71.09016634634304,42.26708929059513],[-71.0901679209683,42.26725810361566],[-71.0901678930024,42.267412325952535],[-71.0900940033027,42.267554400624924],[-71.09002156841584,42.26771511677603],[-71.089966010093,42.26785275527205],[-71.08995155917604,42.26796920327289],[-71.09002487604475,42.26806561771788],[-71.09011706387784,42.26820549421639],[-71.0901890929356,42.26833242432504],[-71.09024729007395,42.26846146576657],[-71.09030051644869,42.2685719431399],[-71.0903353464569,42.26865930703232],[-71.0903579672183,42.26874149561858],[-71.09034634489467,42.268851741626435],[-71.0903166057076,42.26895183957704],[-71.09031922000565,42.26905367349026],[-71.09024041970427,42.26922382023913],[-71.09012854143965,42.269391688144935],[-71.08999284853074,42.269530661134795],[-71.08984148515749,42.26961853066237],[-71.08967154931146,42.269691658649684],[-71.08952275932755,42.26975639909513],[-71.08940521687883,42.269825212416386],[-71.089292858395,42.269842276578366],[-71.08908223808866,42.26985223678932],[-71.08884978409873,42.26984573288468],[-71.08854460302423,42.26980133518658],[-71.08815513683331,42.26972566392605],[-71.08787546349089,42.26967343322633],[-71.0876327797764,42.269637090021284],[-71.0872670444302,42.26956600247712],[-71.0867829635173,42.269463607508726],[-71.08631448094113,42.269385935064946],[-71.08592148298447,42.26931357461437],[-71.08568708789865,42.26927059490743],[-71.08524346481852,42.26917329106244],[-71.08492440566877,42.26910182441311],[-71.08464428240268,42.269045082662046],[-71.08433668078821,42.26898265887348],[-71.08398347043126,42.26892511076155],[-71.0836880823515,42.26888577731131],[-71.08331808370004,42.26881916322477],[-71.08312156474007,42.2688049454237],[-71.0830030025737,42.26882531204798],[-71.08286967955952,42.2688783060514],[-71.08276877511092,42.26894150111524],[-71.08271393255993,42.26898631716244],[-71.082592443412,42.26904610613987],[-71.0824210814915,42.26915063893407],[-71.0822992141036,42.26924931945315],[-71.08217096711014,42.26934113430474],[-71.08206081567843,42.269409336816786],[-71.0819719454017,42.269430440646595],[-71.08191364783376,42.26944760433542],[-71.08180162306998,42.269505716350224],[-71.08170383549523,42.26955550726652],[-71.08158264806553,42.269587656876624],[-71.08150067234402,42.26961094619683],[-71.08143782496033,42.26960117391027],[-71.0813552289695,42.269608255355266],[-71.08086675815458,42.26971270977525],[-71.08052893959702,42.26978359088566],[-71.08035961844968,42.269798817690244],[-71.08019399642234,42.26982288076819],[-71.08003396263965,42.26982679718473],[-71.07996152487107,42.269782597322425],[-71.07989617677514,42.269729510317035],[-71.07980865601499,42.26972973030818],[-71.07969300737969,42.26974902381437],[-71.07959439469361,42.26970364755148],[-71.07944914433787,42.26965359889441],[-71.07940676757998,42.26964615122258],[-71.07928738075907,42.2696259972156],[-71.07913370839972,42.26963947892695],[-71.0790172436582,42.26969036951248],[-71.07896403712448,42.26976210892881],[-71.0788955139474,42.26982208817661],[-71.0788908820404,42.26982594250909],[-71.0787783492141,42.269923483133574],[-71.07864896399742,42.26993030097991],[-71.07852374859027,42.26992984150336],[-71.07847174722616,42.26992965064479],[-71.0783303388766,42.2699398451647],[-71.0781647877678,42.269971288091526],[-71.07808473705153,42.26997828650549],[-71.07802252485075,42.2700005655868],[-71.07792980834645,42.270034616571756],[-71.07781761565583,42.27008084005098],[-71.07778109317316,42.270104383836866],[-71.07771523406083,42.27014636605115],[-71.07774073315868,42.27023081850546],[-71.07766140929006,42.270292377855924],[-71.07760254853754,42.27037552973593],[-71.07755419666255,42.2705187706656],[-71.07756563412687,42.270548702902786],[-71.07744433177601,42.27056113102596],[-71.07713525243817,42.27062922693198],[-71.0770065628464,42.27064054702533],[-71.07682959108651,42.270657361006506],[-71.07661129215582,42.27067285196605],[-71.07645869198856,42.27068867485557],[-71.07629460482389,42.27073641603415],[-71.07616139264347,42.270771396549684],[-71.07610006545873,42.27078800592841],[-71.07606304911059,42.270794621588564],[-71.07599237471588,42.27077698476832],[-71.07580699048172,42.2707103977576],[-71.0756258709313,42.27064058510175],[-71.0754238501101,42.27056043139611],[-71.07515664453432,42.270457618583414],[-71.07500442623554,42.27041654159231],[-71.0747779605217,42.2704207450141],[-71.07450984872482,42.27039895490707],[-71.07415118539156,42.270413380876214],[-71.07385453121242,42.270417952405836],[-71.07357315870286,42.2704033133554],[-71.07324600338005,42.27043703001419],[-71.07310718398078,42.270458481560034],[-71.07302721172033,42.270435676600584],[-71.07295832311428,42.27045900849036],[-71.07289730891347,42.27051901209643],[-71.07291027472822,42.27059162501423],[-71.07288619355212,42.27062142563024],[-71.07278324260913,42.27066263685792],[-71.07229549002572,42.27083692133219],[-71.07211313610873,42.27091447869048],[-71.07194473418893,42.27095436492449],[-71.07175215361465,42.270966611377375],[-71.071592003668,42.270951339081684],[-71.07138300936944,42.270970816168195],[-71.07122308178248,42.270976431297385],[-71.07112724371578,42.270897836810065],[-71.07103552523934,42.27085535991831],[-71.07080907159718,42.270803826593024],[-71.07043963192632,42.27074446560342],[-71.07018963896627,42.270714270299834],[-71.06987779939949,42.27074128239421],[-71.06970853809194,42.27076477655594],[-71.06952441365075,42.270817024567684],[-71.06929565591916,42.27085497009052],[-71.06915640510019,42.27088604852993],[-71.06911894846938,42.270850345893585],[-71.06900010062739,42.270875828759806],[-71.06887447617387,42.27089957548154],[-71.06880942227319,42.270822265005876],[-71.06857548241882,42.27085568810603],[-71.06835430152304,42.27092012923364],[-71.06817656045799,42.27099598711387],[-71.0680793407695,42.27108502196599],[-71.0680633958239,42.271183455538456],[-71.0680232231703,42.27131501929201],[-71.06791441670435,42.27152096023846],[-71.06778209796944,42.27156619790853],[-71.06763022338227,42.27159938772756],[-71.06728346080018,42.27150300934252],[-71.0670289043639,42.27144857172709],[-71.0669285782235,42.27144198133456],[-71.06687437266929,42.27149804607971],[-71.06671551716225,42.271488443799505],[-71.06653970484747,42.271459060585734],[-71.06634371232964,42.27140268173495],[-71.06604377321965,42.27137282898918],[-71.0659095068998,42.27133063737064],[-71.0658429391974,42.27129779463756],[-71.06569911610191,42.27125277569199],[-71.06552146054997,42.27115649115422],[-71.06528610431509,42.27098958395297],[-71.06510943136638,42.27083865386449],[-71.06501696796384,42.270764028375865],[-71.06495183748268,42.270786829524006],[-71.06488885235646,42.27079730456004],[-71.06485036166067,42.27077131991756],[-71.06485757589014,42.2707269621256],[-71.06484465145623,42.270702604869705],[-71.06470925613479,42.27070155157918],[-71.06451851005926,42.27067607000104],[-71.06438748441111,42.270638930594814],[-71.06433739712621,42.270571847796916],[-71.06433059916237,42.27048512245407],[-71.06432389367575,42.27043783090315],[-71.06431407235188,42.27040295176628],[-71.06431702206429,42.27036181893019],[-71.06428598424782,42.270327399483115],[-71.0642899238118,42.270248097387956],[-71.06425849022408,42.27014786399179],[-71.06425389875808,42.270022343777335],[-71.06434379806953,42.270081744983955],[-71.06442998341329,42.270099537850946],[-71.06447932732132,42.27011602054546],[-71.06451796158079,42.27013867472637],[-71.06453492627469,42.27012190331476],[-71.06453027506774,42.27009316588594],[-71.06449725458641,42.27004739510822],[-71.0644276482761,42.26998077850366],[-71.06443628927046,42.26976419741021],[-71.0644339931303,42.26963976626875],[-71.06446884698394,42.269471721095634],[-71.0646062963424,42.26936753656954],[-71.06467307439515,42.26928118018055],[-71.0646830611469,42.26918614560602],[-71.06464664285865,42.269088054137605],[-71.06460488993613,42.269025414532074],[-71.06454553277065,42.268949203552225],[-71.06445735847701,42.26888593770636],[-71.06436611366573,42.26884615816157],[-71.06428606547331,42.268835140824734],[-71.06418793037135,42.26884548210628],[-71.06408645310103,42.26886589405856],[-71.06396771539583,42.26887561676232],[-71.06389833771186,42.26886409948465],[-71.06387549412142,42.26885446947842],[-71.06379351307878,42.26882489812881],[-71.06363959511896,42.26880342626065],[-71.06347812843211,42.26882198916498],[-71.06339973775246,42.26886949748106],[-71.06342246696052,42.26893089481332],[-71.0634074063388,42.26895280505437],[-71.06338094274396,42.268958376379615],[-71.0633421654379,42.268939052399574],[-71.06331255155669,42.2688916736651],[-71.06334316512506,42.26884677470846],[-71.06335191748795,42.26880800474455],[-71.06310060374858,42.268584222866785],[-71.0630434534895,42.268575002356044],[-71.06296375977837,42.26860053792059],[-71.0629093746978,42.26852434500144],[-71.06289236195003,42.268372398399315],[-71.06295309621483,42.268283769216],[-71.06306450494411,42.26819416241516],[-71.06311122246566,42.268116643627195],[-71.06305380893865,42.268005057165745],[-71.06283935195394,42.267780784679154],[-71.0626426169498,42.267658494081],[-71.06245294832462,42.26754865430784],[-71.06235536512547,42.267531986896415],[-71.06224797536392,42.2675837954241],[-71.06206607161594,42.267665930173834],[-71.06186097584242,42.267788850116],[-71.06164949270912,42.26788878746952],[-71.06144569227907,42.267999467432894],[-71.06131001674323,42.26812724304484],[-71.06121332525747,42.26829676165992],[-71.06115848491443,42.26839162457648],[-71.06119888024413,42.26842220932523],[-71.06125923211977,42.26842415049719],[-71.06121805285113,42.26845424349589],[-71.061033775097,42.26851106890167],[-71.0610201809649,42.26854864978904],[-71.06103788668659,42.268599944960705],[-71.06111522910031,42.26865146805814],[-71.06112771529199,42.268703823635825],[-71.06107624015903,42.26878528478778],[-71.06090754366572,42.26879751429611],[-71.06089899526292,42.26875417682533],[-71.06095518961413,42.26865643822954],[-71.06092890109676,42.26861924505749],[-71.06082560855724,42.26862164104305],[-71.06072893610663,42.26866574649207],[-71.0607079784708,42.26871635363358],[-71.06059330890236,42.26878613891573],[-71.0604055068869,42.26879163230826],[-71.0603372489814,42.268880861562366],[-71.06004409709156,42.268957975581905],[-71.0595838184734,42.269100260515174],[-71.05957834070571,42.26915587850531],[-71.05961129856694,42.26924495526579],[-71.05975203189683,42.26934957038955],[-71.05986862792017,42.26943896766984],[-71.05997566887194,42.26954282316613],[-71.05993985933496,42.26955006847376],[-71.0598106251563,42.26950005628839],[-71.05973911247732,42.26942946815444],[-71.05964634080722,42.26940039265966],[-71.05958909642364,42.269352366824116],[-71.05947813508644,42.26934176776635],[-71.05930109614809,42.26931578988621],[-71.05900460261122,42.26933265787016],[-71.05885825444217,42.269320841951746],[-71.05881070281855,42.269325791033445],[-71.058769961667,42.26943196081423],[-71.05866426496836,42.26951825427284],[-71.05861909041592,42.26959955847651],[-71.0585900726164,42.269623665214745],[-71.05854475974004,42.26970739968636],[-71.05852142868622,42.26987215627381],[-71.05845714141493,42.269878121242506],[-71.05836677674435,42.269921078558184],[-71.05827029167129,42.27000731704384],[-71.05826019450268,42.270047251850634],[-71.05819856623343,42.27005430727164],[-71.05805077702463,42.27019670743066],[-71.05795309776144,42.27029761606162],[-71.05790871978934,42.27047300515452],[-71.05785839113858,42.270493608500516],[-71.05768946434145,42.27055543934081],[-71.05743672392578,42.27067654731874],[-71.05731248535149,42.27076159767321],[-71.05730097543152,42.270812780787224],[-71.05737614410614,42.270949827187394],[-71.0573641591498,42.27096490615632],[-71.05726997428538,42.27094707714848],[-71.05716240713838,42.27093612882762],[-71.05707465299339,42.27096946190576],[-71.05671314013054,42.27114749830352],[-71.05654028110462,42.27126846246145],[-71.05639266157594,42.27142031435857],[-71.05630375437818,42.27147966127201],[-71.05619472115467,42.27147023690691],[-71.05600259546769,42.27145148815692],[-71.05575639088,42.27150392427109],[-71.05563850672068,42.271581164723166],[-71.05547144359578,42.27165308295871],[-71.05527852830328,42.27172949241292],[-71.05519133691821,42.27178596412855],[-71.055050229382,42.27185573150995],[-71.05481260784244,42.271928455770244],[-71.05456483339898,42.27204858634979],[-71.05453579897531,42.27210915443775],[-71.05445045853395,42.27217805700927],[-71.05430652626447,42.27228724597209],[-71.05429236531475,42.272439162858106],[-71.05440300929845,42.27256446479429],[-71.05460513998918,42.272643395517804],[-71.05486138700117,42.27269795726305],[-71.05498198846792,42.27276927880228],[-71.05512688543999,42.272781634187126],[-71.05526873575486,42.272848086041186],[-71.05532290182468,42.272851086730114],[-71.05548862634906,42.27284947750859],[-71.05561693775913,42.27289327882291],[-71.05577520919792,42.27288272731007],[-71.05595848866432,42.272867050491435],[-71.0561403272673,42.27274558174625],[-71.05618992404084,42.272639447163705],[-71.05629278241983,42.27261346560369],[-71.05634471591688,42.272554426035775],[-71.05644281057835,42.27253355768911],[-71.0565399297556,42.27256544348048],[-71.05663107875381,42.272584341721334],[-71.05675231850567,42.27258201875251],[-71.05683691199337,42.27255029427844],[-71.05693246843346,42.27256299716895],[-71.05701440767075,42.27259878534485],[-71.05710057864388,42.272618834410025],[-71.05717405474606,42.272599401019306],[-71.05741324541087,42.27261436782387],[-71.05763304019342,42.27264672537642],[-71.05767350002589,42.27266821848471],[-71.05769527863978,42.27270890620148],[-71.05774030522826,42.272753464729035],[-71.05782850528055,42.272795488546556],[-71.05795920060186,42.27279320070662],[-71.05811740607177,42.27277463298357],[-71.0583269066528,42.27277093732275],[-71.05843431897453,42.272804571672715],[-71.05849973821641,42.2728453369838],[-71.05848946104558,42.272876268029705],[-71.0584257655305,42.27288385581617],[-71.05836124450988,42.27285335741493],[-71.0582366270184,42.27283586234131],[-71.05798403822847,42.27282984875989],[-71.05773956229983,42.27285987813829],[-71.05765784160562,42.27281004653922],[-71.05755877307435,42.27271000095818],[-71.05748282711352,42.272683869549624],[-71.05731381481891,42.272705005633746],[-71.05721378339895,42.272708131210656],[-71.05697683735697,42.27268416958162],[-71.05681021505474,42.27265822809236],[-71.0566304253301,42.27267770102907],[-71.05645529457422,42.27272429091678],[-71.05628515645098,42.272784944615424],[-71.05615969230783,42.27285378344973],[-71.05599581293295,42.272938048949484],[-71.05584234480452,42.27297238744575],[-71.05567167954264,42.27300431840777],[-71.05550572796865,42.27300367624885],[-71.05534721901809,42.2729789344393],[-71.0551465733602,42.27294718687246],[-71.05505888701356,42.27295305931198],[-71.05498697813535,42.272973577793245],[-71.05491439461562,42.272969335173165],[-71.05480679254819,42.27298017195582],[-71.05475402219538,42.27298554928982],[-71.05472357168298,42.27298885240103],[-71.05467459996639,42.27297119656717],[-71.05463561171501,42.27289568968686],[-71.05456552839635,42.272828975234084],[-71.05443722987488,42.2727834622079],[-71.05433100897177,42.2727875515998],[-71.05431354442621,42.272840421880936],[-71.05436002768481,42.272918838938324],[-71.05447829753828,42.27304588095966],[-71.05460032825616,42.27313809555997],[-71.05467364320329,42.273245246298686],[-71.05475924120161,42.27329509505525],[-71.0548888834457,42.27337383424506],[-71.05514111762457,42.27355145174352],[-71.05547499032699,42.273842553252734],[-71.0557825164822,42.27415713989876],[-71.05593525329368,42.27436588146006],[-71.05597585461625,42.274436442417475],[-71.05609237661157,42.27445048747412],[-71.0562206004777,42.27445539450075],[-71.05646320596117,42.274572291156204],[-71.05670706527388,42.27466605425342],[-71.05674333894054,42.27457562341114],[-71.05677295058256,42.27446707068371],[-71.05674313564104,42.27441410762085],[-71.05676167188697,42.27439842379257],[-71.05678758947369,42.27441932089524],[-71.05682378963735,42.27447798051687],[-71.05683557283518,42.274543838396745],[-71.05682783758648,42.274713786431604],[-71.05680436130515,42.27491572463176],[-71.05678490874296,42.27504502361252],[-71.05676111715871,42.27504943333054],[-71.05672861789859,42.27503355254014],[-71.05671272126844,42.27496650838076],[-71.05668115556549,42.27488652935416],[-71.05667600175644,42.274808813005485],[-71.05664000051115,42.274756366224516],[-71.05659397976082,42.274732510498815],[-71.05642095174535,42.274685746662485],[-71.05626847456212,42.2746299688681],[-71.05615588940302,42.274607656385136],[-71.0561330938033,42.27464295033902],[-71.05612768086176,42.27472341683027],[-71.05617120990435,42.27482603994119],[-71.05619239956154,42.274916152481175],[-71.05620806338335,42.27508556066974],[-71.05624968415057,42.27527028432176],[-71.05625907110341,42.275453172835725],[-71.05622017242779,42.27574508195104],[-71.05613863845471,42.27608346214773],[-71.0560585214621,42.2762368347954],[-71.05609599564714,42.27632133833981],[-71.05612473481264,42.2764413702113],[-71.05609298490793,42.27650877047572],[-71.05605588102036,42.27650979746328],[-71.05602653050967,42.27647700289341],[-71.05597944963034,42.27637940774885],[-71.05595340528646,42.276376516110304],[-71.05593096320116,42.27643044772197],[-71.05584062731108,42.27651958886178],[-71.05561262517084,42.27675674790106],[-71.05534331458398,42.276989155005346],[-71.05505417774859,42.27717881015613],[-71.05479173368725,42.277365146885295],[-71.05455210684254,42.27749593258567],[-71.05453385149002,42.27750594521382],[-71.0544375564526,42.27754554529191],[-71.05426902527655,42.27761691588125],[-71.05409261549352,42.2776707896969],[-71.05385273984182,42.27771604388669],[-71.05373750590667,42.27770767352205],[-71.05372338724791,42.27768114966237],[-71.05372438800694,42.277642350353105],[-71.0536953199667,42.2776039743912],[-71.05367684545926,42.27761065489895],[-71.05364724571679,42.27761333082231],[-71.05357087481204,42.27764688552028],[-71.05353974097048,42.277660809280924],[-71.05347247234229,42.27767576295603],[-71.05335614994208,42.27771861540078],[-71.05324832111143,42.2777604203978],[-71.05312282492437,42.27779756499453],[-71.05299062229001,42.277822979373056],[-71.05278814632634,42.2778767497402],[-71.05266221791689,42.27792352542843],[-71.0525178561725,42.27795393362166],[-71.0523988935354,42.277992813465396],[-71.05235663722954,42.27800228206056],[-71.05232134708265,42.278038156764765],[-71.05222505812651,42.278076584617864],[-71.05214075342639,42.27810038412944],[-71.05189302659424,42.27814110208921],[-71.0516339671291,42.27820707388237],[-71.05148032311517,42.27824698778514],[-71.05143661957436,42.27828958166029],[-71.05136848386903,42.278289855728055],[-71.0511144377322,42.27831542218386],[-71.05073682295887,42.27834527643315],[-71.0504750314381,42.27838593632544],[-71.05035493922568,42.27842994138173],[-71.05019087723264,42.27853679556395],[-71.04997548046983,42.27858267771776],[-71.04982311501725,42.27856182374528],[-71.04969112334358,42.27852304332306],[-71.04950944380695,42.278549880265835],[-71.04930795082238,42.27851586850244],[-71.04910041325104,42.278496507648356],[-71.04886509324407,42.27846290248993],[-71.04869764251639,42.27843244452176],[-71.04852752628564,42.27835074839881],[-71.04843694754099,42.27830204587194],[-71.04837875605632,42.27828489131742],[-71.04812559247506,42.27818657247432],[-71.04791925642148,42.278067010098006],[-71.04778664857986,42.27802993563184],[-71.04769126004418,42.27802676908081],[-71.04765601546036,42.27805589024265],[-71.04754356774892,42.277996927411785],[-71.04745354787072,42.277938052838984],[-71.04737462931378,42.27800526485453],[-71.047311398243,42.278065696316595],[-71.0472374713611,42.27806207378997],[-71.04724866217768,42.277989013014796],[-71.04727034493021,42.27794066199262],[-71.04726787450498,42.27789617711269],[-71.0469282210462,42.27766976115654],[-71.04652532427811,42.27742112701451],[-71.04621436663037,42.27721741989742],[-71.04592647445139,42.27706034897182],[-71.04567144836157,42.27695247404599],[-71.04540463597377,42.27686534898627],[-71.04522767909492,42.27684268097015],[-71.04492221236764,42.27680374820222],[-71.04474658398273,42.27681556645999],[-71.04435295992445,42.276914569847804],[-71.04394616290558,42.27705817480542],[-71.04384301283399,42.27708927592413],[-71.0437778629637,42.277163292474505],[-71.04373500287085,42.27723964830284],[-71.04355604706855,42.27730925122616],[-71.04338593035608,42.27744758242296],[-71.0432696961711,42.27756136920786],[-71.04318857018367,42.27768195778326],[-71.04317595568868,42.277750060835864],[-71.04294692359798,42.2778875268228],[-71.04283096276691,42.27799681271405],[-71.04265420581098,42.278181212096605],[-71.04249745662162,42.278314553479674],[-71.04244639470501,42.2783847540635],[-71.04218466913606,42.27856647340517],[-71.0420263128589,42.27872060482133],[-71.04193010922374,42.278846804307726],[-71.04183659076863,42.279003984971226],[-71.04178674603845,42.279123616946116],[-71.041753615535,42.2792287306151],[-71.04188008327196,42.27919268265652],[-71.04208524988263,42.27910401031019],[-71.04231741136215,42.279088009880525],[-71.04250837923283,42.27911866085483],[-71.04264312229346,42.279195723523515],[-71.04268251909073,42.279297164876496],[-71.04269836493243,42.27940292395226],[-71.0426953211259,42.27943829387959],[-71.0427285160197,42.279491994274316],[-71.04263842075898,42.2796621536077],[-71.04261274809865,42.27974199859328],[-71.04263987390627,42.27981350090976],[-71.04268898017637,42.27984637755791],[-71.04271439193765,42.279920213827126],[-71.04277244798553,42.28000651423907],[-71.04276719993668,42.28007851785979],[-71.04278842708669,42.28011065326514],[-71.04289440761866,42.28030968266112],[-71.04306768456765,42.280423540612354],[-71.04342209204563,42.280571159676725],[-71.04373376284514,42.28064325225076],[-71.0437825538819,42.28072006211262],[-71.04388936514268,42.280804304810644],[-71.04404791262145,42.28085949283701],[-71.04412486007644,42.28091552720961],[-71.04410565170232,42.280939669208195],[-71.04404816120072,42.28095969790042],[-71.04384964055774,42.28096683238785],[-71.0437365688285,42.28091011415784],[-71.0436769615492,42.280904205438105],[-71.04340930749889,42.280797355816865],[-71.04311755208477,42.28072075002258],[-71.04277737776313,42.28056643438395],[-71.04263064266665,42.280470687814486],[-71.04253018972126,42.28029535825212],[-71.04237280158081,42.28013042538333],[-71.04227603245633,42.27994880811371],[-71.04226526379159,42.27972773996323],[-71.04236029884719,42.2795620121041],[-71.04245160850957,42.27944200489428],[-71.04242819459286,42.279343418086995],[-71.04225002841632,42.27930273456912],[-71.0421126714598,42.27930218707847],[-71.0419214696272,42.27940441976562],[-71.04176920215612,42.27953768798367],[-71.04172121243288,42.27963544987143],[-71.04171354038404,42.27982448362836],[-71.04167671413958,42.28003815947689],[-71.0416688932487,42.28021422820992],[-71.0416559131565,42.280349312407964],[-71.04161913757294,42.28045540180758],[-71.04163583236262,42.280510657211806],[-71.04191166737084,42.280508336455135],[-71.04193034489948,42.28052416630404],[-71.04190624146631,42.28055450053178],[-71.04183078032007,42.28056149203345],[-71.04171724277636,42.28056950197077],[-71.04167078369356,42.28060640921839],[-71.04163317165923,42.28069403899984],[-71.04162502355643,42.28093204747595],[-71.04163296130264,42.28114194054695],[-71.04163208344896,42.28138051819822],[-71.04160527417945,42.28151662754115],[-71.04160467126957,42.281750704741285],[-71.04159521015492,42.28198582694658],[-71.04156750193522,42.282229339193705],[-71.04152422146828,42.28248017177829],[-71.04148949716088,42.28272140521524],[-71.04147437560894,42.282900955895194],[-71.0414695203307,42.283152932144816],[-71.04150725101711,42.28328362710904],[-71.04150317132492,42.28337823297259],[-71.04148133696793,42.28344665909409],[-71.04138144544996,42.28359544099042],[-71.04125848563264,42.283748542171516],[-71.04115103358723,42.28393663703132],[-71.04110897578656,42.28405179819129],[-71.04111318060967,42.284090618167745],[-71.04113912293826,42.2841414090157],[-71.04109818381684,42.284202556292016],[-71.04100973953636,42.28429394407674],[-71.04089028726192,42.2844144677997],[-71.04077009375077,42.28443649498915],[-71.04066720131723,42.28446363294909],[-71.04057823058932,42.28456060019105],[-71.04043001124616,42.284668584157785],[-71.04031759299755,42.28468839121797],[-71.0401366067641,42.284817130768026],[-71.04007268872724,42.28490348427097],[-71.03979567447433,42.28509882149836],[-71.03961017069395,42.2852482491484],[-71.03959748733082,42.285258371767746],[-71.03947291911501,42.28528146043725],[-71.03932537455523,42.28539619797486],[-71.03925578571369,42.28546182124855],[-71.0391384655068,42.28550519550434],[-71.03903582768665,42.28563028627911],[-71.03886580591697,42.2857511451331],[-71.03872078838852,42.28583492152448],[-71.03867246304527,42.28587758200448],[-71.03865994895514,42.28593100989811],[-71.03841231687464,42.28608639818611],[-71.03904662274897,42.28664596424471],[-71.03896009959874,42.286739068721246],[-71.03900668479376,42.2868022770578],[-71.03907066612223,42.28685763249014],[-71.03898870949604,42.286956337201595],[-71.0388187205315,42.28687237662773],[-71.03868634804573,42.28681782679308],[-71.03856736358847,42.28673974258108],[-71.03847205128191,42.28685747975472],[-71.038296945407,42.286893418527875],[-71.03820699344861,42.28695769888405],[-71.03814188395891,42.2870238796641],[-71.03795743691178,42.28717673003487],[-71.03792326399135,42.287257079881556],[-71.03779339947674,42.2873573016046],[-71.03776790288282,42.28741175751883],[-71.03774041773599,42.28760575275154],[-71.03771486316737,42.287668131105285],[-71.03756325700209,42.28780652804402],[-71.03747918048855,42.287962572586345],[-71.03746105503338,42.28808683176314],[-71.0373601729818,42.28820292502301],[-71.03732256691448,42.288288302562584],[-71.03734223011165,42.28835194330485],[-71.03749832653517,42.28866155660299],[-71.03765146517938,42.288944688790046],[-71.03750519748786,42.28896597742469],[-71.03744498089655,42.28912553912854],[-71.03746644681664,42.28919143785852],[-71.03752294286376,42.289225876906805],[-71.0375790901524,42.28935790758703],[-71.03770718636771,42.289450704405745],[-71.03777858057329,42.289620339052306],[-71.03780812405746,42.28974253926834],[-71.0377626957498,42.28986956957264],[-71.03780604285335,42.290011091847695],[-71.0378562597678,42.29010852680013],[-71.03785111800534,42.29018170089995],[-71.0378167796643,42.290251246349854],[-71.03784954744715,42.290380301826644],[-71.0378658762038,42.29045239189858],[-71.03784038704308,42.290538898679856],[-71.03777510527249,42.290628126329565],[-71.03777160999556,42.29069167378244],[-71.03778044525357,42.29076040258369],[-71.03776246740435,42.290831184231784],[-71.0377789541865,42.29086501199458],[-71.03780845829314,42.29087638450907],[-71.03828654696096,42.29118044921824],[-71.03862841164299,42.291375388167765],[-71.0386788029387,42.29139926854134],[-71.03871914843275,42.29140393206909],[-71.03891414602467,42.291269038970974],[-71.03897180680599,42.2913104143016],[-71.03889845738092,42.29140861324187],[-71.0388645363934,42.29147086819401],[-71.03889338420782,42.29150582577133],[-71.03893093892022,42.29152740374809],[-71.03893773909996,42.29159270311838],[-71.03901673681416,42.291684761166486],[-71.03907868741483,42.29180321971577],[-71.0391038456657,42.29196195429714],[-71.03915621562192,42.292147266977786],[-71.03918795469062,42.29225155951106],[-71.03923396982364,42.2922770426277],[-71.0392879287036,42.29224403779755],[-71.03932530338865,42.292207095132795],[-71.0394755236241,42.29209344878047],[-71.03953648893304,42.29213078569313],[-71.03940968782916,42.29224227525763],[-71.03938238904642,42.29232769472373],[-71.03912693408203,42.292555077426975],[-71.03946097194881,42.29256037831992],[-71.03954529179147,42.29263787238377],[-71.0396700868087,42.29278575230417],[-71.03968079616213,42.29294730979758],[-71.04030259744955,42.29300201718751],[-71.04088992119394,42.293045509689996],[-71.04091564881377,42.29290894632987],[-71.04114218543567,42.29290643020172],[-71.04111814818758,42.2930273350705],[-71.04114874523457,42.293038711081216],[-71.04114310075542,42.29319849251863],[-71.04124873665879,42.2932297948156],[-71.04124812099796,42.293314781063074],[-71.04172831979251,42.29336558406413],[-71.04211889790865,42.29336714139443],[-71.04215756947013,42.29331840900666],[-71.04216368674302,42.29327737952131],[-71.04215629148054,42.29307586200253],[-71.04207898539978,42.29295023156434],[-71.04207900189964,42.292528709232656],[-71.04207513792944,42.292274898077],[-71.04186147660127,42.291822183508906],[-71.04180872000236,42.291706013911735],[-71.0417289698165,42.29161683577254],[-71.04169163063399,42.29146480546988],[-71.04160686160458,42.29129845112858],[-71.04160889225984,42.29083363203319],[-71.04162632873239,42.29038471972561],[-71.04163043127527,42.290018942325055],[-71.04160380335001,42.28987820848622],[-71.04155618502814,42.28970579017722],[-71.0415775373884,42.28948647112051],[-71.04158625814145,42.28937054666607],[-71.0416118623655,42.28930087521436],[-71.04164225227895,42.28929037287618],[-71.04187761259173,42.289323452592214],[-71.04189568161529,42.28939023723137],[-71.04188376547098,42.289545672341816],[-71.04188000049056,42.28959679463612],[-71.04193436601682,42.28975852608961],[-71.04194150869967,42.2899780488484],[-71.04195297740954,42.29027006336607],[-71.04191293662541,42.290575377049706],[-71.04187642645981,42.2906440147258],[-71.04178939568583,42.29077358157199],[-71.041780369698,42.29094847473472],[-71.04185944077459,42.29108113485038],[-71.04188846627112,42.291142021149],[-71.04187036318268,42.29121397331282],[-71.04188132671233,42.29125732167597],[-71.04202487017696,42.29139528045256],[-71.04206826283321,42.29151519391031],[-71.04211090100243,42.291840103634435],[-71.04213005319119,42.2919081529421],[-71.04220955421974,42.29196482881686],[-71.04220918456318,42.292015964626245],[-71.04218572262988,42.292074390908525],[-71.04221764671122,42.292136999237655],[-71.04230633719342,42.29216382155844],[-71.04232021137022,42.29220718146541],[-71.04232866985211,42.29232875623091],[-71.0423324248438,42.29241321972305],[-71.0423651986425,42.29255964970821],[-71.04249027410954,42.29271995185581],[-71.04266284471008,42.29285226342211],[-71.04290805781494,42.293000619089185],[-71.04312792678164,42.29304830948047],[-71.04320456164913,42.293082375615555],[-71.04341981154438,42.293316680093156],[-71.04386179569443,42.293706736857054],[-71.04402947608139,42.29386216471429],[-71.04411464650926,42.293839364905956],[-71.04423478394301,42.29379374601],[-71.04434902385862,42.29379248857709],[-71.04463003323087,42.29387120893317],[-71.04469795316088,42.294038214381985],[-71.04490749272932,42.2944102398254],[-71.04513225598407,42.294807263533166],[-71.04559834314833,42.29557607647423],[-71.04560097413659,42.29558121860956],[-71.04564821977777,42.2956725161657],[-71.04575355533777,42.295814190285945],[-71.04585983800827,42.295992960544766],[-71.04596843455609,42.29625501789407],[-71.0460742228797,42.29651985496816],[-71.04617507235564,42.296814022301625],[-71.04630318851352,42.297127923809036],[-71.04641192239237,42.29740519632717],[-71.04652361080431,42.297845795342255],[-71.04653254617557,42.29790200951291],[-71.04644721445791,42.29794668783768],[-71.04642533002134,42.297971359775765],[-71.04646545136403,42.29800798042709],[-71.0465452049197,42.297997131463674],[-71.04658719236379,42.298010261530855],[-71.04654992757611,42.298065843215014],[-71.04658054883646,42.29826060954781],[-71.04661813943481,42.29832891081586],[-71.0466520833675,42.29834759099465],[-71.04640666828739,42.298426479244384],[-71.04621649094027,42.29853097368882],[-71.04625357237012,42.29858567848959],[-71.04621586189485,42.29861875073066],[-71.04619307208345,42.29866817737413],[-71.04611060897336,42.298701612991934],[-71.04604334908602,42.298728896530875],[-71.0459907177389,42.29874561426291],[-71.04592243475363,42.29876335047862],[-71.0460315921818,42.29891404236387],[-71.0460421682586,42.298978185708506],[-71.04577929896723,42.29908914446586],[-71.04562216667068,42.29891467469567],[-71.04556039195239,42.29893801831214],[-71.04480831482987,42.29921584565832],[-71.04484133705921,42.2993121288172],[-71.04404772542051,42.299563317747655],[-71.04397685288623,42.299637311456536],[-71.0439141696218,42.29971926029318],[-71.0438554194278,42.29982760357953],[-71.04383893350222,42.29987705477915],[-71.04348223996178,42.29982954259459],[-71.04345392930696,42.299887409602604],[-71.04367165650787,42.29994958515313],[-71.0436415963723,42.29998097635733],[-71.0436114271227,42.30004432786646],[-71.04364004450699,42.30014581561863],[-71.04368709229804,42.30023099104964],[-71.04372869738867,42.300229985881515],[-71.04376383346114,42.300251552608245],[-71.04379893710568,42.30029445636819],[-71.04376602660956,42.300334299130725],[-71.0436179534378,42.300451290597],[-71.04351815907714,42.30054992745525],[-71.04348481697124,42.30070005549074],[-71.04349868663272,42.30086216506097],[-71.0434809292268,42.30098696647264],[-71.04337047410613,42.30106701460597],[-71.04335641273971,42.301856433951414],[-71.04367998626411,42.30239501987684],[-71.046830991917,42.30305408743512],[-71.04694095173345,42.3030770286039],[-71.04696480753083,42.30308216435481],[-71.04696076826963,42.3030534287964],[-71.04695720575175,42.303025865509895],[-71.04692564305937,42.302962179740035],[-71.04686749943694,42.30285049307217],[-71.04686726628294,42.30274749760205],[-71.04692087477842,42.30259465765487],[-71.0470037334721,42.302387914875304],[-71.04703942766689,42.30233178671204],[-71.04726215474402,42.3022730645212],[-71.04745636746769,42.30226707733104],[-71.04765597080969,42.30230441556403],[-71.04774655885453,42.30235653952197],[-71.04778395050451,42.30250415616214],[-71.0477942760898,42.30270559435708],[-71.04783836862364,42.302798048829146],[-71.04787240724163,42.302803854674025],[-71.0479020209351,42.3027499530785],[-71.04792412112415,42.30264425454993],[-71.04794841106731,42.30250363291228],[-71.04795800266884,42.30246819874809],[-71.04800006334624,42.30242055817602],[-71.04799124795437,42.30236425462108],[-71.0479812859447,42.30224771634685],[-71.04802218032562,42.30215955758403],[-71.04805703611895,42.30210180526438],[-71.04817969115909,42.30209607555442],[-71.04818659951958,42.302164705736985],[-71.04818872436105,42.302291836741375],[-71.04815661116965,42.30249211769254],[-71.04811669855978,42.302646632614305],[-71.04809022113623,42.30268596170847],[-71.04801386496207,42.302797748970086],[-71.047920124817,42.302949171099684],[-71.04787171437667,42.30303676005888],[-71.04782488042464,42.30312435520051],[-71.04778398064494,42.30321314406919],[-71.04780228787355,42.303264983476105],[-71.04786795051302,42.30330908657043],[-71.04841630861205,42.30345646166656],[-71.04842550884439,42.303526901424746],[-71.04844642070135,42.30357073827357],[-71.04849530258694,42.30362107716939],[-71.04855803361961,42.30363419796262],[-71.04863412988111,42.30359290296659],[-71.04887277601837,42.30339406320229],[-71.04900801098785,42.30320607087453],[-71.04916763931796,42.302913559019764],[-71.04929938144048,42.30263669283562],[-71.04938770344478,42.30237694201391],[-71.0494200830469,42.30230909619484],[-71.04945730893826,42.30227602102502],[-71.04970641900229,42.30215662716974],[-71.04991073684376,42.302349822225096],[-71.05038367382504,42.302750687607116],[-71.05089005582089,42.30317355904545],[-71.05125824616113,42.303467595601916],[-71.05125831379499,42.303458052668596],[-71.05130038704351,42.303511064678396],[-71.05135582088226,42.30356133790421],[-71.05142487521016,42.303623548257455],[-71.05149624227892,42.30368459720312],[-71.05155149762962,42.30372586661899],[-71.05162514120268,42.30379088569399],[-71.051686450696,42.303850724879375],[-71.051743815603,42.303919551658026],[-71.05182043935098,42.30399196470196],[-71.05189745578747,42.30406032786766],[-71.05201602372573,42.30416990673287],[-71.05216194326046,42.30430498057699],[-71.05223450870135,42.304368284473874],[-71.05229592023994,42.304431004684645],[-71.05235456279887,42.30449083310964],[-71.05239865552029,42.30455006464668],[-71.05243590045997,42.304582890663355],[-71.05241587919885,42.30460135888626],[-71.05238198409705,42.30462652532113],[-71.05232501524965,42.304673029025416],[-71.05226927664667,42.3047342124071],[-71.05221555643155,42.30480152567611],[-71.05217821744995,42.30486773237097],[-71.0521873772375,42.30489306653619],[-71.052210523313,42.30491296336758],[-71.0522493001537,42.304934991795776],[-71.05230276744189,42.30495491672507],[-71.05236766555475,42.30498776046853],[-71.05242787927516,42.3050312995142],[-71.0524909220254,42.305069267677474],[-71.05257086319402,42.30510162970841],[-71.0526446205212,42.305116591794146],[-71.05271396782895,42.30513774874475],[-71.05278341357293,42.30516214712082],[-71.05282801376542,42.30516682220146],[-71.0528649095829,42.30518047029762],[-71.05293081480994,42.3052768789048],[-71.0529817060596,42.30535252213688],[-71.05302033015488,42.305413442718034],[-71.05307519664058,42.30549297266392],[-71.05312318251957,42.30556788428745],[-71.05314628760576,42.30564521997895],[-71.05318616674056,42.30571739914398],[-71.05324004950307,42.30578171009051],[-71.05328930957563,42.305865179452915],[-71.05331400055822,42.30594126084847],[-71.05334134397474,42.30601960330012],[-71.05337207832535,42.306115874914376],[-71.05340449805287,42.306213953670365],[-71.05342119595159,42.30625399193063],[-71.05343357588002,42.306287171119855],[-71.05343481286418,42.30635253777935],[-71.05341314159982,42.30639854896814],[-71.05337481997563,42.3064321613145],[-71.05334266797124,42.30646804838207],[-71.05329951843373,42.30646391932605],[-71.05325310945139,42.30645761685934],[-71.05319120077144,42.306447742932804],[-71.05313314082483,42.306442475475116],[-71.05306830100194,42.306435471046534],[-71.0530003313011,42.306425123292385],[-71.05294830589312,42.30640691488094],[-71.0528600322203,42.30638631464833],[-71.05279539562923,42.30638489272249],[-71.05277099937803,42.306404514366854],[-71.05276001804862,42.306430940476716],[-71.05275079302537,42.30646628640126],[-71.05276632750892,42.30648210213082],[-71.05278795741623,42.306493530106025],[-71.05281372374341,42.30650317357259],[-71.05285253117195,42.30650386477089],[-71.05290947161265,42.30651308933876],[-71.05295271510926,42.30652109020097],[-71.05299086781716,42.306528621092845],[-71.0530607591251,42.306541677228964],[-71.053126869015,42.30655777964016],[-71.05313558995609,42.306593825593325],[-71.05314357739884,42.30664787471215],[-71.05314629183277,42.30669290031518],[-71.05314813559177,42.30675817930289],[-71.05315064980795,42.3068487593526],[-71.05315404648572,42.30698615847838],[-71.05315063507557,42.30702269742845],[-71.05312319556637,42.307078229316204],[-71.05311176898394,42.30713337332187],[-71.0531136464847,42.3071766850947],[-71.05311066854237,42.30725490965705],[-71.05309461150733,42.30729590092819],[-71.0530607982878,42.30734366542303],[-71.05301944881896,42.30737654562997],[-71.05298218937175,42.30741421332699],[-71.05295303703546,42.30745461345409],[-71.05294831103333,42.30748835634843],[-71.05292647387456,42.30754057886755],[-71.05287957757115,42.307551650163795],[-71.05283263944642,42.30755146751821],[-71.05276013944359,42.30756414970013],[-71.05270200898303,42.30758589077926],[-71.05264975794599,42.307616657725745],[-71.05255237270295,42.30764940963403],[-71.05244417241605,42.307685000300815],[-71.05237808994647,42.30771634346339],[-71.0523520752845,42.30775891638173],[-71.05235967855377,42.30778145352017],[-71.05237657323728,42.30781077910756],[-71.05241413239388,42.30785089876192],[-71.05237015877044,42.30786027066317],[-71.0523424809785,42.307863583986425],[-71.05230105437852,42.30787296578363],[-71.05224206077693,42.30787948818463],[-71.05215605947136,42.307880323437416],[-71.0520361316078,42.30789336049516],[-71.0519267761237,42.30790355769041],[-71.05188043589605,42.307904547379266],[-71.05183268036198,42.30789985963467],[-71.051757005059,42.30789839407869],[-71.0516819317359,42.307897561032],[-71.05157378255508,42.307891557183346],[-71.05149501512369,42.30789854221579],[-71.05142609039142,42.30788584902912],[-71.0513643466215,42.30788677837917],[-71.05129200545362,42.30787695273619],[-71.05122698373023,42.30787831936306],[-71.05092913293078,42.307872654259306],[-71.05049059992261,42.30786481761213],[-71.05023479643681,42.307864897045235],[-71.05011623717692,42.307855970115725],[-71.04970057589264,42.307855512431246],[-71.04918165378085,42.30784393459993],[-71.04893361144423,42.307827205956144],[-71.048769410399,42.30778937886727],[-71.04859907077282,42.307727939542865],[-71.04848293086332,42.30766896369344],[-71.04846010386831,42.30765536948287],[-71.04832289567618,42.307574343335574],[-71.04823331751311,42.307430573240936],[-71.04819997139703,42.30725938492986],[-71.04818648657093,42.30712644746433],[-71.04817678258775,42.30702458524945],[-71.04814634759197,42.306938396784936],[-71.04807621286488,42.30687455971443],[-71.04800836773839,42.30682981799127],[-71.04799132577388,42.30680445249271],[-71.04798755511729,42.30673799543088],[-71.04799963421952,42.306626045471816],[-71.04801892391369,42.30648945561649],[-71.04803826779397,42.30637924479523],[-71.04807412032099,42.30621616117955],[-71.04815406195372,42.306027412275604],[-71.0481939971616,42.30587001656517],[-71.0482372095223,42.30569525790371],[-71.04825845565396,42.30555633489305],[-71.04829459114913,42.30533644327524],[-71.04828927229127,42.30519795599923],[-71.04826966812715,42.305106768420025],[-71.04824201417816,42.30505588269619],[-71.04826225764415,42.305023461396885],[-71.04833267260095,42.3049117406897],[-71.04837557769902,42.30476290942308],[-71.04838333720774,42.30462726447258],[-71.04834623591594,42.30452358396275],[-71.04829125663503,42.30447781258402],[-71.04815446312983,42.30445863850734],[-71.04803957661021,42.30444585254796],[-71.04793959077121,42.30440152450839],[-71.04791375382004,42.30431706459193],[-71.04793283858858,42.30420910347558],[-71.04795694894074,42.304110705323104],[-71.04797299924532,42.30403703375403],[-71.04766968238124,42.303865322977906],[-71.04753430713104,42.30381761417096],[-71.04748052058868,42.30384270084082],[-71.0474086222826,42.30395828650667],[-71.04730015597357,42.304048519612905],[-71.04718577534489,42.304117752278735],[-71.04691952034476,42.30427542592186],[-71.04669864593868,42.30436233420649],[-71.04659688812409,42.30439623422448],[-71.04650980140224,42.30444765790841],[-71.04643240482014,42.30451775602223],[-71.04634858919457,42.30460349399103],[-71.04626163289109,42.30473819590849],[-71.04609390117342,42.30505885111868],[-71.04593945009331,42.30550614095074],[-71.04584502855113,42.30595420799457],[-71.04574638405137,42.30631447884255],[-71.0456255104289,42.30666232755887],[-71.04551964647604,42.30691282289115],[-71.04541171900095,42.30712963868469],[-71.04534335868377,42.307258201343934],[-71.04524421113305,42.30731632859686],[-71.04498475461615,42.30740308089013],[-71.04482882028736,42.30746431402686],[-71.04473728842413,42.307525892153755],[-71.04471078679123,42.30756801128384],[-71.0447210718466,42.307638905741385],[-71.04476664702308,42.307710570218084],[-71.04481241259866,42.30775576657397],[-71.04479971375126,42.307801271511714],[-71.04477030996593,42.30782528310307],[-71.04473192200068,42.30781675821971],[-71.04466157910385,42.30776534239908],[-71.04460468795335,42.30774927165243],[-71.04454767395869,42.30776714174669],[-71.04449792974178,42.30781979225683],[-71.0444489642666,42.308000198571946],[-71.0444676208819,42.30810443737715],[-71.04455018532498,42.30819362437006],[-71.04457888560977,42.30828430841219],[-71.04457964490078,42.30838109379112],[-71.04454276296734,42.308584685751924],[-71.04447365522583,42.308698660028725],[-71.04435925027546,42.308786525994954],[-71.04365843465098,42.308986402847665],[-71.04354024652609,42.30897630022276],[-71.04338033956242,42.308931730240275],[-71.0432445801662,42.30891939676586],[-71.04314451123432,42.30895330044388],[-71.04299248697146,42.30906019190046],[-71.04264171735763,42.309243358094236],[-71.04239249318638,42.30945672759553],[-71.04217761115093,42.30968445813325],[-71.04213163223481,42.30981977024282],[-71.04207987197233,42.30993264179973],[-71.0420112900737,42.31000664332082],[-71.04201962855481,42.31014505280614],[-71.04205233331481,42.31030219561841],[-71.04208203735176,42.310471750610226],[-71.04203916178128,42.31061391731609],[-71.0419809508218,42.310746479693684],[-71.04190771499479,42.31089356701977],[-71.04188085803631,42.310950809117465],[-71.04188239262886,42.3109734127845],[-71.0420131236752,42.31104424735595],[-71.04205870147331,42.311048390313104],[-71.04209726667285,42.31101586306951],[-71.04227477719046,42.31080725031522],[-71.042692081837,42.310398194490816],[-71.04278466805167,42.310409816657966],[-71.04302953865695,42.310379820306906],[-71.04320691410277,42.310340552153626],[-71.04337842717011,42.31029000667296],[-71.0435296556935,42.310226506062854],[-71.04363807553426,42.31017859052233],[-71.04372785707746,42.310141764608574],[-71.04378489677275,42.31013748956491],[-71.04386322288089,42.31015859743986],[-71.04398777692893,42.31019456361564],[-71.0440795263567,42.31020447084821],[-71.04423841954372,42.31017133985317],[-71.04440499463757,42.310115731574946],[-71.0445005160436,42.31009027160515],[-71.04457458869334,42.31011253252606],[-71.04465030747606,42.31012516670338],[-71.04476094609596,42.31013964974173],[-71.04485597795706,42.3101316533725],[-71.0448862765296,42.310185791416025],[-71.04488455815556,42.31025609809861],[-71.04485641007108,42.31030775390963],[-71.04478542992354,42.3103445651508],[-71.04471867398954,42.310367438422674],[-71.04466683374973,42.31039082090743],[-71.04462149858846,42.310420441221524],[-71.04452735858023,42.310473005818714],[-71.04439271620865,42.3105072236933],[-71.04427358113105,42.310560859374114],[-71.04414866016401,42.310626265919744],[-71.0440882071624,42.310683375255074],[-71.04405416739083,42.31072771505844],[-71.04404733870982,42.310749565271664],[-71.04398920233267,42.31077130192877],[-71.04392572511968,42.31079355754086],[-71.04387602665464,42.310822620063725],[-71.04384330077829,42.31086975595139],[-71.04378054840359,42.31101022383834],[-71.04377335682305,42.31114974188773],[-71.04385676936549,42.31144150031036],[-71.04393449656847,42.311562809199],[-71.04398411549266,42.31173010188282],[-71.04408454113374,42.31186617562635],[-71.04422725242662,42.311958392297605],[-71.0443334745003,42.31199707629542],[-71.04436341364915,42.31206750846657],[-71.04444694860217,42.31219109076331],[-71.04454036180859,42.31229049406543],[-71.04462408370533,42.31237131269943],[-71.04476327090845,42.31246468511375],[-71.04490287456119,42.312533930957045],[-71.04503821729558,42.31258848486533],[-71.04513793552712,42.312620930288105],[-71.04525801547808,42.31262194568744],[-71.04536161896651,42.312586343589054],[-71.04547289182241,42.312546900439955],[-71.04551579873433,42.312534645990844],[-71.0455434992008,42.3125623047245],[-71.04559956345047,42.31267731470017],[-71.04569082797629,42.312789132694064],[-71.04579835468824,42.312866083238056],[-71.04590253839365,42.312918712365004],[-71.04600379264888,42.312923163764516],[-71.04615366724487,42.31289674674017],[-71.04623210148712,42.31286950728],[-71.04630138288202,42.312883825499846],[-71.04642460937295,42.312902858103435],[-71.04653425830712,42.312903830997044],[-71.04667721566702,42.31291168743145],[-71.04679878720964,42.31290775545156],[-71.0468665715118,42.31287705241956],[-71.04688882386283,42.312818620649246],[-71.04691096228197,42.31272525677887],[-71.0469933209255,42.312658058945395],[-71.04708553790795,42.31263708530443],[-71.04719312546597,42.31267181070303],[-71.04721438486428,42.31268431860853],[-71.04714365075036,42.31273742769509],[-71.0471034894085,42.312755905641865],[-71.04711818804383,42.31278684386201],[-71.04717992576808,42.31283831421891],[-71.04729121368412,42.31289844256597],[-71.04742824969702,42.31295408067457],[-71.04750290329002,42.31303144032965],[-71.04762222014318,42.3131563315375],[-71.04770764105618,42.31322076911803],[-71.04778613731524,42.313235752915006],[-71.0478337795443,42.313256827335756],[-71.04789457406699,42.31332161802837],[-71.04799121515467,42.31339465238335],[-71.04810927375314,42.31345813766421],[-71.0481705892854,42.31351797860525],[-71.04823303979244,42.31355477629592],[-71.04827919803259,42.3135628803765],[-71.04834115667829,42.31354961939883],[-71.04843039406529,42.31352134053974],[-71.0485046231048,42.313488411119636],[-71.04857574446201,42.31348301862224],[-71.04864179179512,42.3134917408614],[-71.04872195534418,42.313511142033995],[-71.04877442817876,42.31350126471349],[-71.0488094525928,42.31347169232914],[-71.04883939908599,42.31342274355109],[-71.04884696253183,42.31339972556535],[-71.048922666213,42.31341514777058],[-71.04899317021331,42.3134453144385],[-71.04908380874859,42.313509771461376],[-71.0491017972689,42.31357286303246],[-71.049058258394,42.313622748872724],[-71.04898576286844,42.31363371813535],[-71.04891204914172,42.31362838714297],[-71.04883771104153,42.31365960582716],[-71.04875250220003,42.31371833095566],[-71.0486150100813,42.31379431649628],[-71.04846178347448,42.3138483627655],[-71.04836146639649,42.3138653443588],[-71.04822144997857,42.31385300009233],[-71.04808438913946,42.31383445520817],[-71.04800489679343,42.313805963203976],[-71.04792148070183,42.313664468070066],[-71.0478348797127,42.313527371808796],[-71.04773863260158,42.31341616615574],[-71.04766231712219,42.31335059405169],[-71.0474872130321,42.31329192538193],[-71.04728262162322,42.3132348508565],[-71.04716136719435,42.31321132544829],[-71.04711993997284,42.31320323956047],[-71.04695930819035,42.31303776149169],[-71.04688867593873,42.313008763452316],[-71.04681976590042,42.31299336669222],[-71.04629328240178,42.312981656146405],[-71.04624976497809,42.312994448654834],[-71.04623096898663,42.31302750548547],[-71.04623024239564,42.31311195076889],[-71.04620492970511,42.313224928513144],[-71.0461623597045,42.31332550398899],[-71.04609240836109,42.313438395443974],[-71.04593290244763,42.31352212345134],[-71.04557848152986,42.31370474389615],[-71.04523875646855,42.313884540442714],[-71.04504328253134,42.31399351334314],[-71.04478838299558,42.314117465612505],[-71.04458523310063,42.31421407321969],[-71.04450947431884,42.31425689735173],[-71.04441499736838,42.31427119775213],[-71.04435225678078,42.314274910336806],[-71.04426307722663,42.31426105222487],[-71.04417272158315,42.314225222058106],[-71.04405621386883,42.314165700206715],[-71.04381401734534,42.31400781676729],[-71.04295454001554,42.31347655587547],[-71.04229490458643,42.313073296978],[-71.04139988605667,42.31251208274878],[-71.0405992122969,42.312040188314256],[-71.03990328486016,42.31161093172989],[-71.03948088688968,42.31134923294043],[-71.03795454220645,42.310425879529745],[-71.03784212358713,42.3103562843484],[-71.03773634804497,42.31032380818446],[-71.03757814607182,42.31029499226648],[-71.03739793468455,42.31029030563321],[-71.03715522461614,42.31032308962966],[-71.03692806183733,42.310402661395685],[-71.03660907834129,42.310614656912364],[-71.03601629195462,42.31106295578314],[-71.03557946643038,42.31139826398612],[-71.03528554711554,42.31164807972532],[-71.03498146322603,42.31186121132836],[-71.03451863232046,42.3122014519405],[-71.03394579312442,42.31265486258105],[-71.03343782941343,42.31301121123477],[-71.03332092046949,42.31309005305134],[-71.03320476014727,42.313116680339725],[-71.03299446938702,42.31314337518381],[-71.03288817247591,42.31316482048917],[-71.03278896341921,42.31324490409867],[-71.03271101449705,42.313320572566546],[-71.03269066142656,42.31339926613065],[-71.03273594231096,42.31346022055403],[-71.03276868229612,42.313494655128544],[-71.03274356694662,42.313528314296896],[-71.03274304889025,42.31354919916939],[-71.03277301271717,42.31359820732736],[-71.032832960441,42.31369352279704],[-71.03287289694617,42.31377192127078],[-71.03290293459318,42.31386027283442],[-71.03292573422303,42.31394319316714],[-71.0329257393343,42.314041145905826],[-71.03294329617086,42.31437432850894],[-71.0329516350892,42.31478958103669],[-71.03296160840503,42.31518062208606],[-71.0329810399746,42.31530908389909],[-71.03301115703223,42.31546900961],[-71.03303585339152,42.3159198003326],[-71.033069184821,42.316400516057364],[-71.03308367711941,42.31644216880753],[-71.03310199049818,42.316459168852184],[-71.03315416499112,42.31647396566463],[-71.03362937489172,42.31659923614728],[-71.03418306226641,42.31675894413321],[-71.03493582432273,42.316951055703385],[-71.03521031448112,42.317021399182906],[-71.03555758112701,42.31714263298366],[-71.03605919452625,42.31729149788656],[-71.0363851922419,42.317402019769666],[-71.03663002996217,42.31748007282737],[-71.03679724069815,42.31752351110223],[-71.03694291250072,42.31755956992483],[-71.03699888367869,42.317586264235516],[-71.03687320711124,42.31758620802239],[-71.03678083047144,42.31759438858858],[-71.03656478207373,42.31761035322069],[-71.03644039236012,42.31760021836538],[-71.03638809486458,42.31758542255896],[-71.03635326153217,42.31757123736326],[-71.03640609035921,42.317629429780744],[-71.03652255777087,42.317744057532906],[-71.03669408221296,42.3179772065088],[-71.03674195217405,42.31808318468971],[-71.03674974984187,42.31816145216516],[-71.03673794167736,42.31820020748687],[-71.03677121254084,42.31826219217853],[-71.03679403228622,42.3182769590358],[-71.03683676153514,42.31827316992043],[-71.0369905058593,42.31821752066448],[-71.03703991091686,42.31821321818777],[-71.0370921267895,42.318239267110116],[-71.037147010813,42.3182654167836],[-71.03697605690803,42.31835196722564],[-71.03667316953336,42.318580322996226],[-71.0366559821664,42.31862472850888],[-71.03666313946958,42.31865788838913],[-71.03672360986741,42.318699816025685],[-71.03700341600592,42.31882419456048],[-71.0375492499897,42.319082977479255],[-71.03790940222878,42.319252601984],[-71.03819622388188,42.31934720587685],[-71.03831367080893,42.31939494343865],[-71.03838980692305,42.31945151796257],[-71.03824834473497,42.31943636486717],[-71.03810405855106,42.3194092262663],[-71.03799025120006,42.319394724168454],[-71.03786326423949,42.31939088252732],[-71.03794781566715,42.31944127911681],[-71.03804434800199,42.31949568511613],[-71.0381509203329,42.319554092695405],[-71.03829305560403,42.319626687711605],[-71.03850070127757,42.31971584103283],[-71.03869953904182,42.31981513200559],[-71.03902398261098,42.31995823086908],[-71.0391839407036,42.32003251679018],[-71.0394341421722,42.32019224241671],[-71.03959177745698,42.320335841487925],[-71.03976967209621,42.32044621039455],[-71.04002728669606,42.32053781174821],[-71.04020102696889,42.320568937035304],[-71.04032057361488,42.32059534383152],[-71.04043891835582,42.32070376293801],[-71.04068582538117,42.32086689375732],[-71.04109773721413,42.32107839880508],[-71.04154515150097,42.32122927380027],[-71.04207137470351,42.321437269909204],[-71.04252834938029,42.321575304864176],[-71.04280730905931,42.321736217855076],[-71.04301987359047,42.32193566906869],[-71.04322337232175,42.322164343551236],[-71.04335219788581,42.32240181402216],[-71.04342249806815,42.322478078495216],[-71.04348556663584,42.32248048972452],[-71.04351306903288,42.32246880504475],[-71.04349491733716,42.32242875969907],[-71.04348737756156,42.322330327124554],[-71.04350055384141,42.32228644488877],[-71.04354508971973,42.322251149999936],[-71.04356156999705,42.32233791419553],[-71.04361334074827,42.32244336466909],[-71.0437076903218,42.32253259872385],[-71.04382096869418,42.32262145767671],[-71.04394067387867,42.32269395658411],[-71.04409428757748,42.32277496264243],[-71.04421079042946,42.322837365219726],[-71.0444054131885,42.32293491889971],[-71.04447854261323,42.32295546545736],[-71.04446715471752,42.32298693076748],[-71.04444811592973,42.32300261053201],[-71.04436974975503,42.32298483412156],[-71.04429820187238,42.32294682797685],[-71.04423535589947,42.322930283393895],[-71.04418614222499,42.32292441635929],[-71.04411469463025,42.32293988822091],[-71.04415782180908,42.32296544768202],[-71.04427835704652,42.32302390486595],[-71.0444270223157,42.32306779855776],[-71.04474547062915,42.323171424226146],[-71.04497278270046,42.32322796277088],[-71.04527295740586,42.32330855701938],[-71.04552275446527,42.32339336275787],[-71.04577296869921,42.323521563970104],[-71.04599187956403,42.32361641998728],[-71.04613242805671,42.323692870188864],[-71.04631407406858,42.32379054941498],[-71.0464534070494,42.323918221380275],[-71.04655886887979,42.32406601626133],[-71.04663659759811,42.32422387502274],[-71.04672774343351,42.32447343696658],[-71.04684093320054,42.324694366228954],[-71.04698866489866,42.325005101170966],[-71.04704980427768,42.32519269408708],[-71.04708565782178,42.32555691577498],[-71.04705953218901,42.32591864246638],[-71.04698017281058,42.32624243686647],[-71.04693991949313,42.32644205424533],[-71.04688668301795,42.32657400808063],[-71.04679611572995,42.32675145979267],[-71.04669751603326,42.32693230088291],[-71.04659761336988,42.32709170966529],[-71.0464605694023,42.327286983714906],[-71.04631486466157,42.32742091316148],[-71.046195340536,42.32749075457991],[-71.04607429613701,42.32762027958675],[-71.04595636622469,42.3277722341707],[-71.04594574268039,42.327849347689785],[-71.04595812328394,42.32793321427418],[-71.04588623058063,42.32800999572998],[-71.04576275379085,42.32810628982139],[-71.04556992650848,42.328229318555856],[-71.04541478231714,42.32829172592983],[-71.04527447602688,42.32838291127542],[-71.04512020053075,42.32847629191471],[-71.04496087392022,42.328512753565136],[-71.04474696930612,42.32859689466974],[-71.04452364497362,42.3287085471489],[-71.04416535020717,42.328843882047224],[-71.0438666759918,42.32892201346091],[-71.04361631446062,42.32896324367695],[-71.04331537174313,42.32900247181312],[-71.04297603585647,42.329032093403555],[-71.04261209017875,42.329058825152586],[-71.04225187888869,42.32905568075061],[-71.04162789874162,42.32906840932355],[-71.04124112895046,42.329063445283204],[-71.0410363478094,42.32904300135599],[-71.0408196843153,42.329038174773764],[-71.04066029556648,42.32898234974218],[-71.04046805934185,42.328871835155205],[-71.04031528870418,42.32879028758937],[-71.04003859478266,42.32876496276148],[-71.0398413159463,42.32876417320367],[-71.03944583929312,42.32882218908626],[-71.03896784778024,42.32886474769982],[-71.03877283376512,42.32890276821701],[-71.03829234404442,42.32892172620533],[-71.0380905574336,42.328906780866994],[-71.03783155826666,42.328834346233464],[-71.03768226325973,42.328742545734755],[-71.03753129444142,42.32864740720319],[-71.03734410695144,42.32857742106592],[-71.03721028291984,42.32857688236802],[-71.03695770777239,42.328571993942376],[-71.03681620972964,42.328558999764454],[-71.0366559618723,42.328488580870754],[-71.0365032801427,42.32839568481522],[-71.03643716024729,42.328312140645494],[-71.03633124811068,42.328178379375196],[-71.03628708598734,42.32814498024143],[-71.03624265416008,42.32813183670336],[-71.03617040685958,42.328139467823576],[-71.0358514965982,42.328246216294865],[-71.03536108722312,42.3283443481731],[-71.03472594661854,42.328456567091855],[-71.03442794192763,42.32850829800974],[-71.03399544847684,42.328567315613185],[-71.03384317479308,42.3285677785568],[-71.03378021389658,42.328566442857095],[-71.03374095616985,42.32859212217662],[-71.03366672356388,42.32863854651198],[-71.03350829354854,42.32868408896148],[-71.03329061893386,42.328734342308245],[-71.03306669670334,42.32877619709544],[-71.03290783586222,42.32876492817194],[-71.03285418340258,42.3287517458571],[-71.03281896915367,42.32875556405582],[-71.03278575204904,42.3287846887323],[-71.03272135674854,42.32886257283866],[-71.0325917263676,42.32898412620732],[-71.03245051476533,42.32911301476651],[-71.03229758120014,42.32925184876457],[-71.03203645758714,42.32938538056311],[-71.03173883643785,42.32956476831943],[-71.031571601828,42.329651865998535],[-71.03141314710551,42.32970019638952],[-71.03118815359178,42.32973862202911],[-71.03104756598233,42.32974993251364],[-71.03090402170638,42.329767262756384],[-71.03077697788065,42.329817431015194],[-71.03067895703015,42.32986429649898],[-71.03062115076801,42.32992032909018],[-71.0305215913566,42.33004371347062],[-71.03039929268887,42.33017375710545],[-71.03021401092253,42.330305163765416],[-71.02996517942738,42.330448824433354],[-71.02973606532511,42.33058410242758],[-71.02943163777894,42.330730775562316],[-71.02938529369257,42.33077893182966],[-71.02932677769303,42.33084855535688],[-71.02925308773094,42.330919107043776],[-71.0291447045243,42.33095584545062],[-71.02902699196619,42.33097444954946],[-71.02894365780679,42.33098761256176],[-71.02886780399758,42.3310227734356],[-71.02879100427592,42.33110348544535],[-71.02876655687646,42.331176579432565],[-71.02874754927333,42.33120351044362],[-71.02868202104693,42.3312695937334],[-71.02862661686,42.33136110689325],[-71.02827802107406,42.3315234410932],[-71.02804668013849,42.33158209125352],[-71.02798510099005,42.331606596607486],[-71.02793070126405,42.33162834048856],[-71.0278843094876,42.331650117232414],[-71.0278439850098,42.33167182884802],[-71.02779313003963,42.33169007606263],[-71.02773124849445,42.3317062973005],[-71.02766945935937,42.33172639016467],[-71.02759977679946,42.33174735085634],[-71.02753800908913,42.33176456278562],[-71.02746044313417,42.33178504084369],[-71.0273867436635,42.33180769545999],[-71.02730874502052,42.33183735467291],[-71.02723029997642,42.33186179027088],[-71.02716695834405,42.331894750736886],[-71.02711403561904,42.3319136193551],[-71.02708954665006,42.33192702307874],[-71.02704625498629,42.33193980926202],[-71.02701683773577,42.331946980640524],[-71.02696129537509,42.33195917620767],[-71.02690213807695,42.33198423112711],[-71.02683718161279,42.332005931045614],[-71.02675241873877,42.332031420670916],[-71.0267181852349,42.332049825866086],[-71.02662694913222,42.33208096062333],[-71.02652939953015,42.33211260948378],[-71.02646155167136,42.33213150635906],[-71.02641252807084,42.33214813997246],[-71.02634426964553,42.33217324714087],[-71.02629595714046,42.33219213437865],[-71.02624656877292,42.3322088564481],[-71.02619882513902,42.33223278765626],[-71.02614717720176,42.33225958370349],[-71.02609930676464,42.332284234585735],[-71.02600916867277,42.332363089153716],[-71.02594544768831,42.33241414336547],[-71.02589415871621,42.3324577763444],[-71.02586278476006,42.33249933072656],[-71.02584106838617,42.332531291750314],[-71.02581795465666,42.33255541441701],[-71.02578199222721,42.3325777735114],[-71.02573528223661,42.332593245993706],[-71.02569055474034,42.3326032348215],[-71.025614832153,42.332620388141834],[-71.02555149851912,42.33263588197888],[-71.0254450153087,42.33266128099702],[-71.02535114701385,42.33267106682512],[-71.02527089388211,42.33267748767181],[-71.02525312358623,42.33263627068617],[-71.02524218363381,42.332606515685384],[-71.02523040380267,42.33257549679803],[-71.025220038127,42.33255006559499],[-71.02512247857644,42.33256667825289],[-71.0250193227043,42.33258524836022],[-71.02489541714517,42.3326039126808],[-71.02481396658702,42.33262437290267],[-71.02474924433896,42.3326308575823],[-71.02469654235648,42.33263631156794],[-71.02461213174267,42.33263083083649],[-71.0245211217077,42.332631624830654],[-71.02444880199458,42.33263186586323],[-71.02438531808474,42.33263502435951],[-71.02433595233423,42.33263247933386],[-71.02428081190936,42.33262333821734],[-71.02421489619368,42.33259488610809],[-71.02412101327016,42.33257433084006],[-71.02402288910501,42.33255303769625],[-71.02395676285539,42.33253646849568],[-71.02389522230249,42.33252324935044],[-71.0238465473232,42.33250954328344],[-71.0238044115694,42.33249757484942],[-71.0237369724331,42.33247811913056],[-71.02367711097097,42.33245140235847],[-71.02362388026917,42.332430384908264],[-71.02355312386773,42.33240029182075],[-71.02348925038446,42.33237463867894],[-71.02343213710725,42.33235360504525],[-71.02332011163745,42.3323092960746],[-71.02324210936757,42.33227467125888],[-71.02317755900344,42.33224226290143],[-71.02313926156774,42.332220136777146],[-71.02307471063347,42.3321878183885],[-71.02301065324379,42.33215442165364],[-71.02294753334148,42.332125440232346],[-71.0228756497816,42.332083998292774],[-71.02281654217472,42.332053953094],[-71.02273645425039,42.33200635498395],[-71.02267837720375,42.33196839137033],[-71.02261705341925,42.331926542963025],[-71.0225454380987,42.331881770824985],[-71.02248257994557,42.33183424409476],[-71.0224292175475,42.33179864071131],[-71.02237558808346,42.33176627726554],[-71.02231433914193,42.33173064106008],[-71.0222349167983,42.33169141813084],[-71.02218556103867,42.33167158649839],[-71.02213515681738,42.33164598857912],[-71.02208659066558,42.33160194217025],[-71.02205585879435,42.33157426528387],[-71.02201454583094,42.33154987549584],[-71.02197357989795,42.331527737880855],[-71.02191787463758,42.331497166181826],[-71.02187722367371,42.33143334604316],[-71.02172154704387,42.331385432799635],[-71.02152026002337,42.331352004366586],[-71.02133540034241,42.33134448253833],[-71.02107056767703,42.331354633216776],[-71.02088996973077,42.33139322369017],[-71.02074060653409,42.331441037115944],[-71.02059061331765,42.33147588342813],[-71.02057945269185,42.331491592100114],[-71.02056547208002,42.331511160291775],[-71.02054205470975,42.33154311323682],[-71.02051372397622,42.33158296830624],[-71.02046429899636,42.3316203946012],[-71.02043304945953,42.33164511246708],[-71.0204035122064,42.33166803687192],[-71.0203506148295,42.33169932660407],[-71.02030441474004,42.3317114679101],[-71.02024599751303,42.33171860657214],[-71.02017850433157,42.33170653097317],[-71.02011378067668,42.33169725782002],[-71.02004947702432,42.33168060393954],[-71.02002157040405,42.33168048742359],[-71.0199478786108,42.3316538009781],[-71.01990611704151,42.33164066228263],[-71.01986501747729,42.33162023392212],[-71.01979498766819,42.33159068171868],[-71.01976851947579,42.33162487250834],[-71.01974166825806,42.33161359663663],[-71.0196912179276,42.33159420950559],[-71.01964052086234,42.33157536150012],[-71.01957321762312,42.331554283356546],[-71.0195143776542,42.33153720185984],[-71.01946234124124,42.33151897838565],[-71.01943028238337,42.33150642025397],[-71.01939208615842,42.331487174247755],[-71.01895174557531,42.33132886059145],[-71.01858956302141,42.33118446707618],[-71.01807481448103,42.33101458467205],[-71.01789014690176,42.33096609452735],[-71.01766277830016,42.33093236987615],[-71.01740126755007,42.33085708771761],[-71.0172614972729,42.330840115420756],[-71.01701080249579,42.330794497607904],[-71.01672927480132,42.330750730284564],[-71.01640163887484,42.330707128426276],[-71.01609440924196,42.330676575834005],[-71.01593509314755,42.330676985431175],[-71.01573830146955,42.3306593210008],[-71.01574034186955,42.3306305200427],[-71.01572309261202,42.33058552247844],[-71.01567912432128,42.33052798822165],[-71.0156043181699,42.33048878012648],[-71.0155125113357,42.330451390958515],[-71.01540155919704,42.33044237044519],[-71.01529219264376,42.33044812140758],[-71.01520288559917,42.330464580389055],[-71.01509422138386,42.33048951048596],[-71.01500894970185,42.33053353547696],[-71.01494667834811,42.33058449972761],[-71.01493027901509,42.33063448713104],[-71.01496014606181,42.330695383311834],[-71.01498516345896,42.330739963618065],[-71.01504070465879,42.33079142493287],[-71.0150713587318,42.33079713610077],[-71.01513272747142,42.330832326549306],[-71.0151571598197,42.33085826816856],[-71.01513685877457,42.33087906946921],[-71.01502792209858,42.33092362486331],[-71.01489271929398,42.33102316758467],[-71.01479657186073,42.33112458556617],[-71.01470688802833,42.3312058640668],[-71.01465451443822,42.33127928737203],[-71.01462748872028,42.33130672239888],[-71.01468731284022,42.331400966138254],[-71.01477386988684,42.33139520949851],[-71.01485239300445,42.331361149516496],[-71.01496758928667,42.33124405664377],[-71.01511982401695,42.331075352725215],[-71.01530944463353,42.33088880027077],[-71.01535201133038,42.3309075258896],[-71.015480358811,42.33091085785671],[-71.0155977374209,42.33088884507153],[-71.0156656602206,42.33086041174659],[-71.01570802473101,42.33082628885888],[-71.01571342652072,42.330786338361726],[-71.01572024423619,42.33073577030635],[-71.01585716734321,42.33074417965316],[-71.01611748049794,42.33076949372811],[-71.01630006469989,42.33080456351687],[-71.01662841598564,42.33084987923697],[-71.01689606719813,42.33088359517614],[-71.0170176892594,42.33089373943046],[-71.01717401928822,42.33093490957541],[-71.01736285819335,42.33097729635791],[-71.01752090445692,42.331016222488245],[-71.01772216761886,42.331068294015566],[-71.01789469256313,42.331117993922014],[-71.01806059661342,42.33116082354332],[-71.01820638441538,42.33120032754151],[-71.01840254112392,42.33125390697583],[-71.01857858655167,42.33131946584754],[-71.01874853954062,42.331372484796546],[-71.01888818087185,42.331422585711444],[-71.01897370644214,42.33145670480439],[-71.01903573596795,42.331485143681135],[-71.01893842710388,42.33148473650761],[-71.01898645525044,42.331503483626804],[-71.01907248341749,42.331535354002554],[-71.01918452574616,42.331576876284196],[-71.0192566049223,42.33160814799778],[-71.01931453538391,42.331633148446755],[-71.01941137891885,42.331694863658484],[-71.01951980056522,42.33174987494465],[-71.01958433215249,42.33178444600627],[-71.01966208436717,42.331819702482235],[-71.01974969241924,42.33186733416358],[-71.01982290425684,42.33190932379646],[-71.01990720057896,42.33194568779694],[-71.01997135628511,42.331981877604825],[-71.02006189982772,42.33204248559401],[-71.02014614117383,42.33208614160133],[-71.0202333900519,42.33213323123017],[-71.02030526374892,42.33217575514497],[-71.02039554212979,42.3322233974692],[-71.02047940894536,42.33228451744629],[-71.02055599796957,42.332329311615304],[-71.02067254016292,42.3324018214452],[-71.02079501984132,42.33247543626304],[-71.02085274925938,42.33251114863314],[-71.02096484498672,42.33257805778116],[-71.02103957721208,42.33262779552309],[-71.02109483108492,42.332653954297996],[-71.02114753764852,42.33268001240558],[-71.02118336096609,42.33270834094288],[-71.02126153051542,42.332768896428355],[-71.0213437874854,42.332834510546014],[-71.02145111001404,42.332906981182376],[-71.02151340756193,42.33296449943618],[-71.0215679165972,42.33302504625343],[-71.02163372766253,42.33308329930023],[-71.02171452123098,42.33314998741259],[-71.02177683490422,42.33320543490097],[-71.02182874438545,42.33325678773917],[-71.02187564923715,42.333312081048064],[-71.0219134872672,42.333362925172004],[-71.02195313724454,42.33341485717465],[-71.0219959243583,42.33346914298098],[-71.02202599771168,42.33351986474955],[-71.02209290239209,42.33361017266495],[-71.02212459473854,42.333655409320734],[-71.02216988707981,42.3337314926734],[-71.02218053383397,42.33378384421465],[-71.0221899777771,42.333850865604944],[-71.02222393834252,42.333901063294086],[-71.02225393863493,42.33392936728472],[-71.02228443789592,42.33395587274565],[-71.02233773747861,42.334000028737876],[-71.02238500014684,42.33404019831481],[-71.02244019100225,42.334091024317026],[-71.02248291267624,42.3341380172492],[-71.0225176233918,42.33418533701092],[-71.02255510320003,42.33423554921371],[-71.0225764337812,42.33427110951945],[-71.02261302628881,42.33432635968273],[-71.02264471529128,42.33437213634969],[-71.02267035100026,42.33441608727872],[-71.02268597628802,42.3344358686686],[-71.02272069546636,42.334482108042934],[-71.0227448557103,42.33451254836752],[-71.02277079260797,42.33454875796523],[-71.02280113489047,42.334596149530654],[-71.02283408761673,42.334651384509485],[-71.02287505065097,42.33472249795657],[-71.02290788473478,42.3347934876229],[-71.02293318703553,42.334865616409886],[-71.02295100584986,42.33491637709069],[-71.02296755700873,42.334974334886255],[-71.02298665972206,42.335031853117115],[-71.02300965416153,42.335088217104804],[-71.02302420167547,42.335138333990216],[-71.02303272325852,42.33523128002052],[-71.02303660986144,42.33527910192806],[-71.02303101350128,42.3353454306139],[-71.02303892175036,42.33542315907229],[-71.02303573929707,42.335491208335846],[-71.02303046826252,42.3355626700622],[-71.02302643233676,42.33563125596081],[-71.02301183906869,42.33569988808557],[-71.02299071358586,42.335781907531256],[-71.02298051838453,42.335846596591296],[-71.02296329568281,42.33589379072575],[-71.02293465654924,42.33595840324658],[-71.02291721689072,42.336002175344056],[-71.02290126505619,42.336057837534426],[-71.02287105090058,42.33613819869995],[-71.02281468757968,42.336242579282164],[-71.02279534209143,42.336297687191156],[-71.02276864154591,42.3363465525154],[-71.0227371325699,42.336405481198135],[-71.02270764833061,42.336469459940936],[-71.02268833955195,42.33650359106227],[-71.02265546666769,42.336550270019444],[-71.02259610618758,42.33661754580815],[-71.02252738045333,42.33668766362067],[-71.02249744607587,42.336730843577655],[-71.02245552384534,42.3367706426332],[-71.02241665280172,42.33680811357636],[-71.02234832058991,42.33687427160881],[-71.02230597094011,42.33692244159508],[-71.02223099930826,42.337016121055555],[-71.02216380975321,42.33707553149878],[-71.02209972877422,42.33714107684356],[-71.02204234264696,42.33720385906509],[-71.02198617226773,42.33725026090911],[-71.02191614615538,42.33729957608736],[-71.02183416971836,42.337356584073156],[-71.02175831545003,42.337406325063064],[-71.0216884450353,42.33745104923605],[-71.02160885404726,42.337497443482434],[-71.02152889006032,42.337545006507284],[-71.02144786669226,42.337604268926],[-71.02139480880007,42.337640149962894],[-71.02134837291507,42.337666875517534],[-71.02128764568124,42.3377059656429],[-71.02124283281823,42.33772666592418],[-71.02119443825968,42.3377556340023],[-71.02110801094248,42.33779128589797],[-71.02106460088979,42.3378029889848],[-71.02098920964723,42.337823471748834],[-71.02092574832868,42.337838962514404],[-71.02087940957139,42.337852814039806],[-71.02084224597839,42.33787291583519],[-71.02079274129372,42.33790421988954],[-71.02074460135628,42.337931568305635],[-71.0206918584433,42.33795781715525],[-71.02064051438839,42.33797560902306],[-71.02058374387089,42.33798887675553],[-71.02050807545325,42.33801385953314],[-71.02037825409822,42.338058963066935],[-71.02025234632578,42.338100031449805],[-71.02009052352984,42.33814049963228],[-71.01996224791127,42.33817372523157],[-71.01989843902872,42.338186963238115],[-71.01980131788308,42.3382084348358],[-71.01972876316117,42.33822280660423],[-71.01961754803123,42.33824655994117],[-71.01947701909853,42.338263348397724],[-71.01935524740274,42.33828696732876],[-71.01923927257272,42.33829827630505],[-71.0191086264856,42.3383079932934],[-71.01904499405805,42.33831393916071],[-71.01897876271515,42.33832653631592],[-71.01886780125793,42.3383328242311],[-71.0187412643709,42.33834471871159],[-71.01864415820575,42.338348183458834],[-71.01843925781158,42.338356328354955],[-71.01836028840587,42.33836842165006],[-71.01820303368783,42.33838243758975],[-71.01813527122385,42.33838890582443],[-71.01803994471004,42.33838175401722],[-71.017950223409,42.33838749987895],[-71.01785506210017,42.33839052196619],[-71.0177949018566,42.338402603722734],[-71.01771152000008,42.33840450471064],[-71.0176297985528,42.33841145426748],[-71.0175478982275,42.33841003025415],[-71.01741084296687,42.33841674743952],[-71.01732324830348,42.33841412897753],[-71.01725027607766,42.33841949446222],[-71.0172010356902,42.33841586656367],[-71.01712143269951,42.338415532250316],[-71.01705506879316,42.33841363296127],[-71.01699672747061,42.338409966744635],[-71.01693643568478,42.338407462689155],[-71.01681929829661,42.338412012114624],[-71.01670655066276,42.338413788953574],[-71.01654370018558,42.338413644439655],[-71.01642343321585,42.338414849202735],[-71.01634023344278,42.33842467257584],[-71.01625520015513,42.33842035351108],[-71.01613668452023,42.338430568313406],[-71.01601641751068,42.33843177265075],[-71.01590878357042,42.33843131949209],[-71.0158192391466,42.33842977203069],[-71.01568543305217,42.338424166774246],[-71.01562211661255,42.33842047890152],[-71.01556539559435,42.33841123694311],[-71.01545457565447,42.33839897604288],[-71.01535471136738,42.338382259734026],[-71.015260788945,42.338366108569225],[-71.0151378215061,42.338339661480624],[-71.01505418263038,42.33831175962339],[-71.014999875001,42.33828848292991],[-71.01491811360529,42.33826896165633],[-71.01483083040858,42.33824158443718],[-71.0147649343388,42.33822618134231],[-71.01468512774404,42.33820495758798],[-71.01458536410021,42.33817518672416],[-71.01446268674984,42.33815846334378],[-71.0143578914666,42.338136053468375],[-71.01424701142942,42.3381317137618],[-71.0141204529603,42.33813054875854],[-71.01407583170828,42.33812594871406],[-71.01399735646997,42.33812102548683],[-71.01390964101184,42.33811840391089],[-71.01381093016187,42.33810961374881],[-71.01375255471952,42.3381104472255],[-71.0136974376139,42.33811363522784],[-71.01365090601391,42.33810497560013],[-71.01358474716815,42.338108026808186],[-71.01353978016252,42.33811683952131],[-71.0134815433591,42.33811542270397],[-71.01343200791761,42.33810287899775],[-71.01336590010388,42.33808351289445],[-71.0133173964024,42.33806305088986],[-71.01324365275481,42.3380267268028],[-71.01315946865857,42.33799098866529],[-71.01309157191695,42.337951808287215],[-71.0130170352307,42.337908188286036],[-71.01293258794242,42.33787514975739],[-71.0128650201562,42.33784056215337],[-71.01276334207297,42.33780745048809],[-71.01275219140598,42.33775842705498],[-71.0127652701724,42.337714638003035],[-71.01279046179465,42.33764218079611],[-71.01284421288612,42.33754841752561],[-71.012874995262,42.337490568806004],[-71.01291203457731,42.33739232323363],[-71.0129339802732,42.33734740134015],[-71.01300812606688,42.33731557482462],[-71.01309215201728,42.337292883110464],[-71.01316150431212,42.337268958811876],[-71.01313223387304,42.337240745579116],[-71.01310206279622,42.337219190725335],[-71.01309625051987,42.33718603516371],[-71.01308581957436,42.337153850367386],[-71.01306582755656,42.33713413920919],[-71.01304733612102,42.33712442770504],[-71.0129749198667,42.33715230026413],[-71.01289146197234,42.33718003596527],[-71.01282490473561,42.337203431767215],[-71.01278025516478,42.337218367550605],[-71.01275228927558,42.33722563146833],[-71.01272591887178,42.3372305613683],[-71.01269956024912,42.337233960806465],[-71.01267494619263,42.3372314256704],[-71.01264708428434,42.33722518554147],[-71.01260939422853,42.33717154809374],[-71.01257000057362,42.337118533618074],[-71.01251695620977,42.33705753862847],[-71.0124776591086,42.33699201039325],[-71.01242914764101,42.336925452738065],[-71.01237758541309,42.33684537765812],[-71.01233673263764,42.33677705184971],[-71.01230983366814,42.33670887524909],[-71.01228742026912,42.33664125784855],[-71.01226061707987,42.336576412741394],[-71.01224743412382,42.336507754133464],[-71.01223628019325,42.33641200517262],[-71.01222935503904,42.33635012534236],[-71.01221962247509,42.33627463910458],[-71.01222591111336,42.33621443587196],[-71.01225774592994,42.33616172346341],[-71.01230616570766,42.33609836786012],[-71.01239840718252,42.33596992652332],[-71.01246094174796,42.33591725423161],[-71.01252026104673,42.33584089044165],[-71.01259615467572,42.33577098900494],[-71.0126755898976,42.33569813154792],[-71.01273045731926,42.33564830756045],[-71.01277696532352,42.33559673755323],[-71.01278816326536,42.33557652831072],[-71.01281926509175,42.335524352815014],[-71.01285436756967,42.335456889200685],[-71.01286861137578,42.335419317109064],[-71.01288491371903,42.3353665387049],[-71.01288391291702,42.3353073848981],[-71.0128614474261,42.3352465196025],[-71.01283545001544,42.33520310511288],[-71.01280541377508,42.33516417499008],[-71.01278137524447,42.33513427325647],[-71.0127541610346,42.33507554852632],[-71.01272211825136,42.33501356225004],[-71.01269392372824,42.3349560937655],[-71.0126760826267,42.33490929267716],[-71.01267942807233,42.334868793452465],[-71.01268020806114,42.33483053409727],[-71.01267707953005,42.33477983406213],[-71.01267441417532,42.33473201694317],[-71.01268022935095,42.334670191124744],[-71.01268695075339,42.334616741917756],[-71.01268407807632,42.33456433239886],[-71.01272696734844,42.33450986610974],[-71.01273913505892,42.33445824057865],[-71.01275853171595,42.33439755267486],[-71.01277164929104,42.33434863205919],[-71.01278143804161,42.334306539598515],[-71.01278642597977,42.33427333974099],[-71.01280531084646,42.33421607079081],[-71.01282121911817,42.334167161994635],[-71.01284681705985,42.3341205450021],[-71.01285628543468,42.334088534513995],[-71.01286467908572,42.33405426872573],[-71.01286775265211,42.33403330480483],[-71.01285534081211,42.33402208851416],[-71.0128294348673,42.334014146141286],[-71.01280490735614,42.334016292942714],[-71.01278464398504,42.33401620706578],[-71.01275537598927,42.33401941412348],[-71.01272919685111,42.33399967666522],[-71.01268249089787,42.33398255308345],[-71.01266468479112,42.333978516290095],[-71.01261419106336,42.333964797755996],[-71.01258224880927,42.333952868423715],[-71.01255305434685,42.33393077736496],[-71.01253193264374,42.33391610297453],[-71.01249967843006,42.33389742006035],[-71.01246926232685,42.333876404157024],[-71.01244172712642,42.33385945180535],[-71.01241379394173,42.33384690921982],[-71.01237988888603,42.33383776242984],[-71.0123536842119,42.33383711109669],[-71.0123325368516,42.33384152288071],[-71.01229199688751,42.3338745719013],[-71.0122637639062,42.33391667610393],[-71.01224304964529,42.333959352379225],[-71.01222246145738,42.33401715419368],[-71.01220461116175,42.33409756510348],[-71.01218865524287,42.33415259564182],[-71.01217720545412,42.334205484583414],[-71.01216126197589,42.33425889463315],[-71.01214014870446,42.334321825900574],[-71.01210102527445,42.33439143296419],[-71.01206913889499,42.334482407793715],[-71.0120247455224,42.33457449991267],[-71.0120057294789,42.3346329385642],[-71.01198952571477,42.33468859822639],[-71.01196714682729,42.3347425211052],[-71.01192066014623,42.334807055175794],[-71.01192194749275,42.33482893788205],[-71.0118662911842,42.334870925550184],[-71.01182241323744,42.33489612763617],[-71.01175574153022,42.334918892127504],[-71.01168338349919,42.33493947171187],[-71.01158279409329,42.334970374769135],[-71.01149156328978,42.33498358163672],[-71.01142816753622,42.33500635985906],[-71.01135723061556,42.335031446767935],[-71.01126750862316,42.33506923800569],[-71.01119580841298,42.335114578274315],[-71.01111242577747,42.335148525063985],[-71.0110396298302,42.335194310724575],[-71.01099267887723,42.33522454109273],[-71.01093123207468,42.33526200218823],[-71.01087187399064,42.33531180621955],[-71.01082824662804,42.33535159381935],[-71.01075982266408,42.33539685772677],[-71.01072415189323,42.335427676167775],[-71.01069136379797,42.335446622934505],[-71.0106621460658,42.3354589226845],[-71.01062365543193,42.33546208994536],[-71.01057889826542,42.335459648668376],[-71.0105312203981,42.335442610112224],[-71.01046834090319,42.335429918265795],[-71.01040100597407,42.335412795950305],[-71.01033157834455,42.33539953596282],[-71.01024996865515,42.33539243609325],[-71.01021909240731,42.33538384175294],[-71.01013891235122,42.33538016902736],[-71.01007126100524,42.335372588328255],[-71.0099870816276,42.33536826824439],[-71.00989566510633,42.33537400058337],[-71.00982449842574,42.33538161978839],[-71.00973678204016,42.3353952904],[-71.00966897377937,42.33540796549976],[-71.00962081842106,42.33542126457054],[-71.0095779371298,42.335442958891406],[-71.00954513054288,42.33546424602852],[-71.00951546475746,42.335503012337355],[-71.00948110224648,42.335537167078954],[-71.00941239954201,42.33558693048814],[-71.0093529161925,42.33568399884656],[-71.0093140449192,42.33573623028365],[-71.00927474127425,42.33578161759734],[-71.00924821747331,42.33582201778381],[-71.00923095954398,42.33585678564257],[-71.00920684769746,42.335914751924975],[-71.00917725605237,42.33595955045712],[-71.0091459266438,42.335993718046396],[-71.00908534904066,42.33602839094459],[-71.00902527508839,42.336045060003734],[-71.00895923113191,42.33604918939129],[-71.00888375280478,42.33603374197368],[-71.00881288943464,42.33603343922909],[-71.00874499975848,42.336025226526075],[-71.00868983863548,42.33600302353265],[-71.00860835488123,42.33597962764663],[-71.00855957249726,42.33596420408935],[-71.00848291172305,42.335944790041715],[-71.00841030246619,42.335934936425716],[-71.00836082183649,42.33593130370133],[-71.00831796671412,42.3359339113481],[-71.00828529408079,42.33595348813313],[-71.00828319103229,42.33597427602114],[-71.00829563877434,42.33601205174596],[-71.00831042316372,42.33603021096731],[-71.00832878345403,42.33605666822107],[-71.00836999092736,42.33607872168766],[-71.00844661932727,42.336117942225485],[-71.008527724877,42.336158802387736],[-71.00856744073123,42.336185440925114],[-71.00863321823894,42.33623127715666],[-71.00872513605857,42.33627056285335],[-71.00880472673026,42.33630340369268],[-71.00886911759895,42.336340320913436],[-71.00893810535568,42.33639472351117],[-71.0089804948439,42.33645216350923],[-71.00900559074122,42.336533297496295],[-71.0090279482104,42.33660766754795],[-71.00903024927464,42.33668645343154],[-71.00902475037223,42.33675395228101],[-71.00901317193471,42.3368073805203],[-71.00900796388599,42.336868668554985],[-71.00898708420388,42.33694789561155],[-71.00897668839559,42.337005290206115],[-71.00898098000496,42.3370621173217],[-71.00897880060126,42.3371240484956],[-71.00898750389864,42.33717531260609],[-71.00900990647247,42.337228255758],[-71.00904471199223,42.33727792077004],[-71.00910551012439,42.33734012086727],[-71.00914026077665,42.33738123278675],[-71.00921373041068,42.33745248990222],[-71.00927133317414,42.33755122834976],[-71.00930118966261,42.33761320623123],[-71.0093267511018,42.33766571264832],[-71.00935058293501,42.33773783816427],[-71.00937606618666,42.33781609274471],[-71.00939496626326,42.337882615357536],[-71.00941488529732,42.337942930261335],[-71.00943225603012,42.33801889946365],[-71.00945101743402,42.33808767221582],[-71.00947017772647,42.33816761035426],[-71.00947853838487,42.33823183723507],[-71.00949010561213,42.33830508076953],[-71.0094892007572,42.33837484995997],[-71.00951781710431,42.338455998815306],[-71.00955668800587,42.33852926879008],[-71.00957319644482,42.33859127967222],[-71.00960641579088,42.338673528492784],[-71.00963759395707,42.33875297767416],[-71.00966244330147,42.338850495829625],[-71.00970609801708,42.33894854432432],[-71.00973771513114,42.33900269699089],[-71.00977067059881,42.339072070378585],[-71.00980125289021,42.33911883617574],[-71.00986170692521,42.339178783627275],[-71.0099061878229,42.339232901054146],[-71.00994398069695,42.339273125378284],[-71.00996531913523,42.33930697747659],[-71.01002993443156,42.339048957590684],[-71.0100454355646,42.33906874016145],[-71.01008479416592,42.3391261667907],[-71.01009807553687,42.33915053141078],[-71.01010561525621,42.33917982319846],[-71.01010669289963,42.33921304875806],[-71.01011258185451,42.33923612146002],[-71.01013520415215,42.339245220823884],[-71.0101772252497,42.339240898374314],[-71.01020347952314,42.33923542838363],[-71.01024985298346,42.3392175299616],[-71.01029765902328,42.33921836380486],[-71.01035464498194,42.339224728538035],[-71.01040206957249,42.33922781145631],[-71.01046841184655,42.33923259544147],[-71.01052518160205,42.33923553804007],[-71.01058108313018,42.33924090771702],[-71.01066002206493,42.33931155693773],[-71.01069076106278,42.33933815650306],[-71.01074853442914,42.339383957406824],[-71.01078641562424,42.33941283808189],[-71.01083253041963,42.33944409454886],[-71.01087077642904,42.339472886717935],[-71.01091972684695,42.33949839331145],[-71.01096127466239,42.33953962359562],[-71.01097466110824,42.33956614927046],[-71.0109913110443,42.339610064558286],[-71.0109675252764,42.33964156381463],[-71.01094244848665,42.33966738570264],[-71.01092679065118,42.339683524444304],[-71.01089682467405,42.3397295822083],[-71.01085534906599,42.33975749502574],[-71.0107916313782,42.33980556987282],[-71.01232393508728,42.3408468809424],[-71.01239521994563,42.34084043106135],[-71.0141536273744,42.341996923590905],[-71.02137381480736,42.34187586729384],[-71.02139248639162,42.34191024629849],[-71.02512532889689,42.34185694188238],[-71.02511710441877,42.3417400495152],[-71.02510254277388,42.3416590527736],[-71.02509024375313,42.34161614788951],[-71.0250926605224,42.3415851876945],[-71.02511611932546,42.34158024293326],[-71.02514550816582,42.341577483369115],[-71.02515123240721,42.341590921419005],[-71.02518778686537,42.34160358649733],[-71.02527668332051,42.34161124597779],[-71.02537041700468,42.34162117609788],[-71.02546491579186,42.34164236299716],[-71.02556470366656,42.34165411853754],[-71.02568468802545,42.34165902503383],[-71.02576326167043,42.34165151658153],[-71.02592172214045,42.34165559120184],[-71.02603499441656,42.34164930598812],[-71.02611878750935,42.341625433425925],[-71.02616258487872,42.34161084908318],[-71.0262207375121,42.34159155231135],[-71.02636103192347,42.34154198386786],[-71.02637314747078,42.34151223398656],[-71.02638895942877,42.34145882155067],[-71.02640839163205,42.34139191958703],[-71.02640941823218,42.34135204071047],[-71.02643108868551,42.34129415091972],[-71.02646312955444,42.341293742712054],[-71.02652943805829,42.341287263576255],[-71.02665879078779,42.34128887654367],[-71.0267946749671,42.3412933971944],[-71.02690872866157,42.34129611729671],[-71.02695875333414,42.34130883723825],[-71.02698694032688,42.3413369524054],[-71.02704164393356,42.34135689392645],[-71.02711110716574,42.34136672278638],[-71.0271044272586,42.34139991622612],[-71.0271127200493,42.341426959208086],[-71.02713194663025,42.34145242662622],[-71.02716954110102,42.341472117657965],[-71.0272166286297,42.34148815650128],[-71.02727941363703,42.34149849797434],[-71.02735984447055,42.34150224976508],[-71.0274517620733,42.341511630544815],[-71.02754107314311,42.34151253776013],[-71.02760579545233,42.341507221869726],[-71.02760361396112,42.34157185413977],[-71.02760890552376,42.3416270640085],[-71.02762690703587,42.34163785148832],[-71.02767256478381,42.34165037311586],[-71.02777971459103,42.341667648779215],[-71.02790350093119,42.341699757504074],[-71.02801303140808,42.341739550116124],[-71.02815433961075,42.34178172377956],[-71.02823605136756,42.34179277260687],[-71.02831776259463,42.34178761605241],[-71.02844435085755,42.34176949919088],[-71.02856717712018,42.34175136676482],[-71.02879910723388,42.34173260104645],[-71.02899327119738,42.34173339662699],[-71.0292215807591,42.341728209688455],[-71.02924549966924,42.34169400636301],[-71.02927733177049,42.341640118956725],[-71.0293164121362,42.3415906726631],[-71.02935998983462,42.341540254440375],[-71.02939336569555,42.34147457944736],[-71.02941208754012,42.341421178516384],[-71.02941271923389,42.34136887392465],[-71.02942005053951,42.34129688027852],[-71.02942608512322,42.34121974963819],[-71.02942121798456,42.34112357813738],[-71.02941057705841,42.341036836107214],[-71.02940436271145,42.34090968891402],[-71.02940995321588,42.34081067926339],[-71.02941975363586,42.34066775240717],[-71.02940922944886,42.3405163696062],[-71.02940380267097,42.34049546053067],[-71.02938766245602,42.34043021304711],[-71.02938804744312,42.34037844761188],[-71.02938649067077,42.34031037887278],[-71.02940363864822,42.3402564313112],[-71.03039128663188,42.340230039662295],[-71.03039969418468,42.34029084397063],[-71.03041332022359,42.340367964945656],[-71.03041702432151,42.3404411741218],[-71.03040033759378,42.340514840190295],[-71.03040421246675,42.34076126696114],[-71.03041007739094,42.34093576822215],[-71.03034586643801,42.34095405203514],[-71.03036983151186,42.341240533974805],[-71.03040463898638,42.34153777369269],[-71.03222594918034,42.34150459482785],[-71.03244271475876,42.34155058134075],[-71.03251452101178,42.34153907945771],[-71.0326067858725,42.34153441291598],[-71.03276577340924,42.34151642300786],[-71.03339298796244,42.341526352609336],[-71.03338785227555,42.34149869269806],[-71.03374417112826,42.34149617693616],[-71.03373091558696,42.340412977681254],[-71.03483596567563,42.34041241224838],[-71.03489603392146,42.34041265526222],[-71.03493277385627,42.340416765183186],[-71.03498012246847,42.34043046113363],[-71.03499911384371,42.340455296071845],[-71.03501810920307,42.34047959084555],[-71.03506664690806,42.3404966226623],[-71.03515950192691,42.34051050255159],[-71.03515455433444,42.34053974215137],[-71.03514165447682,42.340594247901166],[-71.03514863093895,42.34065225513654],[-71.03514900488216,42.34071698789176],[-71.0351537583578,42.34079677328691],[-71.03515727420252,42.34086331933386],[-71.03512673807316,42.3408902047328],[-71.03510410393186,42.340931706861454],[-71.03507474680859,42.34099631939116],[-71.03506060278862,42.34108800229547],[-71.03506011064745,42.34115498228132],[-71.03505039248027,42.34122237510444],[-71.03505916009766,42.34128435088021],[-71.03508128502726,42.34134521028418],[-71.03511450262762,42.3413993623207],[-71.03516478858414,42.341492386082244],[-71.03517657593785,42.34167195261613],[-71.03523995495718,42.34166770735399],[-71.03533075564252,42.341664113062194],[-71.03544807829418,42.341668008284444],[-71.03547142635563,42.341694571299705],[-71.0354887405161,42.34171651842671],[-71.03553921234654,42.34173472823289],[-71.03559732479268,42.3417535990855],[-71.03567383682702,42.341762280851526],[-71.03576277968685,42.34176381039801],[-71.0358291192698,42.34176957004174],[-71.03589532576926,42.34176038420956],[-71.03594924910306,42.34177131537609],[-71.03599150699381,42.34175122928427],[-71.03604522150184,42.341724437194266],[-71.03612420821354,42.34171008108949],[-71.03620269040556,42.34168176831976],[-71.03631392774217,42.34167150347573],[-71.03638221025157,42.341660525145734],[-71.03645755360276,42.34166307967059],[-71.03652811871771,42.34167182692141],[-71.03656924070442,42.34167424341849],[-71.03663861737404,42.34167956468936],[-71.0367005235949,42.341677563424845],[-71.03676865173853,42.34167108571942],[-71.03687372898409,42.34165683421631],[-71.03694664385232,42.341642993266454],[-71.03702601802767,42.34162539704103],[-71.03710662280473,42.34160546494799],[-71.03722009753307,42.341587915845274],[-71.03730810688944,42.34158430875738],[-71.03737674290325,42.341591337163294],[-71.03745988790288,42.34160571628925],[-71.03751633871819,42.34161953783309],[-71.03755149865388,42.34162409070469],[-71.037580873814,42.341623128499336],[-71.03763472925323,42.341626766211405],[-71.03769469441129,42.34162466657647],[-71.0377705718467,42.34162056020448],[-71.03783261576496,42.341616308146534],[-71.03790372981548,42.341599758466415],[-71.03798430207459,42.34158423707458],[-71.03800669283987,42.341609085163796],[-71.03807627306043,42.34160315269613],[-71.03818720088971,42.34160197777839],[-71.0382922737596,42.34158826513985],[-71.03841611021261,42.34158092980231],[-71.0385532710929,42.341576978901486],[-71.03870461376152,42.341575335475355],[-71.03880372902407,42.3415797844274],[-71.03896490647321,42.34157745987246],[-71.03897225450527,42.341551650868716],[-71.03900064033992,42.341453272406596],[-71.0390296013431,42.34134256219879],[-71.03906153632727,42.341223401130264],[-71.03907220529567,42.34115817250542],[-71.03908922316234,42.34107100212901],[-71.03912181383002,42.3409450914524],[-71.03917919162582,42.34069828043881],[-71.03921777849503,42.34054880602398],[-71.03924508568964,42.34043178704833],[-71.03929292759622,42.34027784821405],[-71.03934941292742,42.34017012913714],[-71.03935557936475,42.34015655938441],[-71.0394045162845,42.34010219754796],[-71.03946948643899,42.34006248469875],[-71.03952611158158,42.34001886712039],[-71.03959035233888,42.33999598680438],[-71.03967303747102,42.33997327033194],[-71.03976618170338,42.339964100098854],[-71.03983544500339,42.33995141308873],[-71.03983884945907,42.339867069041404],[-71.0398381676116,42.33984401875138],[-71.0398462612727,42.3397990363775],[-71.03984130008328,42.33973032398437],[-71.03984263373786,42.339647051999236],[-71.03982467692109,42.33956316262579],[-71.03980503371609,42.33947755593642],[-71.03981812465787,42.339412877093636],[-71.03990330710597,42.3394137581923],[-71.03988214965271,42.33935281354902],[-71.03987338306074,42.3393067733666],[-71.03986629743372,42.33924651524223],[-71.03987779192529,42.33915103989495],[-71.03987054389059,42.339063052017366],[-71.03986356992179,42.33892068738459],[-71.03986592054167,42.338814371888795],[-71.03985908439022,42.33871981349462],[-71.03986462168508,42.33862584479783],[-71.03985801866969,42.33854929324485],[-71.03991860051885,42.33857879530429],[-71.03994524989099,42.338602039543346],[-71.03996828271492,42.33863868370916],[-71.03998286187252,42.338669712212585],[-71.04001280197306,42.33872438991745],[-71.04002019581493,42.338775646316925],[-71.04002973043961,42.338816197763244],[-71.04002281385903,42.338866226523],[-71.0400104202848,42.33891848410746],[-71.0399997978168,42.33897750099273],[-71.0399966559515,42.33905914522422],[-71.03998961693664,42.33912600901529],[-71.03997789377732,42.339186191876195],[-71.03997753774874,42.339235166525135],[-71.03996828001392,42.33932344846655],[-71.03996822938747,42.33939718246052],[-71.03997121142758,42.33948776411221],[-71.04001408999775,42.339565541137475],[-71.04006986760892,42.339638418122604],[-71.04015023892697,42.33966682882883],[-71.04017394834469,42.339693932518294],[-71.04023655543317,42.339712098776374],[-71.0403065916439,42.339726603493666],[-71.04036510956458,42.339739711677396],[-71.04045954856318,42.33971929236839],[-71.04053271487801,42.33970382962397],[-71.04061224814707,42.33968055970422],[-71.04065624713353,42.33965426681931],[-71.04071566752297,42.33959319409406],[-71.04074033381977,42.33953864470024],[-71.04075513754391,42.3394886474118],[-71.0407615984503,42.33941772994378],[-71.04077633222296,42.339377365532734],[-71.04078236533891,42.33934867020752],[-71.0407839015584,42.33930420175078],[-71.04080515606245,42.33926827482783],[-71.04085322840045,42.33923245500436],[-71.04089620799928,42.33919607464695],[-71.04096011538316,42.33916878078797],[-71.04102232308635,42.33915831563251],[-71.04105905485567,42.33916350392017],[-71.04111070316966,42.33918675764301],[-71.04114846115942,42.339201042981585],[-71.04122119462262,42.33924517762816],[-71.0412866264308,42.33929216404074],[-71.04133629225694,42.339321081611814],[-71.04141433985569,42.33938549397963],[-71.04144214684084,42.339416575051],[-71.04150173862041,42.339465698753855],[-71.04155136359066,42.33950028792759],[-71.04159237022826,42.3395184573422],[-71.04165030169578,42.33952877161833],[-71.04170773206535,42.33952449908373],[-71.04176756070932,42.33952419737855],[-71.04181245112156,42.33952554667144],[-71.04183966911077,42.33953744900757],[-71.0418621297551,42.33955275350221],[-71.04185971854557,42.339567328677695],[-71.04183972745294,42.33957967308942],[-71.04178488522108,42.33959520969628],[-71.0417521733746,42.3396046224486],[-71.04170402156878,42.339617934945146],[-71.04163462076089,42.339649708790894],[-71.04160732063957,42.33966589529211],[-71.04157330132726,42.33968826703285],[-71.04153841624378,42.339712886049334],[-71.04148953949728,42.33974249091004],[-71.04142664104569,42.33978122283554],[-71.04136507474516,42.339820320158886],[-71.0413198539374,42.339864524314685],[-71.04129065897558,42.33990771203893],[-71.04123920355907,42.33995819335453],[-71.041186424968,42.34000704883508],[-71.04114357090413,42.34004279959042],[-71.04111367710397,42.34006518765983],[-71.04107272938619,42.3400890621004],[-71.04102797670743,42.340118863285326],[-71.04096825423872,42.3401546366639],[-71.0409083262328,42.34018527750793],[-71.040857466079,42.340220546039475],[-71.04082194411846,42.340265959114106],[-71.04078800292143,42.34031092834372],[-71.04076386963423,42.34034216222295],[-71.04074691818597,42.34037036378123],[-71.04073010879803,42.340412430450385],[-71.04072751387088,42.34043555767095],[-71.0407224257586,42.34048451340354],[-71.04071817224829,42.340518797658156],[-71.04071047191712,42.34055982035688],[-71.04070278791212,42.34059859238205],[-71.04069142136817,42.34065985707365],[-71.040667924514,42.340703697605534],[-71.04063516053458,42.34075362311345],[-71.04059683157976,42.34078444011896],[-71.04054090125749,42.340832652498925],[-71.04047093442402,42.34089197241001],[-71.04042245444447,42.34095029781479],[-71.04038366911634,42.34102720803337],[-71.04034722206784,42.34109962611087],[-71.0403298577819,42.34113448813762],[-71.04031446874849,42.34114802106589],[-71.04026684800671,42.341188253907795],[-71.04019525094282,42.34123802400284],[-71.0401251044091,42.34130526557911],[-71.04006375199071,42.34136470972526],[-71.040001717157,42.34141784904291],[-71.03992220057931,42.34148856415602],[-71.03985644310686,42.34155294218602],[-71.03979051438678,42.34162416173464],[-71.03972978120412,42.34168180758958],[-71.03968568788618,42.34170413843985],[-71.0396345937862,42.34175462047511],[-71.03957701092135,42.341812909069276],[-71.03950884419683,42.34189141188173],[-71.03945841056856,42.34196782497799],[-71.03939861939989,42.34202934569779],[-71.039330381233,42.34208426038889],[-71.03922743152762,42.3421896325104],[-71.03907921015745,42.34236234517794],[-71.03883467595868,42.34262866216808],[-71.03878555815203,42.34269085558153],[-71.03873893624662,42.342743605890725],[-71.03873466510304,42.34278014072636],[-71.03873582209955,42.342821198812565],[-71.03868634871858,42.342832254009274],[-71.03868600399639,42.34339556706841],[-71.03865307589409,42.34340101677647],[-71.03862427782069,42.343405942871115],[-71.03860440877617,42.34343458254158],[-71.0386009063445,42.34346553862476],[-71.03859723331801,42.3435032462334],[-71.03859001479671,42.343527885340315],[-71.03857298612559,42.34354978419303],[-71.03854188407693,42.34357108638437],[-71.03850137401182,42.34358442821242],[-71.03846270462805,42.343594986501465],[-71.0384211679981,42.34359932123357],[-71.03836561184895,42.34359567707005],[-71.03831621136771,42.34359664910035],[-71.03828809204725,42.34360833004678],[-71.03824793808958,42.3436227535694],[-71.03821674344812,42.34364009400453],[-71.03818832355665,42.34365969631277],[-71.03779377008354,42.34366144199322],[-71.0372150269232,42.3432934142717],[-71.0371721743993,42.343278566976075],[-71.02191294112393,42.343522230602424],[-71.02188757122008,42.343539050667985],[-71.02186065183255,42.343568198335014],[-71.02190241358475,42.34449792717351],[-71.02558740387046,42.344453501152294],[-71.02558475834246,42.34467685348829],[-71.02570183044156,42.34468246815966],[-71.02570494414408,42.344752794060014],[-71.02570970782824,42.34479728829318],[-71.02571937568429,42.34485134588397],[-71.02574863288886,42.344898732059995],[-71.02582899163868,42.344928863252505],[-71.02588686207942,42.34494764797208],[-71.02590177754057,42.3449978559139],[-71.02591491035997,42.34505922016266],[-71.0259331849557,42.34506604772413],[-71.02655107743037,42.345061301255924],[-71.02654363988249,42.34564979349707],[-71.02319451397767,42.34569447330604],[-71.0232373009966,42.34692580420032],[-71.02610867990163,42.348095633028464],[-71.0261392482874,42.3480654190802],[-71.02616079048956,42.3480249946004],[-71.0261728871375,42.34798174028089],[-71.02621591821743,42.34795661931621],[-71.02631848137844,42.348004307331536],[-71.02641073463005,42.3480187319239],[-71.02650367491992,42.3480224457665],[-71.02654924522415,42.34801480084743],[-71.02659025486061,42.34800029489538],[-71.02664894299596,42.348039969405285],[-71.02671850471341,42.34807005548966],[-71.02676050039626,42.34808598348935],[-71.02683217119906,42.34810995618192],[-71.02689941079933,42.34812598800645],[-71.02698662985144,42.34814822398406],[-71.02705319541289,42.34817325588996],[-71.02711383862155,42.348211227641166],[-71.02718761044314,42.348262667730985],[-71.02721140094648,42.34827861073448],[-71.02724195051724,42.348315828470746],[-71.02731130670955,42.348357257056705],[-71.02735807798356,42.34838382794105],[-71.02741406835044,42.34841106690227],[-71.02748201880111,42.34844573739821],[-71.02757203393581,42.34846744424094],[-71.0276451625354,42.34849133238172],[-71.02772411202908,42.34851587458947],[-71.02783510587658,42.34855630348],[-71.0278910007627,42.348580120696],[-71.0280338011821,42.348635804923205],[-71.03210175790176,42.3503073501948],[-71.03212401056354,42.35031815423476],[-71.03215798988069,42.35031883266214],[-71.03217829577675,42.35031387363079],[-71.03219261642911,42.35029763657493],[-71.03220135410467,42.350281376805],[-71.03222229189596,42.350256613874336],[-71.03379596426143,42.34815415645132],[-71.03475113222451,42.34856702869819],[-71.03318979851424,42.350743823226075],[-71.03348845032001,42.35086558453325],[-71.03366403647811,42.350640683175094],[-71.03404597700028,42.35079186025619],[-71.03387402426742,42.35101794729618],[-71.0342067765208,42.35114083526583],[-71.03582706416594,42.34899802623428],[-71.0365242271643,42.34926129334007],[-71.03714571385632,42.34843885749847],[-71.03722500308074,42.34833447246133],[-71.03759781472282,42.34848848204334],[-71.03755097209358,42.348554105138305],[-71.03751970272612,42.34859791371225],[-71.03777708502467,42.348719948098854],[-71.03775364564201,42.34875523541873],[-71.0377736256532,42.34876152776275],[-71.03874307586135,42.3491845973811],[-71.03829680826745,42.34979842710586],[-71.03794581708995,42.349679979119394],[-71.03786477260678,42.34977535463527],[-71.03820950473173,42.349903320840035],[-71.0381506839211,42.34999698521203],[-71.03790895165466,42.349908325470096],[-71.03779878933808,42.35005192968003],[-71.03802932715739,42.350144505967194],[-71.03673096022963,42.35189152336629],[-71.03773814739118,42.35230511988705],[-71.03989177563481,42.34944470276251],[-71.04083087346334,42.349839003835775],[-71.03868030400038,42.352700080658636],[-71.03998251503242,42.35324034129907],[-71.04216653449815,42.35036361868197],[-71.0427363290771,42.350605633954316],[-71.04250806572954,42.350885527436006],[-71.04296604179183,42.351082532095496],[-71.04118918814582,42.35333348073285],[-71.04114496308823,42.35338966259229],[-71.0411240851355,42.35342325022681],[-71.04110864748925,42.35345983053251],[-71.04109287761048,42.353508743518525],[-71.04107094630386,42.353553670625644],[-71.04104382139818,42.353578320417625],[-71.04100289517572,42.35356456265379],[-71.04097098933167,42.353629166335956],[-71.04156118749724,42.35387297915567],[-71.04231276969128,42.35289969568077],[-71.04239385885037,42.35291523333742],[-71.04247710441508,42.35295148624643],[-71.04256049878838,42.35298395845747],[-71.04268964320629,42.35303452837682],[-71.04281384791399,42.353080036872676],[-71.04291585363627,42.3531237464429],[-71.04301667069379,42.35314719461585],[-71.04304446089809,42.3531479352534],[-71.04307999587476,42.35313511224002],[-71.04310415024743,42.353118282712025],[-71.04313927641066,42.353094834603986],[-71.04317007421379,42.353048861976596],[-71.04322457309141,42.3529983919947],[-71.04328335637005,42.35294289736445],[-71.04335693779842,42.352922392819885],[-71.04343088708077,42.35291818498437],[-71.04350000142928,42.352928002471984],[-71.04358320607807,42.35297001628746],[-71.0436402836213,42.35299950232218],[-71.04369919806429,42.35302674488569],[-71.04376175833185,42.35305337167859],[-71.04384604725054,42.35309655998343],[-71.04394007933958,42.35313519537468],[-71.04403864267229,42.353185102310945],[-71.04418814727714,42.35325708819708],[-71.04434266425253,42.353324142139016],[-71.04445148413086,42.353382552105494],[-71.04443252969153,42.35340210339191],[-71.04439849570292,42.35344248171652],[-71.04436865274461,42.35349079920959],[-71.0443252891053,42.35354572528311],[-71.04428061371506,42.35361424055651],[-71.04422693244278,42.35368605120045],[-71.0441672751006,42.35376179941679],[-71.04410481824777,42.353855452320694],[-71.04404234883806,42.353933980228604],[-71.04402093738751,42.353957573019436],[-71.04399119515789,42.354008681716735],[-71.0439432867168,42.35408780748366],[-71.0438966769504,42.3541719800174],[-71.04383007560902,42.35426795708877],[-71.04376075894747,42.354386970829495],[-71.04369172573655,42.35448347834506],[-71.04360584483777,42.35459342333898],[-71.04357296150897,42.354692865148955],[-71.04362898846868,42.3547167651905],[-71.04366373029958,42.35472986726581],[-71.04373958273779,42.35476500954574],[-71.04384849801066,42.35481045622781],[-71.04392476215907,42.35483902788456],[-71.0440439428553,42.3548748819652],[-71.04411198720996,42.35489873938679],[-71.04420500692353,42.354926657045176],[-71.0443104111617,42.354954083527566],[-71.04439353459094,42.35499096473836],[-71.04445977004434,42.354996358798104],[-71.04454230728861,42.355013521181824],[-71.0446734843653,42.35505230305207],[-71.04474347508642,42.355075627628565],[-71.044795181146,42.35509284783001],[-71.04485000459516,42.35509855660804],[-71.0449412771453,42.35509945799079],[-71.04501530103825,42.3551020916435],[-71.04509935984464,42.35511025672544],[-71.04521522301756,42.355118097380284],[-71.04532399451647,42.35513311221605],[-71.04548212652175,42.355137068399586],[-71.04562072892183,42.35513923664794],[-71.04576561391669,42.35514548085898],[-71.04590862150556,42.355142714554304],[-71.04603706432873,42.355139800548685],[-71.04614800411957,42.355140238433584],[-71.04628603452723,42.35512061655703],[-71.04641092501504,42.35510526408968],[-71.04651216088382,42.35508783756726],[-71.04659617518753,42.355068362415814],[-71.0467490823291,42.3550222400248],[-71.04687538762589,42.35499572900986],[-71.04700881718662,42.35495745209514],[-71.04716343915989,42.35490908517928],[-71.04732014788148,42.35484046970096],[-71.04745218826854,42.35477571822068],[-71.04760603929442,42.35469925856732],[-71.04773182448938,42.35464348507847],[-71.047876089914,42.354566447190024],[-71.04801999921729,42.35448823734141],[-71.04812879421924,42.35441493097555],[-71.048213838974,42.3543359493921],[-71.04832249046396,42.35423167223291],[-71.04841245790587,42.35414316674043],[-71.04848464055294,42.35406350424082],[-71.04853501574404,42.35399509976378],[-71.05092138346873,42.35096199602431],[-71.05216130481374,42.349354767650546],[-71.05237728772131,42.34908831169002],[-71.05251599012786,42.348920046636806],[-71.05266646026887,42.34871806621024],[-71.05278653851084,42.348574486423146],[-71.05285812012902,42.348509493563625],[-71.0529512392764,42.34843666181762],[-71.05304487101755,42.348359960728736],[-71.05312613289843,42.34826466545592],[-71.0531762760692,42.34819337705653],[-71.05322211303738,42.348078767810826],[-71.0532388080383,42.34806919954303],[-71.05326878014932,42.34803564503356],[-71.05333646878218,42.34793741593649],[-71.05339116487188,42.34782284103182],[-71.05348972723246,42.34771797955457],[-71.05359447356514,42.34754507984444],[-71.05373811532701,42.34736386824106],[-71.0537755896886,42.34731620811131],[-71.05379104019741,42.347293760741906],[-71.05382045688977,42.347252821526595],[-71.05387170280524,42.34717982653639],[-71.05394189441527,42.34708781880559],[-71.0540485009554,42.34692617954762],[-71.05417216111042,42.34675560337877],[-71.05426480271744,42.346629381318195],[-71.05439881296198,42.346453803378715],[-71.05446012557626,42.34634708613327],[-71.05452750824996,42.346257317884046],[-71.05462245650544,42.34614802997743],[-71.05468851200304,42.3460570861096],[-71.05473727135822,42.345974988129505],[-71.05479558756298,42.3458627673052],[-71.05483883360543,42.345822511572635],[-71.05486850890662,42.34581362352548],[-71.05492082880934,42.34579464981224],[-71.0549764511608,42.34578928328642],[-71.05504845779623,42.34578389010867],[-71.0552126970857,42.34577903376716],[-71.05538891750457,42.345778995074824],[-71.05554617413222,42.34576609864597],[-71.0556927692975,42.3457678355861],[-71.05574337280028,42.34576857129038],[-71.0558023937826,42.345763127467286],[-71.05599019709472,42.34575548010706],[-71.0561938921371,42.34573150844243],[-71.0563663740708,42.34571074707748],[-71.05657304731255,42.34569470881354],[-71.05673964444556,42.345682386951154],[-71.05680649096261,42.34566860005343],[-71.05685997206444,42.34565701234048],[-71.05690751816033,42.34566106683447],[-71.05702236842261,42.34565529733945],[-71.057191137247,42.34564478377661],[-71.05728049803564,42.34563945603394],[-71.05739320359784,42.34561063040404],[-71.05749836159045,42.345567731043054],[-71.0576487169585,42.345517623071515],[-71.05778742846303,42.345466479800045],[-71.05792054139499,42.345452316888654],[-71.05806214190653,42.34542189113861],[-71.05812582178021,42.345374870483376],[-71.05819411703354,42.34534470301085],[-71.05833325141953,42.345267632261304],[-71.05844028000716,42.34519998116096],[-71.05852063987112,42.34518003313946],[-71.05864208724638,42.345115678268506],[-71.05885429501716,42.344984329588044],[-71.05913465910817,42.34482506268524],[-71.05936566038537,42.34469594582228],[-71.0594509829609,42.34464288537631],[-71.05952265960289,42.34458004942351],[-71.0595911413165,42.34452287303616],[-71.05966744369468,42.344457984035785],[-71.05977617271553,42.344337400953506],[-71.05984675181762,42.344310122182776],[-71.0599668962006,42.34425818497226],[-71.06004295562485,42.344228136145276],[-71.06008955265813,42.34419401325778],[-71.0601139336716,42.34417835140306],[-71.06014045973193,42.34415090390596],[-71.06015840892327,42.34408282036128],[-71.06019896111923,42.344027877527374],[-71.06024310707909,42.34394476924011],[-71.06025484252423,42.34386270736402],[-71.06025724161117,42.343779439396705],[-71.06027058656666,42.34367532648211],[-71.06029087131772,42.34355053335361],[-71.06027065498746,42.34343845952737],[-71.06027015715603,42.3433354640447],[-71.06028031109096,42.343236470588465],[-71.06027102814309,42.34310535234359],[-71.06027841581957,42.34309007560668],[-71.06028420835669,42.343077313590854],[-71.0603286050051,42.34304534289109],[-71.06039088335024,42.343007318549],[-71.06046319094312,42.3429755445395],[-71.0604946800237,42.34294982648649],[-71.06054096319171,42.34294325119531],[-71.06060999482929,42.342946305934326],[-71.06066695347518,42.34294031156507],[-71.06076589282428,42.34293564793157],[-71.0608442962938,42.34293477704006],[-71.06085216860711,42.34291959214676],[-71.06087264544037,42.34288933046144],[-71.06090146450408,42.34286360209978],[-71.06091280594869,42.34283816710388],[-71.06095176380508,42.34282040003198],[-71.06100369929008,42.34282122854607],[-71.0610662992139,42.342841724149885],[-71.06104006861071,42.34291418767156],[-71.0611086739458,42.34294370911449],[-71.0611581986667,42.34294218759271],[-71.06120786433482,42.342955341372424],[-71.06116603265498,42.34296751574203],[-71.06111954575518,42.34298597438188],[-71.06107447699644,42.34300993020739],[-71.06100025128141,42.34305583188509],[-71.06093017902703,42.34309778808441],[-71.06090981601258,42.34312913056567],[-71.06086329782596,42.343169556144694],[-71.06080089087988,42.34322612629621],[-71.06075868022936,42.34329285685745],[-71.06071967474129,42.3433523973001],[-71.06068768469765,42.34341529562015],[-71.06064097112461,42.34348380951822],[-71.06059827853278,42.34356746369366],[-71.0605745873824,42.343623641494105],[-71.06054007238839,42.34370057469829],[-71.06052379201763,42.343755610430144],[-71.0605121344778,42.34382650899358],[-71.06052264639924,42.34388560842134],[-71.06051868934942,42.34394861383458],[-71.06052568569353,42.344007159646786],[-71.06054821139436,42.34406639501771],[-71.06056912128908,42.3441136503063],[-71.0606039823117,42.34416167914065],[-71.06062945635313,42.34421579408829],[-71.06063975252924,42.34425355572339],[-71.06063811691284,42.34429685358228],[-71.06064031785726,42.344346918300964],[-71.06065227056341,42.34439080825813],[-71.06066564395113,42.344439835313686],[-71.06070849922934,42.34449014539076],[-71.06069681020851,42.34451314823895],[-71.06066668252544,42.34458739735019],[-71.06065426228494,42.344628313235546],[-71.06062907502134,42.344672691477214],[-71.06059475457985,42.34472153627652],[-71.06055711176214,42.34477694050809],[-71.06052056298239,42.34483207882056],[-71.06047571609166,42.344893757541406],[-71.06042444394659,42.34493695566968],[-71.06025516883203,42.345055597248034],[-71.06023153563652,42.34510331242852],[-71.06014380150242,42.3451715791776],[-71.0600859481634,42.34516631620485],[-71.05999689798435,42.34516201417646],[-71.05986467459884,42.34515313538775],[-71.05974817768009,42.345168984696876],[-71.0596685230088,42.34520973304824],[-71.05961250971771,42.345236527321724],[-71.05953900096694,42.34528351114568],[-71.05946968101308,42.345321508039454],[-71.05935527071018,42.34536878517806],[-71.05928595397721,42.34538886613924],[-71.05920999000874,42.34540496028622],[-71.05915705801584,42.34542492392228],[-71.0591243287634,42.34547161367757],[-71.05913913869736,42.34552334729041],[-71.05913043487321,42.34560551068287],[-71.05918433381123,42.34567323931798],[-71.05916202327064,42.34568773853066],[-71.05913885504317,42.345703404831525],[-71.05912299163516,42.345715768052386],[-71.05906589420469,42.34574129749191],[-71.05900590603846,42.34576366479027],[-71.05891706188626,42.34579933573391],[-71.0588246467045,42.34584237531093],[-71.05572173019625,42.347001439175465],[-71.0526988381888,42.35148596173354],[-71.05258334057537,42.35151306135498],[-71.05252831872009,42.35155291026988],[-71.0524435638812,42.35167799115192],[-71.05239009783568,42.35180670490505],[-71.05240948193533,42.35191472539982],[-71.05209263910824,42.352385064782936],[-71.05222778207487,42.352549354236366],[-71.05191866432818,42.352922311568406],[-71.05183420858009,42.3528848003897],[-71.0517523956412,42.352902577385485],[-71.05096277471553,42.35405691219275],[-71.0514483171831,42.3544301774875],[-71.05108784030233,42.35468355345762],[-71.050909246407,42.354569869530806],[-71.05089584638598,42.354559553873536],[-71.05089577353012,42.354569816915735],[-71.05083374099529,42.35451951841664],[-71.050791102605,42.35449009238439],[-71.05071297184233,42.35443342889105],[-71.0506830476678,42.354476706043286],[-71.05065804312115,42.35451090946293],[-71.0506250447943,42.354559756397094],[-71.05058452933518,42.354607403565254],[-71.05053453535545,42.35467364971358],[-71.05045449669706,42.35478299240126],[-71.05036095602358,42.35489633355329],[-71.05028441136444,42.354992185404264],[-71.05022485325968,42.35507189838921],[-71.05017968334234,42.355159500161044],[-71.05015400453617,42.35522016940761],[-71.05009748051906,42.35529989419249],[-71.05003002337517,42.35541495763409],[-71.04993922246264,42.35555243697093],[-71.04988405834908,42.35564567134425],[-71.04980591614174,42.355778158484085],[-71.04956974371119,42.35611367267082],[-71.04954294775465,42.356126531913425],[-71.0495196763024,42.35613877475188],[-71.04949020675302,42.35615207365502],[-71.0494826531756,42.35617302085789],[-71.04948053093645,42.35619831073723],[-71.04946804712051,42.35622977203593],[-71.04949108803149,42.35626695431172],[-71.0495121930731,42.356286213197336],[-71.04954585673849,42.35629759870548],[-71.04959211491555,42.35629606933311],[-71.04962918405786,42.356289462323524],[-71.04967595824772,42.35626659802859],[-71.04970544740631,42.3562334927408],[-71.04970574345451,42.356191900430034],[-71.04972305480406,42.35616432926143],[-71.04998409545202,42.356120966673906],[-71.04997581218144,42.35615919665111],[-71.04996331260877,42.356192908670046],[-71.04995761963127,42.35624240242628],[-71.0499653630436,42.356280064914955],[-71.04995119326915,42.35632673459369],[-71.04983545187945,42.356318449054335],[-71.04982896550047,42.35636001713217],[-71.04981579578205,42.3564196549063],[-71.04980438465661,42.35645391134225],[-71.04980398808846,42.35650963783356],[-71.04979687968215,42.356570379681514],[-71.04920978370367,42.35656465874254],[-71.04919886544687,42.35659783670082],[-71.04919087636597,42.356628775411615],[-71.04916454715774,42.356661262750094],[-71.04914089921913,42.35669223009867],[-71.04915577855927,42.35671641624325],[-71.04916939982856,42.3567468094651],[-71.04918129354189,42.35678115719538],[-71.04920113814852,42.35682399883097],[-71.04920026244272,42.356861717610435],[-71.04922050880218,42.35686521808021],[-71.04981701866505,42.356861882861345],[-71.04983898576,42.356981797637026],[-71.04894448166311,42.35717131523297],[-71.048945672443,42.35719157646],[-71.04895168257137,42.35721689822057],[-71.0489513564291,42.35724561623696],[-71.04893870646995,42.357283288831596],[-71.04894575390969,42.357333372673395],[-71.04897477860789,42.35736553688031],[-71.04902070312502,42.35739389609966],[-71.04904637418734,42.35743676060375],[-71.04907007107327,42.35748411881749],[-71.04966488983537,42.357344023482995],[-71.0497011502352,42.35745112007632],[-71.0497334745996,42.35756549360411],[-71.04946950477924,42.35764431563449],[-71.04947498090077,42.3576764774859],[-71.04949266395174,42.357750190583296],[-71.04951231973436,42.35780257450153],[-71.04952847914578,42.357851613642794],[-71.049422440321,42.35787820697697],[-71.04943489104201,42.35795370016244],[-71.04945451862854,42.35801004525896],[-71.0494893047116,42.35808553590644],[-71.04938722690454,42.358118356734145],[-71.04938975306919,42.35813862318398],[-71.04939685675062,42.35818087467386],[-71.0494103754023,42.358242777644435],[-71.04943121625952,42.358299217523765],[-71.04945543968863,42.35834090587529],[-71.05014396865249,42.35823610643958],[-71.05018396888414,42.358397865152625],[-71.05025378495667,42.35863437457623],[-71.05030580522417,42.35881292564848],[-71.0495751601722,42.358950151656884],[-71.04955379863065,42.35893269237521],[-71.04953091998993,42.35890667438237],[-71.04948363069504,42.35888227131578],[-71.04902510141994,42.35895645875776],[-71.04891380814922,42.358970607003656],[-71.04888759135665,42.358953128553836],[-71.04886930509156,42.35893000937339],[-71.04885608108005,42.35891195167802],[-71.04845337492638,42.35895421542049],[-71.04843589717535,42.358987907711956],[-71.04843258048727,42.3590104019659],[-71.04844440489249,42.35903745712524],[-71.04845633077304,42.35906730358385],[-71.04846711149918,42.35910452793152],[-71.04848492614315,42.35915969568479],[-71.04849951988102,42.35922394372903],[-71.0483760469101,42.35924371547298],[-71.04837250082328,42.35928133371233],[-71.04837993147797,42.35932871819917],[-71.0483977886085,42.35936092870967],[-71.04842045551287,42.35941656566865],[-71.04842313607396,42.35946618222701],[-71.04842841910063,42.35950833658823],[-71.04845265511702,42.35956524010712],[-71.05062453210411,42.3592457709641],[-71.05062877706064,42.359297554277006],[-71.0506281372705,42.35933635431423],[-71.05062135384688,42.35940267924623],[-71.05061722045059,42.35947189546242],[-71.05061226547747,42.35953714718748],[-71.05060857232934,42.3595956516608],[-71.05060944212318,42.35964409070583],[-71.04859182606118,42.35994841007869],[-71.04858460965133,42.35992200323135],[-71.04766431165851,42.360045508384694],[-71.0476741394646,42.36013107467261],[-71.0476843748642,42.36019359511473],[-71.04769911875573,42.360270717997714],[-71.04772093228684,42.360377758335105],[-71.04764969826374,42.360391522718054],[-71.04766874290162,42.36046137016141],[-71.04766825172842,42.36053006041853],[-71.04768878629453,42.36061224769984],[-71.04851280428078,42.36050916112779],[-71.0484864825122,42.360421279444054],[-71.04865764221988,42.360387650194056],[-71.04884927335911,42.36036013294414],[-71.04898043497988,42.36033489906754],[-71.04908855913914,42.36032289902498],[-71.0490990198153,42.36033698457331],[-71.04910834308274,42.360357367696736],[-71.04911841725698,42.360391618240754],[-71.04912278489975,42.360426026470144],[-71.04914215724698,42.360467155672964],[-71.04917120029064,42.36051399461249],[-71.04920619591702,42.360560226672675],[-71.04924230255236,42.360586836738605],[-71.04924992547053,42.36064142423137],[-71.04927297027248,42.36066123091349],[-71.04929272075049,42.36066634994266],[-71.0493189683446,42.360662581550756],[-71.04934202454848,42.360663752246374],[-71.04937851067663,42.360671187563995],[-71.04942174117937,42.360669106211816],[-71.04946712462133,42.36067153473064],[-71.04951169039997,42.360669458575416],[-71.04954127725304,42.36067407591579],[-71.04956980902294,42.36069048292409],[-71.04958970167402,42.360709737022326],[-71.04962800036122,42.36071834973684],[-71.0496822856232,42.36071514119823],[-71.04973745200206,42.36070752465939],[-71.049828735615,42.36069095653471],[-71.04986203207736,42.3606860452317],[-71.050404711383,42.3606099327006],[-71.05043332727956,42.36066577255251],[-71.0507279832426,42.36062641089494],[-71.05076040617635,42.36076158113708],[-71.050761277935,42.360826855609226],[-71.05076051072412,42.3609348874798],[-71.0507770676314,42.36106495410492],[-71.05077391515213,42.36123536678441],[-71.05078798953566,42.3613389551625],[-71.05079765746902,42.36144765798144],[-71.05079352479582,42.36165353826034],[-71.05080084251004,42.36185388145168],[-71.05062120506845,42.361781786676666],[-71.05060836370671,42.36179515082827],[-71.05057439808733,42.36184291355555],[-71.05056159366251,42.36186816167915],[-71.05054082828337,42.361920387401476],[-71.05051586214623,42.36196584452482],[-71.0495247339598,42.36168458728429],[-71.04941383219101,42.36140452262139],[-71.04790010294695,42.36168613502274],[-71.04790271070486,42.361728909074934],[-71.04791479082992,42.361771180186565],[-71.0479234482136,42.36181676891763],[-71.04794431401272,42.361869697986904],[-71.04869944472712,42.3617427516488],[-71.04870539096167,42.36177707604945],[-71.04871569443513,42.36179620263735],[-71.04872016729058,42.361832862010786],[-71.04873183178638,42.36188242375537],[-71.04874812201736,42.36193020306653],[-71.04876033954996,42.36197031392709],[-71.0487895627823,42.361974930030684],[-71.04882328199808,42.36197893356079],[-71.04886039568504,42.36198358059933],[-71.04889126640849,42.36199549549195],[-71.04891191655823,42.362027716854364],[-71.04889661806331,42.36204512248552],[-71.04885193508045,42.36206349320271],[-71.04881479826093,42.362079102605634],[-71.04876689352528,42.36208962812434],[-71.0487723703166,42.36212169995075],[-71.04906408786734,42.36206990700218],[-71.05075697187259,42.36257844378381],[-71.0507869170426,42.36296010372433],[-71.05046134087034,42.362873304082214],[-71.05044354209059,42.36293508444772],[-71.04996549028169,42.36281446660299],[-71.04997707313177,42.362739157633165],[-71.04901787571343,42.36249007138229],[-71.04902528797359,42.362540156588885],[-71.04903735295834,42.36258467823777],[-71.04904108614726,42.36262295521362],[-71.04903637768376,42.36265336656416],[-71.04901895185213,42.362679676742275],[-71.04898982663988,42.362695317615064],[-71.04895294831752,42.362708677349644],[-71.04891385981303,42.362708524049616],[-71.04888791250603,42.36268708540022],[-71.04885920207563,42.36266158460006],[-71.04885021250968,42.36262841865447],[-71.04885213356437,42.362614381661025],[-71.04894328650636,42.36258250878655],[-71.04893434370821,42.36252575542388],[-71.04816800097194,42.362691551813505],[-71.04817043711562,42.362775378413865],[-71.04819428333533,42.36287000257412],[-71.04822406902792,42.36294889497767],[-71.04906687604031,42.3628538007304],[-71.04907062979947,42.36288919685469],[-71.04907023639518,42.36294438310428],[-71.04905861510841,42.36300789803105],[-71.04903901464601,42.36308380567521],[-71.04902602450898,42.36313498125396],[-71.0490256997406,42.36318053466457],[-71.04902535122383,42.36322941905534],[-71.04902613055319,42.363273356271876],[-71.04902742507153,42.363330169657395],[-71.04902214689105,42.36337237256996],[-71.04901237711726,42.363414557869824],[-71.04882458728146,42.36339581556322],[-71.0487979157505,42.36330568191652],[-71.04852242394733,42.36329442755008],[-71.04850685927607,42.363264026671494],[-71.04858299257909,42.36324460915548],[-71.04857771562929,42.36316752360162],[-71.0482693716548,42.3631668531327],[-71.04838138743115,42.363511654033736],[-71.04900621426533,42.363546786325045],[-71.04902048673895,42.36353711915587],[-71.04903271347385,42.36352492315128],[-71.04904680219602,42.36350697258918],[-71.0490791534333,42.363498636701294],[-71.04968759382106,42.36355053646958],[-71.04968423696204,42.363578702406045],[-71.04968393483304,42.36360408940322],[-71.04967427147737,42.36364843586835],[-71.04966422405505,42.36369557172767],[-71.0496626041379,42.36373553826314],[-71.04964198635992,42.363783893137416],[-71.04943688919188,42.363774627141055],[-71.04929218863309,42.364353036695874],[-71.04927033734782,42.364352951066316],[-71.04925156048857,42.36446658409985],[-71.04924067967178,42.36452839137471],[-71.04954999701967,42.364580829694056],[-71.04954680832245,42.364704697091824],[-71.04969628959515,42.36471644601894],[-71.04986415467964,42.36473789980202],[-71.05007474707446,42.36476015069185],[-71.05027514676158,42.36478173113877],[-71.05057549767831,42.364814955457064],[-71.05082279778591,42.36484806185102],[-71.05083795706729,42.36485028174711],[-71.05087969334375,42.36485386582811],[-71.05087922421427,42.36490283975848],[-71.05088085575088,42.36499791672512],[-71.05088851257483,42.36504800273148],[-71.05086334874126,42.36506987153988],[-71.05082120401933,42.36507249785756],[-71.0508010368531,42.365040368782914],[-71.0507811972956,42.36504758364483],[-71.05075035707038,42.365082394430345],[-71.05062510305427,42.365077943854786],[-71.0503150049464,42.36506655860545],[-71.05005510462972,42.36506392165545],[-71.04991784068505,42.36505825294957],[-71.04980324924074,42.36505672412973],[-71.048763855016,42.36488105583324],[-71.0487545231934,42.365287229990834],[-71.0493101212703,42.36536314213645],[-71.04939142731071,42.36538479756619],[-71.04946694605654,42.36540084847279],[-71.04954226564077,42.36541077657953],[-71.04963455879619,42.3654409375893],[-71.04970648085843,42.36546768770203],[-71.04978625798267,42.36549951013882],[-71.04977672068237,42.365679620768695],[-71.05000838971044,42.36577721847485],[-71.04999498912706,42.3660055695159],[-71.04929398443457,42.365992201328304],[-71.04908455563704,42.36612975499763],[-71.0490926059449,42.36634585605443],[-71.04952882470207,42.366360529486066],[-71.04957808970181,42.36648334185096],[-71.04913032919572,42.36653785563148],[-71.04915428362806,42.366634730649324],[-71.04916936460528,42.36668205495907],[-71.04920178731234,42.36681722545673],[-71.04987276263243,42.36673549612014],[-71.05034490171964,42.366684405826696],[-71.05034441340433,42.366753095999215],[-71.05033292625824,42.36681490097258],[-71.04982803961943,42.3669125880753],[-71.04942129528747,42.36698634965241],[-71.04929794248447,42.36702124774261],[-71.04934391234595,42.367078326152686],[-71.04939233551613,42.367148918495026],[-71.04945871765042,42.36725487250485],[-71.0495253498635,42.367359837134146],[-71.04959951074552,42.36748166661211],[-71.04970911844259,42.367621100422696],[-71.0498343413587,42.36783531924192],[-71.05011909403724,42.36762270467148],[-71.0501964781251,42.367598789533844],[-71.05024337697972,42.36755954025759],[-71.05031920468184,42.36751545247278],[-71.05039655547083,42.367479113079],[-71.05049110318275,42.367431677253926],[-71.05055649831479,42.367386378165314],[-71.05063985965504,42.367324223792096],[-71.05073106014166,42.367269392320914],[-71.05077164225926,42.36724767379634],[-71.0508058679929,42.36723205240111],[-71.0508420319797,42.36730250621847],[-71.0508924180104,42.367353389249],[-71.05094342150342,42.36733441222229],[-71.05098690698124,42.36733125091568],[-71.0510390464753,42.36734036730565],[-71.05110574208305,42.36740256751638],[-71.0511332811922,42.367456692342586],[-71.05118804955407,42.36750597182159],[-71.05124155283693,42.36754534315694],[-71.05125194620614,42.36756915134059],[-71.05125811924566,42.36758889175699],[-71.05122919684742,42.36762704120681],[-71.05080020973973,42.36802878623995],[-71.0499956437457,42.36871211177956],[-71.05023700837663,42.36886493455938],[-71.05079774052288,42.368376468238516],[-71.05128366773083,42.367889417915286],[-71.05181223441686,42.36815148217792],[-71.05157977053234,42.36845550403652],[-71.05104576293922,42.36909658739129],[-71.0509202257569,42.369267692396974],[-71.05119566300255,42.369358796307885],[-71.05156024754996,42.36888027427536],[-71.05160825304773,42.36882194264317],[-71.0517090189676,42.36870241692469],[-71.05183093000548,42.368751327535065],[-71.05199849151796,42.36881725122746],[-71.05216572481231,42.36891243278348],[-71.05208147715207,42.369048228418386],[-71.05198248081187,42.369175053685076],[-71.05186114757944,42.36931862724249],[-71.0517730509287,42.369466291459666],[-71.05173538027034,42.3695567137092],[-71.05200420177309,42.369673718201284],[-71.05215517510597,42.36945931715604],[-71.05242019846062,42.36913516440052],[-71.05276831567423,42.36870041854525],[-71.05278970466429,42.3686802452074],[-71.0528081982271,42.36867464528843],[-71.05285908813423,42.36868897766254],[-71.05289871227333,42.368699755097715],[-71.05290774364346,42.36872742907037],[-71.05291691360742,42.3687526728009],[-71.05292962276445,42.368775319448865],[-71.05293691326683,42.368791643013],[-71.0529525437853,42.36881322066597],[-71.05296934458248,42.36882381934109],[-71.0529922219807,42.36883354133993],[-71.05302160190773,42.368833655512375],[-71.05306189054149,42.36881913735679],[-71.0530832476722,42.36880346528545],[-71.05313831567086,42.36882789700324],[-71.05312943969338,42.368846948643345],[-71.05312786190531,42.36888124351742],[-71.05313708667899,42.36889874495828],[-71.05315189226332,42.36891680825212],[-71.05317513012182,42.368927071787716],[-71.05320154486455,42.368934466734714],[-71.05322263751277,42.36893905010844],[-71.05324779629795,42.368935186556435],[-71.05326910573278,42.36892626643174],[-71.05329054419636,42.36891626645764],[-71.05330786760584,42.368904449921445],[-71.05343506104069,42.36873848040028],[-71.053665872179,42.36880518737062],[-71.05383211796628,42.36885138695348],[-71.05403327271569,42.36890564418802],[-71.05418931214069,42.36895306408383],[-71.0543226481895,42.36898329031605],[-71.05438899163208,42.369010015840956],[-71.0544595291359,42.369044590084386],[-71.0545474698024,42.369090485290506],[-71.05458426602449,42.36910638283589],[-71.05464109793043,42.36912181777294],[-71.05472279132171,42.36914113013905],[-71.05477967398915,42.36914936289444],[-71.0548720980105,42.369162054551865],[-71.0549446743092,42.36916575648406],[-71.05500007503394,42.36916029900887],[-71.05503382273724,42.36914359416661],[-71.0550633016071,42.36912966369679],[-71.05508839549297,42.36910050138031],[-71.05510197088822,42.369086419356634],[-71.05513305808297,42.369033692648216],[-71.05515645888688,42.368969052394526],[-71.05530621991804,42.36899438941728],[-71.0554211681079,42.36903255585227],[-71.05554122367616,42.36906957153149],[-71.0556661982768,42.369045836603966],[-71.05576044150095,42.369024233578365],[-71.0559931635315,42.36900946712106],[-71.05613959493539,42.36899031594648],[-71.05626328436723,42.3689766586446],[-71.05647286953004,42.36895441959251],[-71.05661164773618,42.36893586850934],[-71.05670686171233,42.36891426845163],[-71.05684141456277,42.36889227971085],[-71.05691388691764,42.368858798081824],[-71.05702847463706,42.36882718915397],[-71.05713792416667,42.36880114211886],[-71.05724137774074,42.368764448494375],[-71.05731691698422,42.36872638694512],[-71.05735892772863,42.36869116727774],[-71.05744526377937,42.36863694199727],[-71.05750221152381,42.368601149544446],[-71.05754131719824,42.368564658230255],[-71.05761253887505,42.368536302995686],[-71.05767294492834,42.36849206104578],[-71.05768446330418,42.36847689046143],[-71.05773923007848,42.36840570816033],[-71.05780584156402,42.36830738265093],[-71.05782475051943,42.368259650014046],[-71.05786530000054,42.36824234028766],[-71.05790702762776,42.36823016672068],[-71.0579470675444,42.36821627610396],[-71.05798578395859,42.36820066983888],[-71.05801806974537,42.36818449867778],[-71.0581048008266,42.368125682946456],[-71.05819809502748,42.3680484364403],[-71.05817440621514,42.36799837942625],[-71.05824349830456,42.36796191302226],[-71.05833908523068,42.36795615813017],[-71.05841449661442,42.367953566743665],[-71.05848201188643,42.36796904080155],[-71.05854270523736,42.36797044413365],[-71.05860081457298,42.36797678910545],[-71.05865936979185,42.3679714320057],[-71.05871052758103,42.36796487612062],[-71.05874155236769,42.36793798648344],[-71.05877888674166,42.36789419561372],[-71.05880122551616,42.36784197452818],[-71.05881885675986,42.36780323971244],[-71.05882721051832,42.36777176164866],[-71.05881371556792,42.36773965960889],[-71.05880523016121,42.36770298531002],[-71.05879822043316,42.36766361580435],[-71.05879560044508,42.36765631341576],[-71.05877856205977,42.36761006324535],[-71.05877707469125,42.36757962777972],[-71.05882079437974,42.367612475961266],[-71.05884622526284,42.36765650759209],[-71.05885018068369,42.367663815101366],[-71.05889760099816,42.36774052150696],[-71.05892723785334,42.367842997984894],[-71.0589312676143,42.367857057941336],[-71.0589486033534,42.36787810114268],[-71.05896578041481,42.36788707986438],[-71.05901020633853,42.36788833054554],[-71.05904154773991,42.367885659807285],[-71.05906591429657,42.36787341926285],[-71.05921419077802,42.36781546881346],[-71.05935473296826,42.36775235689826],[-71.05951220020987,42.36766464171812],[-71.05968413331584,42.36757419080497],[-71.05979084637848,42.36752220246006],[-71.05988057036488,42.367486534265346],[-71.05999497760223,42.36746284423786],[-71.06009369327771,42.367426039898355],[-71.06025653975179,42.36736760365649],[-71.06036013435215,42.36732748667305],[-71.06048068252628,42.36729355634387],[-71.06055484949566,42.36726025895627],[-71.06062744825263,42.367242980669914],[-71.06064109660166,42.36725311603842],[-71.06065668747155,42.36728072442632],[-71.06074955639119,42.36733401609263],[-71.06076523735256,42.367348660651786],[-71.06077236091981,42.36738929087469],[-71.06078691452507,42.367443903943325],[-71.06080108920418,42.36753560745555],[-71.06079900262228,42.36759132735604],[-71.06084121243991,42.36766693271051],[-71.06091678612114,42.36800816051934],[-71.06089775723471,42.368021052033086],[-71.0607326848024,42.36805022129929],[-71.06079467023433,42.36826769762577],[-71.06069862068215,42.368287587321845],[-71.06073867746187,42.36835859300646],[-71.06091113257584,42.368332873009656],[-71.06107553400041,42.36876788964825],[-71.06090554914164,42.36880487292826],[-71.0606326829979,42.368848845385465],[-71.06067192533611,42.368932271952],[-71.06105336168804,42.36884883099334],[-71.06113971775486,42.36912374845204],[-71.06119608855707,42.369258376556225],[-71.06125507582588,42.369418402736734],[-71.06131604460472,42.369572854650144],[-71.06132247218326,42.36960889069202],[-71.061298825981,42.36963977042389],[-71.06126602806987,42.36967727737721],[-71.06123535985267,42.36972280500967],[-71.06120090151794,42.369754633794805],[-71.06114816845255,42.36979557578813],[-71.06111712816056,42.369824716723976],[-71.06108785375527,42.36984432133486],[-71.0610448528778,42.36986495390306],[-71.06100160147616,42.3698692002542],[-71.06096600931494,42.369871945333344],[-71.0609197377346,42.36987401943463],[-71.06086595845835,42.369890739552936],[-71.06082737875468,42.369904096584236],[-71.06076971878721,42.369920171639365],[-71.06070088571157,42.36995420975835],[-71.06066957471458,42.369969845217],[-71.06062481442532,42.369981558055585],[-71.06057121955925,42.369989185830185],[-71.06053246760389,42.36999236884832],[-71.06049260233786,42.369998518550524],[-71.06043395527401,42.369999374795725],[-71.06039077757524,42.36999299779869],[-71.06034571619885,42.36997815087666],[-71.0603140678031,42.369954982528114],[-71.06027688541398,42.36992450068101],[-71.06023868488718,42.369883301499314],[-71.06019298102531,42.369821186928455],[-71.06017604674726,42.36979465370431],[-71.06014521334292,42.36975906444629],[-71.06012042644308,42.36974438499004],[-71.0600825326004,42.36974640076311],[-71.06007732325209,42.36977969150503],[-71.06008186260388,42.369842729042595],[-71.06009916582555,42.36993840582662],[-71.06025273893952,42.37014948041725],[-71.06030148327922,42.370228351940575],[-71.06025950321691,42.370241785812304],[-71.06022140128924,42.370256224812884],[-71.0601857700629,42.37026455128844],[-71.06014362597102,42.37028410645013],[-71.06012122062398,42.370293563825676],[-71.06009614423907,42.37032047657172],[-71.06009323039109,42.37033793101785],[-71.06009586998505,42.370359908142966],[-71.06010649556393,42.370385787047496],[-71.06013531603384,42.370414076278635],[-71.06018008907068,42.37047042545972],[-71.06024584130434,42.370565297129374],[-71.06013922610683,42.37061998711726],[-71.05999375194536,42.37067569874355],[-71.05997719364682,42.370647456386706],[-71.05994966478544,42.37062547407531],[-71.0599312303873,42.37058768148048],[-71.05990365470471,42.37055498555016],[-71.05987637311028,42.37053237396489],[-71.05985327064509,42.370519861591085],[-71.0598187907889,42.37051972965066],[-71.059781910192,42.37053309283377],[-71.05975277211898,42.37055044690608],[-71.05971699230953,42.37056264390693],[-71.05967541605575,42.37058778285681],[-71.05963335727043,42.370612469800264],[-71.05960092605538,42.370631971918186],[-71.05957938143689,42.37065727755407],[-71.05957791994147,42.37067536774893],[-71.05961487551937,42.37073843937645],[-71.05964504000772,42.37078293905916],[-71.05966321975119,42.37080497568284],[-71.05970475722852,42.37085519069974],[-71.0597629276038,42.37092293494737],[-71.05987637433337,42.37105562138399],[-71.05990095759188,42.371082183909024],[-71.05992339872957,42.371102526246226],[-71.0599269863925,42.37112783806414],[-71.05991436348752,42.37114471518513],[-71.05989565132369,42.371164269871066],[-71.05985699608487,42.371188339714664],[-71.05981238424356,42.37121346709651],[-71.05972885056825,42.371248618749014],[-71.05967960502046,42.37127660926532],[-71.05963600381128,42.371296068633214],[-71.05961597105667,42.37131345752679],[-71.05960953239394,42.37133143863558],[-71.05961807391574,42.37136019052221],[-71.05955217589651,42.371373442536125],[-71.05950582103418,42.3713873095256],[-71.05944774397352,42.37139329909678],[-71.05938472046562,42.371394768251875],[-71.05929788966353,42.37138030109583],[-71.0592490127143,42.37135535590803],[-71.05915665521442,42.37131511923222],[-71.05904306374234,42.37127300050821],[-71.0588813551821,42.37121890338625],[-71.05869079468347,42.37114110780144],[-71.05846320543202,42.37104570418033],[-71.05822039855052,42.37092152246948],[-71.0580099054933,42.37082960469469],[-71.05778955945907,42.370740439545756],[-71.05765476399868,42.37065772495106],[-71.05735618065701,42.37080116263155],[-71.05713277331631,42.370889251185766],[-71.05684494578166,42.37103948111179],[-71.0566331677874,42.37114841015548],[-71.05649908979595,42.37120587184433],[-71.05630284396054,42.37129856494894],[-71.05610968785659,42.371400722667545],[-71.05609830198527,42.3714141830516],[-71.05610629047563,42.37143501053493],[-71.0561209640873,42.371454783468764],[-71.05614125035544,42.37147061679038],[-71.05616467749397,42.37148871294754],[-71.05619658690814,42.37150918257529],[-71.05631828105797,42.37155565674964],[-71.0564334871756,42.371627043755225],[-71.05667491142678,42.37174051046489],[-71.05698042080517,42.37187447997268],[-71.05726644358016,42.37199991095416],[-71.05763115532707,42.372175789890484],[-71.05774619606073,42.372253837055474],[-71.05774851189538,42.37233937330561],[-71.0575821016594,42.37240175354903],[-71.05745894029252,42.372373730987036],[-71.05735686106513,42.372473450237436],[-71.05732566479459,42.37250709098319],[-71.05729608969503,42.37253461600227],[-71.05728092057018,42.372550852831885],[-71.05726051875381,42.37256878006661],[-71.05723076821018,42.372586671313705],[-71.05716132326822,42.37262070495734],[-71.05707659988147,42.37265188883891],[-71.05698510037293,42.37269709105183],[-71.0569177185537,42.37273122252287],[-71.05660223085815,42.37258253973615],[-71.05636377566626,42.372478087237205],[-71.05617660313807,42.37238454553978],[-71.05605888049887,42.37232557255503],[-71.05598876210517,42.372282538246516],[-71.05576449834756,42.37218038998712],[-71.05554338509624,42.372061958245055],[-71.055260610263,42.371906735991224],[-71.05502860725194,42.371800505059774],[-71.05479448311767,42.371719743599705],[-71.05469955082091,42.37173513118181],[-71.05463749814419,42.37173660149583],[-71.0544478778235,42.37174991167915],[-71.05436010860457,42.37176532672651],[-71.05424421424631,42.371791886323805],[-71.05420085319585,42.37181143459655],[-71.05421015314808,42.371835598360605],[-71.05421910029753,42.371858140237855],[-71.05437088155337,42.37201123714942],[-71.0545181608927,42.37214856137676],[-71.05475408432878,42.37237058554183],[-71.05489351665814,42.372501756939414],[-71.05505791122,42.37262276143609],[-71.05486755523759,42.372740232787194],[-71.05468835863752,42.3728419019564],[-71.05462397487553,42.37279492775255],[-71.05459305627372,42.372771670639004],[-71.05456668351484,42.372758064200646],[-71.05452992829127,42.372736044871736],[-71.0544933493318,42.37272347923707],[-71.05445479544876,42.37271549740983],[-71.05442100355612,42.37272094830607],[-71.05433881565249,42.37275394057338],[-71.0542418193963,42.37280353072642],[-71.05415814979173,42.372857223745775],[-71.05413227137366,42.37287683974892],[-71.05409610905902,42.37289128424147],[-71.05406181869628,42.37289853367604],[-71.05403763412762,42.372901770983866],[-71.05401755520161,42.37289097971253],[-71.05399493804886,42.372878558078064],[-71.05378308928265,42.372995944304094],[-71.05360178604461,42.37282805740021],[-71.053422469587,42.37265405595502],[-71.05325849826762,42.37252512821899],[-71.05306524102276,42.372348281162644],[-71.05299401862324,42.37239301882233],[-71.05296621717568,42.372409836199935],[-71.05293370102638,42.37242375432539],[-71.05289060614514,42.3724398820444],[-71.05284864722752,42.37244989220395],[-71.05287684066263,42.37246350611599],[-71.05291014789566,42.372492264736756],[-71.05303572245467,42.37260807963801],[-71.05307124823526,42.3726493608347],[-71.05307535960634,42.372668913058945],[-71.05305871142687,42.37268811453966],[-71.0530445201087,42.37270327426791],[-71.05302752103538,42.372720583775795],[-71.05302131490937,42.372739735795825],[-71.05303062599961,42.372762279176214],[-71.05306244225808,42.372778698010826],[-71.0532011538648,42.372856841694926],[-71.05342500015036,42.37303506765411],[-71.05363672932076,42.37322720061034],[-71.05378290574441,42.37336614197482],[-71.05393725865672,42.37348206748457],[-71.0542178789258,42.373719570873874],[-71.05430359184994,42.37378958527172],[-71.05443084941204,42.37392575161891],[-71.0545523227564,42.3740212924466],[-71.05458173425507,42.374051746028044],[-71.05460745135173,42.374089567656455],[-71.05462450966228,42.374115561986656],[-71.05465443322372,42.37415952184581],[-71.05468252892211,42.374187179414356],[-71.05472969131081,42.374248761594735],[-71.05474034929614,42.37428706507256],[-71.05473373238674,42.37431287771508],[-71.05472128310352,42.37433929798243],[-71.05470292439445,42.37436002356136],[-71.05467693615944,42.3743779287105],[-71.05463797612029,42.37439299274197],[-71.05459512696673,42.37440858187461],[-71.05456212608051,42.37440503300034],[-71.05452391575197,42.37439984342527],[-71.0544852831861,42.37438564932607],[-71.05444226989745,42.37435559318427],[-71.05437010595952,42.374309759098836],[-71.05432245426074,42.37428319606433],[-71.05424429524805,42.37422662524862],[-71.05416290470063,42.37418066524872],[-71.05404067314748,42.37407215692995],[-71.05389181578768,42.37393428587237],[-71.05365083977503,42.37372241367605],[-71.05333356751233,42.37343137951343],[-71.05316498079908,42.37326804275452],[-71.05298395039664,42.373113210119065],[-71.0527583902052,42.372919941827725],[-71.05266608338803,42.37294145990261],[-71.05242071858045,42.37271606366276],[-71.0521966866708,42.3725131671039],[-71.05210736187922,42.37245655132996],[-71.05209076865602,42.37245081490504],[-71.05187435958382,42.372251908648224],[-71.05168913611476,42.37207283982711],[-71.05152531590042,42.371906188093966],[-71.05143254317616,42.371839475110846],[-71.05135596427058,42.37178344861419],[-71.05115381590625,42.37161160522416],[-71.05077693971397,42.37130520634715],[-71.05069138424946,42.37123113857063],[-71.05048516385457,42.37134232876355],[-71.05077461027685,42.37163317231863],[-71.05114872020808,42.371901928327965],[-71.05143917771669,42.372136596111424],[-71.05164911098423,42.37230675876554],[-71.05182998609871,42.372499855193],[-71.05209393931827,42.37272316440445],[-71.05158688524078,42.373034669246856],[-71.05076928310928,42.37238318169921],[-71.04995480829702,42.37166994062857],[-71.04961593609572,42.37189260607388],[-71.0507656459068,42.37289525140797],[-71.05120049932923,42.37326273585808],[-71.05082874988499,42.37349815065537],[-71.05083308682173,42.37352004458802],[-71.05083454621128,42.373553901114704],[-71.05082522471295,42.37358420442198],[-71.05081145053721,42.373608908555894],[-71.05076043427106,42.37362896581268],[-71.04930991003054,42.37239556894434],[-71.04920233054958,42.372566742347594],[-71.05069480144735,42.37389483459541],[-71.05054717441826,42.37442209667188],[-71.0490208322025,42.37309215937109],[-71.0489961699963,42.37309422337298],[-71.04896110159844,42.373091294982565],[-71.04893609826658,42.37309011659656],[-71.04891843620703,42.37308104445699],[-71.04888710716533,42.37306453635561],[-71.04867622400516,42.37340248759621],[-71.05052832148978,42.37497344926601],[-71.05052700947746,42.375055550377944],[-71.0506122658044,42.37512115432011],[-71.05033436919001,42.37538961450852],[-71.05013014414554,42.37521830154983],[-71.04964202972643,42.3755259105579],[-71.04890935211314,42.375052639521],[-71.04871122214738,42.37521895583408],[-71.04986493887809,42.37598926074185],[-71.0499582331014,42.376051565540145],[-71.0498587303727,42.37626445433959],[-71.04962445319757,42.376766437945626],[-71.04941552040296,42.376931722810916],[-71.04925732246524,42.37711674232802],[-71.04930577231,42.3771676183282],[-71.04921038876891,42.37729607571743],[-71.04918527069182,42.37729372657011],[-71.049165425698,42.377284105755066],[-71.04895734014734,42.377500439389216],[-71.0481537526551,42.376803524466176],[-71.04808576231456,42.37683656803245],[-71.0481254278986,42.37685914100359],[-71.0492663734413,42.37787418946258],[-71.04925415000102,42.377987757811226],[-71.0491405031428,42.378054834009845],[-71.04901127246508,42.378042533706896],[-71.04782722785384,42.37700975775128],[-71.0478155344079,42.37699791802306],[-71.04775979656407,42.37696456834327],[-71.04764856067325,42.37689831998787],[-71.04749103532245,42.376920747826695],[-71.04815177731635,42.37922132805394],[-71.04868645912758,42.37931858716964],[-71.04886808197206,42.37944245877464],[-71.04928304476675,42.37940249200233],[-71.05071775761616,42.37963650669785],[-71.05079599825345,42.37966499119867],[-71.05091282782422,42.37950897747878],[-71.050971303106,42.37943097080924],[-71.05099586674822,42.37942602507516],[-71.05101602329437,42.37942610374218],[-71.05103585709834,42.3794374347307],[-71.05116638585055,42.37948971053869],[-71.05140198045137,42.37958912081444],[-71.0516000698584,42.379669208321296],[-71.05171732251632,42.37971017816847],[-71.05189557435969,42.379745263556984],[-71.05202652714976,42.3797721519487],[-71.0521911280217,42.379814476042604],[-71.05226801632772,42.37982827960206],[-71.05229288120208,42.37983224760113],[-71.0524868613494,42.379858390411],[-71.05269930220994,42.379884064498874],[-71.05286727462192,42.37991334657499],[-71.05302277594674,42.37993753834792],[-71.05314147075259,42.37994646213795],[-71.05327547158726,42.37997174042655],[-71.05332191035706,42.37998146377801],[-71.0533941245402,42.3799694102115],[-71.05348040885778,42.37995957189811],[-71.0535453456884,42.37994631961884],[-71.05360146419842,42.37994374649586],[-71.05385326792877,42.37993229931781],[-71.05406777348676,42.379923587938165],[-71.05422527500956,42.379922487786715],[-71.05421245019622,42.38001921888862],[-71.05421533544519,42.38004056685779],[-71.05425962744631,42.38004478976396],[-71.0543354642525,42.380052826030784],[-71.0544786475998,42.380067515105694],[-71.05480689515703,42.380098675310435],[-71.05484222260482,42.38009989235612],[-71.05489776955118,42.3800922747851],[-71.05492724595138,42.38007942469917],[-71.0549673060623,42.38006382465958],[-71.05501078635858,42.38004535691877],[-71.05518936123495,42.3800521694469],[-71.05530669238523,42.38006513701714],[-71.05543275931274,42.380079128540366],[-71.05573758602448,42.38014278594666],[-71.05574378572445,42.3801591050704],[-71.0557589988115,42.38017149773887],[-71.05580036538998,42.38017732926999],[-71.05587926097371,42.3801821352969],[-71.05601910009149,42.38020626254801],[-71.05621489674344,42.38023348641316],[-71.05638564810376,42.3802651148041],[-71.05652558503425,42.38029266290269],[-71.05665654850004,42.38031846570645],[-71.05682297247884,42.38034386479464],[-71.05685687734884,42.38035749969112],[-71.05689053559497,42.38037167379938],[-71.05692161266519,42.380372963863515],[-71.05697564004055,42.38037425227121],[-71.05703369222996,42.380407696369],[-71.05714631600767,42.380451433721575],[-71.05727855566457,42.380503168969106],[-71.0573842741855,42.380544628797914],[-71.05744131643635,42.38056627505289],[-71.05747666671623,42.380581625869006],[-71.05752926409552,42.380596412807904],[-71.05754788152083,42.3805909026353],[-71.05757382866692,42.38057911864425],[-71.05760937170258,42.38056692140405],[-71.05764141274419,42.38056929532346],[-71.05767264651209,42.38058291970715],[-71.05772346525266,42.38060895329548],[-71.05798640747156,42.38070674459236],[-71.05824609145185,42.380801731885185],[-71.05827243314127,42.380820378921754],[-71.05827519396772,42.38084235650227],[-71.05829062667537,42.38085817076177],[-71.0583212812532,42.38086783148493],[-71.05837361986595,42.38088495778546],[-71.0584091039226,42.38089859828238],[-71.05847044744768,42.380965184805945],[-71.05850263679504,42.38099852889299],[-71.05852834334954,42.38103860023943],[-71.05855598133837,42.38106292398555],[-71.05856974133896,42.38109223607808],[-71.05858047333022,42.381137831727244],[-71.05858336716238,42.38117556481342],[-71.05858313590686,42.38120869445026],[-71.0585828958533,42.38124308445349],[-71.05857047132275,42.38126599407425],[-71.0585532898367,42.3813093219322],[-71.05853615182431,42.38136381349983],[-71.05843523436538,42.38145183429216],[-71.05838001141862,42.38148250213537],[-71.05828365044808,42.3815266063311],[-71.05823332787358,42.38153370542701],[-71.0581742510713,42.381542391396565],[-71.05810945009921,42.38155348612185],[-71.0580555273933,42.38155444936785],[-71.05800289008116,42.38154524429576],[-71.05798800967725,42.38153726461022],[-71.05795728437059,42.38152031121284],[-71.05793262675513,42.381503921293756],[-71.0579124582095,42.38150546430976],[-71.05788467798132,42.381518861846324],[-71.05785691788374,42.38152937853846],[-71.05783694371647,42.38153785449011],[-71.0577984078892,42.381543828323615],[-71.05774865281138,42.38153922567158],[-71.05768582433073,42.381528720877895],[-71.05762622899317,42.38154208605975],[-71.05759176252896,42.38155653815931],[-71.0575806644808,42.381580713174344],[-71.05756518300517,42.381606581874486],[-71.05755253834344,42.38164353499934],[-71.05753398064998,42.381692529213204],[-71.05751193282079,42.38175438408897],[-71.0574966835778,42.3817644086401],[-71.05747757945446,42.38177000696081],[-71.05745036412006,42.38177206296265],[-71.05739342879347,42.381769683252614],[-71.05734564101672,42.381761576880436],[-71.05728508676854,42.38175576210611],[-71.05723282944801,42.38174430742973],[-71.0571451891411,42.38172209316117],[-71.05708498941537,42.38170034458446],[-71.05706226662801,42.381685132299424],[-71.05705455911395,42.38165863421766],[-71.0570533772566,42.381636662689694],[-71.05706720181904,42.38160466573402],[-71.05708744608235,42.38159231972575],[-71.0571171101109,42.3815873923212],[-71.05714583422464,42.381577959861076],[-71.05717661127763,42.38157015581046],[-71.05722630731339,42.38156584565145],[-71.05728631662446,42.38156274552958],[-71.05731130412931,42.3815493373911],[-71.05732975462,42.38153302317982],[-71.0573362063131,42.3815134217694],[-71.05733019512911,42.38147009488426],[-71.05726990418847,42.38146140019839],[-71.05524490158635,42.38116774885422],[-71.05212296451191,42.38072908186755],[-71.05146525070006,42.38063261961962],[-71.05133603275543,42.38060060573297],[-71.05117285689138,42.38057971280753],[-71.0511759263293,42.3805065314878],[-71.05095309625099,42.38047307158128],[-71.05095787735576,42.38043248731914],[-71.05093168754084,42.38040987792908],[-71.0507124649182,42.38038147324005],[-71.04766566565615,42.3799053463688],[-71.0473330033108,42.38117011116604],[-71.04977273264002,42.38155609446144],[-71.04977698131235,42.38159041199951],[-71.04980128951965,42.38162147697496],[-71.04980390613933,42.38164624508944],[-71.04968227794434,42.381741919664634],[-71.04967279901787,42.38175997831795],[-71.04964933261456,42.381781223248964],[-71.04962790998019,42.38180535709201],[-71.04960752737406,42.38181986193867],[-71.04958227475043,42.38183614828824],[-71.04955164778762,42.38185682499332],[-71.04953113688636,42.381889335050886],[-71.04951628356159,42.3819117840506],[-71.04950556653483,42.38193316890125],[-71.04948687553897,42.38194885072239],[-71.04947901167237,42.38196178405151],[-71.04946504039127,42.38197973506679],[-71.04944605455611,42.38200270804578],[-71.04942881298687,42.3820194758772],[-71.04940229397691,42.382043049546525],[-71.04933280394349,42.38204727879394],[-71.04928947861676,42.382060613367344],[-71.04925971365222,42.38207958282741],[-71.04924295324085,42.38209698271643],[-71.04922878713293,42.382108180792194],[-71.04749243306958,42.38176546763854],[-71.04748488092469,42.381785694379914],[-71.04747943848763,42.38181655279923],[-71.04746221704052,42.38186438030053],[-71.04746165561066,42.381891926857726],[-71.04745649144692,42.381917834794336],[-71.04744664947042,42.38196956255098],[-71.04744594307104,42.38201736498184],[-71.04744069062382,42.382055606493786],[-71.0474353972766,42.38208259426411],[-71.04743353712965,42.38212192946305],[-71.04743297117494,42.38215010620118],[-71.04742936173227,42.38217935131063],[-71.04742934300674,42.382215902864466],[-71.04742559215468,42.38224793830488],[-71.04742393718742,42.38227557058647],[-71.04742305912481,42.38229645377622],[-71.04741652824931,42.38232667770706],[-71.04741789293229,42.38235657258269],[-71.0474252405775,42.382381899533264],[-71.04742934276148,42.38241954763954],[-71.0474418259456,42.382439943215324],[-71.04744557900749,42.38245850387684],[-71.04745275692446,42.38249058230484],[-71.04748740334627,42.38255319845181],[-71.0475090077511,42.38258866467599],[-71.0475281136605,42.3826169187792],[-71.04754028641769,42.382646766128325],[-71.04755623514772,42.382675007809986],[-71.04758311622551,42.382685826925744],[-71.04760911122708,42.382701684154114],[-71.04762985700411,42.382721391967955],[-71.04763929293738,42.38274339605408],[-71.04764264120897,42.38276762691943],[-71.04764055726982,42.38278733499482],[-71.04763630817169,42.38280415364092],[-71.04765301777262,42.382827896868235],[-71.0476800829204,42.38286392469912],[-71.04770906202906,42.38290401133544],[-71.04774523822435,42.38295655020524],[-71.04776774122135,42.38298526776213],[-71.04781010667556,42.38303837110996],[-71.0478313216162,42.383060421473346],[-71.0478630745362,42.38310321982842],[-71.04788609876846,42.38312698783525],[-71.04791185159405,42.383159769420864],[-71.04792694629758,42.38317162248266],[-71.04797129888375,42.38320159622189],[-71.04802306274082,42.38323105888728],[-71.04805087956129,42.38324692316954],[-71.04810868229939,42.38328100097712],[-71.04814965230952,42.38330853058774],[-71.04818179959628,42.38333017367623],[-71.04822172373007,42.38335112706477],[-71.04826110942373,42.3833794606711],[-71.04829820465316,42.38340544452725],[-71.04833451858914,42.38343880764986],[-71.04837272671001,42.383462004963505],[-71.04840322745562,42.38347616915097],[-71.04844169841893,42.38349657658621],[-71.04846623677547,42.38351242789872],[-71.0484889536517,42.38352827205763],[-71.04853038726941,42.38354193894404],[-71.04855495394511,42.38355382908985],[-71.04857429451623,42.383566328925106],[-71.04857141026224,42.383596117076095],[-71.04854629540681,42.38362698836973],[-71.04854287981368,42.3836461510596],[-71.04854021462626,42.38367927112724],[-71.04854374899872,42.38369449982967],[-71.04858620751294,42.38371771374832],[-71.04865988982371,42.3837388894575],[-71.04873359723976,42.38375655410227],[-71.04876721819684,42.38375893668326],[-71.04882723517566,42.38377213617187],[-71.04889064460612,42.38378642927374],[-71.0489456475504,42.383804560613456],[-71.04901300334623,42.383827421835626],[-71.0490562985789,42.383835514054745],[-71.04909183042749,42.38384240546007],[-71.0491312526477,42.38384868189997],[-71.04917121195663,42.38384775814327],[-71.04921596891748,42.38385522582969],[-71.0493393743657,42.38386867339398],[-71.0493656116994,42.38386769581975],[-71.04939136393996,42.383866626311125],[-71.04943274838499,42.38387020947482],[-71.04945325076177,42.38387308065075],[-71.04948805407369,42.38387996908043],[-71.04952397466569,42.38388344078765],[-71.0495502737954,42.383890836072396],[-71.04957014015935,42.38389775602396],[-71.04959719226876,42.38390173315931],[-71.04961905800408,42.3839007384134],[-71.04962998164535,42.383884485999246],[-71.04965084590258,42.38385359783449],[-71.0496647281683,42.38383114502494],[-71.04968215250784,42.38380582516256],[-71.04970084785067,42.38378960315987],[-71.049721239404,42.38377392796419],[-71.04973996293255,42.38375374480731],[-71.04975695433367,42.38373805629857],[-71.0497867199297,42.38371908671711],[-71.04980807521328,42.383704495620286],[-71.04981933871683,42.38369166560421],[-71.04984872459201,42.383674855207154],[-71.04987952727663,42.38366372214713],[-71.04990361076074,42.383658234594215],[-71.0499433674383,42.38365163797562],[-71.04999433794083,42.383656248750604],[-71.0500324237297,42.383662609683405],[-71.05006742949978,42.38367517053159],[-71.0501057421612,42.38368378304211],[-71.05013162894133,42.383697928726356],[-71.05015339084683,42.383711518105194],[-71.05017291509046,42.38373239104707],[-71.05019923512798,42.38375392075425],[-71.05021914355041,42.38377200430358],[-71.05024008981722,42.38379783436526],[-71.05026124503296,42.383828436754925],[-71.05028328359673,42.383854361106636],[-71.05031755323927,42.383867999343224],[-71.05035733861736,42.38387445683902],[-71.05039810891367,42.3838790275695],[-71.05044808704373,42.3838866052077],[-71.05048199307856,42.383900151945696],[-71.05050343498414,42.383907528034385],[-71.05053848897525,42.383913336782065],[-71.05056952030762,42.38392129049141],[-71.05061103844486,42.38392316321],[-71.0506464970589,42.38392330170427],[-71.05068730706779,42.38392229071485],[-71.05094913256602,42.38395545312598],[-71.05092762761217,42.3840937431199],[-71.05817620082424,42.384826280607996],[-71.05821347884614,42.3847746573528],[-71.05829440192146,42.384768215915166],[-71.05831696876287,42.38477118346257],[-71.05832940239887,42.38478185455965],[-71.05831678011485,42.38479819129589],[-71.05829384349438,42.384848159101274],[-71.05877464533829,42.38489663872609],[-71.0589883160486,42.38460945669915],[-71.05904603389189,42.384552239723604],[-71.059198400777,42.384383479924836],[-71.05933277541011,42.38419997635901],[-71.05951470811506,42.38397056011015],[-71.05970689882207,42.383732720140756],[-71.05983133252042,42.38354638704758],[-71.06001279531313,42.38329671176987],[-71.06003485351341,42.38328545252748],[-71.06007516436367,42.38321646474799],[-71.06008267006402,42.38320235896555],[-71.06011817902038,42.38319520242224],[-71.06037109493913,42.38321759592799],[-71.06040060229479,42.38314793655269],[-71.06045775305469,42.38315445690488],[-71.06051894800446,42.38315568099272],[-71.06058357753471,42.38316943213379],[-71.06064105072095,42.383181985538755],[-71.06069300819223,42.383201900194656],[-71.06066431595147,42.383241673278924],[-71.06064040520201,42.383274892531844],[-71.06056282263938,42.3833426578108],[-71.06051619706416,42.38339424612742],[-71.06044050276189,42.38350478209277],[-71.06025197037953,42.383758392263566],[-71.06012007499534,42.38393515424687],[-71.06000406687002,42.384079926676556],[-71.05984714373098,42.38429305417651],[-71.0597616885417,42.38440985433558],[-71.05959670580864,42.384681469183306],[-71.05992447097698,42.38480318149377],[-71.06004235671234,42.384633118328885],[-71.06014016990973,42.38450295096506],[-71.06021358932152,42.38440546065633],[-71.06027725306141,42.38431378486856],[-71.06037672903454,42.3841539142389],[-71.06041415383433,42.3840983295767],[-71.06046166947263,42.384041072910556],[-71.06053810111551,42.3839293693881],[-71.06061740380785,42.38384135428162],[-71.0606855932995,42.38376229953881],[-71.06076002574214,42.383676066306215],[-71.0608795341959,42.38353400732625],[-71.06102083880197,42.38334836754311],[-71.0610442786475,42.38331298573072],[-71.06107200359637,42.38327257866306],[-71.06111484153872,42.38325923780357],[-71.06114620234032,42.383254856004186],[-71.06118750497602,42.38325276282905],[-71.06124638407434,42.38325523809629],[-71.06138303203956,42.38326800301098],[-71.06159282428834,42.383310035695025],[-71.06159533262617,42.383351098266225],[-71.06159708019106,42.383379283857344],[-71.06158945871495,42.383410134603395],[-71.06158422184994,42.38342983089719],[-71.06149551423066,42.38361351115679],[-71.06141640908258,42.383708279760256],[-71.06153953560154,42.383744760470485],[-71.06137639378824,42.38397992333918],[-71.06146247630348,42.38399978767607],[-71.06156965096463,42.3838674940903],[-71.06165923312058,42.383890522615275],[-71.06177724225815,42.38370173219749],[-71.06185029786424,42.38358614371907],[-71.06197204691028,42.38355851840818],[-71.06202315602033,42.3834730958476],[-71.06208349047728,42.38342326964829],[-71.06215179302288,42.383415246980796],[-71.06220569855478,42.38341698260013],[-71.06226572985403,42.3834284645824],[-71.06230265779233,42.38344436006861],[-71.06231761014978,42.38345963177357],[-71.06233305260734,42.3834742751412],[-71.06232355771776,42.38349512564034],[-71.06229909230049,42.3835208707551],[-71.06217197767761,42.383692071495695],[-71.06195434357939,42.38395790757911],[-71.06179820685885,42.38418121393672],[-71.06142783386534,42.38468738347091],[-71.0612401519663,42.38494099843202],[-71.0612416294341,42.384955588684285],[-71.06048359155245,42.38488805494547],[-71.06046862222593,42.38508489011007],[-71.06080313515909,42.38510984502764],[-71.06100319912943,42.38511961140691],[-71.06143293859306,42.38515951241114],[-71.06163952541672,42.38517434414255],[-71.06202282278636,42.385221898464714],[-71.06208761484635,42.38523006759704],[-71.06212771622363,42.38522625896697],[-71.06214980900609,42.385210047887334],[-71.0621556449192,42.3851915242261],[-71.06216111349215,42.385068205995886],[-71.06219086840281,42.38506786908162],[-71.06225265720944,42.38500112298301],[-71.06232714879263,42.384906246252825],[-71.06242696506061,42.384924721645014],[-71.0624640739037,42.384932155079525],[-71.06247632273836,42.384916986843145],[-71.0626861045356,42.38466291371509],[-71.06289075257074,42.3843958565868],[-71.06313934092165,42.38409628558632],[-71.06346970499138,42.3836485673109],[-71.06375463170286,42.38373121386611],[-71.06377293708456,42.38373578469948],[-71.06378989179731,42.383742511093395],[-71.06382061443743,42.38374262757159],[-71.06385192278184,42.38372825167071],[-71.06393087245141,42.38363789221508],[-71.06395996560505,42.38359253807816],[-71.06399886865157,42.38360384904844],[-71.06402045332851,42.38360834224132],[-71.0640387071783,42.38362038520431],[-71.06408630689776,42.383638481237305],[-71.06413425853329,42.38365837915394],[-71.06416498591437,42.38367542091944],[-71.06418348764115,42.38368674456998],[-71.06422651997195,42.38371562666483],[-71.06426016614839,42.38373204926013],[-71.06429706375009,42.383752445413315],[-71.06430467297015,42.38377606169987],[-71.06430905745704,42.38379183329343],[-71.06429981410216,42.38381151453377],[-71.06429789583252,42.38382555171728],[-71.06427960435299,42.38385420154154],[-71.06424233554829,42.38390528661603],[-71.06419629411656,42.38397821537682],[-71.06411474402172,42.384075857465014],[-71.06398778256694,42.38424300947298],[-71.06389298251217,42.384377692930464],[-71.06374544365282,42.38457015470107],[-71.06356393920834,42.38479228687248],[-71.06345515105795,42.38496517900656],[-71.0634378191653,42.38499545284593],[-71.06341621711206,42.38502859139085],[-71.06340973524443,42.38505278445906],[-71.06342497859201,42.385078770506645],[-71.06344323026664,42.385091173664584],[-71.06346481106128,42.385096297143065],[-71.06348808761268,42.385102057250535],[-71.06353512709349,42.38511348926797],[-71.06360332752291,42.38512050010603],[-71.0637458157561,42.3851322940302],[-71.06389824901754,42.38512837048832],[-71.06411575377138,42.38514494969576],[-71.06421070232726,42.38516502560739],[-71.06435272053554,42.385174566286636],[-71.06447579474995,42.385184035081956],[-71.06456036374955,42.3852124440622],[-71.06460990971453,42.385212631564684],[-71.06465155679619,42.385195953831875],[-71.06467900760488,42.385177511830705],[-71.06470888402059,42.385159529142264],[-71.06472742348718,42.385147805550716],[-71.06475650311381,42.385122077385965],[-71.06477999356422,42.38509677821402],[-71.06480006458249,42.38507425698608],[-71.06482045838283,42.38504012330094],[-71.06484400639398,42.38500645168428],[-71.06487335106664,42.38495983788334],[-71.06489828870474,42.384918339032296],[-71.06492636632024,42.38489701843046],[-71.06495688749271,42.384873546377655],[-71.06498937643084,42.38486412620074],[-71.06501900669846,42.38486423822667],[-71.0650679855326,42.38487621712057],[-71.06513557569063,42.38490132046978],[-71.06524158858208,42.38493710230706],[-71.06539262842301,42.38499448091888],[-71.06551573252278,42.38503491851337],[-71.06564459644416,42.38508546090952],[-71.06576649544107,42.38514227886698],[-71.06586938109658,42.38519146256118],[-71.06595835426903,42.38523294125813],[-71.06600927283962,42.385245467237],[-71.0661692289988,42.385295586145915],[-71.06615851332465,42.385317512687564],[-71.06615667423918,42.38533776215891],[-71.06615363622959,42.385355756397516],[-71.06615504133765,42.385381059696044],[-71.06615619183788,42.38540807257531],[-71.06616719785332,42.385432331733966],[-71.06619219997518,42.38545214224017],[-71.06621789985368,42.38547645679491],[-71.06627307636741,42.38548791836703],[-71.0664010766787,42.38550523614536],[-71.06655519337706,42.38552157182989],[-71.06673018186825,42.3855402366191],[-71.06688940097433,42.38553858537689],[-71.06706581355891,42.38554438094579],[-71.0672161476012,42.38559887357746],[-71.06728194301752,42.38560254213114],[-71.06735331715014,42.385607311966645],[-71.06743908440416,42.385620598545984],[-71.06755646671779,42.385645707592246],[-71.06766434361487,42.385657906731595],[-71.06778276588904,42.38567302629537],[-71.06787496579845,42.38568687688434],[-71.06793658634666,42.385697281517146],[-71.06799689605204,42.38568625442298],[-71.06803071707286,42.38567737856152],[-71.06806004122221,42.38566902597886],[-71.0680804128417,42.38565568821619],[-71.06814850765244,42.38558941279664],[-71.06820139812856,42.385526681414184],[-71.06824624417219,42.38546824118581],[-71.06831619113939,42.38537964555817],[-71.06846872935094,42.38539597275686],[-71.0685902268126,42.385440902444536],[-71.06883019196654,42.38551211418786],[-71.06907629695519,42.385591270927186],[-71.06944769016253,42.385693943330836],[-71.0695955075753,42.38572600634251],[-71.06974429296083,42.38575861295393],[-71.06983006634147,42.385824654437705],[-71.06990548586973,42.38589533863113],[-71.07001172808515,42.38596946902029],[-71.07016903739401,42.38607025845837],[-71.07022674816335,42.38611998968005],[-71.06981845271318,42.38642501065054],[-71.06992571662343,42.38647402699593],[-71.07009655119528,42.386550469369574],[-71.07024850533783,42.386617478011885],[-71.07047311261094,42.386733643131116],[-71.07069463093721,42.38685771878071],[-71.07086198590677,42.38694612079946],[-71.07103856343534,42.3870356372962],[-71.07118953163076,42.38714090307732],[-71.07121586517272,42.387143792097326],[-71.07160102293889,42.38740351829221],[-71.0718299837055,42.38754112368919],[-71.07210524880367,42.38769177489302],[-71.07233718022252,42.38780346213572],[-71.0724482225416,42.38783313403879],[-71.07247776991585,42.38786367342472],[-71.07249104538892,42.38789397228824],[-71.07251671005088,42.387941962743454],[-71.07255489397029,42.38804230619124],[-71.0725795991089,42.38810649817405],[-71.07260709372444,42.388135319359385],[-71.07265326389609,42.38815016547561],[-71.07271955207959,42.388171208213606],[-71.07273765400328,42.38818820076918],[-71.07274564279368,42.38821010732978],[-71.07274050003207,42.38823430586613],[-71.07272183544586,42.388246660472284],[-71.07283600791361,42.38847827725714],[-71.07296942955665,42.38868304687377],[-71.07314051038277,42.38899427953003],[-71.07329174423622,42.3892593437868],[-71.07347914367763,42.38958243011537],[-71.07362560268592,42.389835592446424],[-71.07362695384775,42.389887363747],[-71.07367437051327,42.38996973531212],[-71.07369936226395,42.39000971045905],[-71.07394979713992,42.39042305779547],[-71.07398508514986,42.39050313360169],[-71.07402001273103,42.39052856087051],[-71.07404285209256,42.390545570745985],[-71.0741423885794,42.39049921447828],[-71.07419782513249,42.39049095697526],[-71.0742485097076,42.39050302826326],[-71.07425101927548,42.390545170802575],[-71.0742632740652,42.39056493234759],[-71.0754931613344,42.38885128564656],[-71.07971276259676,42.38292058106464],[-71.08047581977183,42.38257873712778],[-71.0808123900086,42.38242070358995],[-71.0809711421462,42.38232333094102],[-71.08070156845152,42.38103998326279],[-71.07565715220274,42.3801955662551],[-71.07293232907176,42.373839727117016],[-71.07272831928545,42.37332274509607],[-71.07268844084315,42.37322181255429],[-71.07246581575481,42.372658348332926],[-71.06711522950019,42.37181574497396],[-71.06457376690906,42.369474947483965],[-71.06398442611986,42.36893200197887],[-71.06757686514673,42.36900687308307],[-71.06947797242704,42.36904605462277],[-71.06997968284605,42.36857419986154],[-71.07055164015675,42.368036704099715],[-71.07135708213988,42.367279505218335],[-71.07372148981486,42.36505665767327],[-71.07479297899165,42.36377330124481],[-71.07494104471863,42.36350826337758],[-71.07509556880466,42.36320327634673],[-71.07609258204835,42.36038040798456],[-71.07642751835556,42.35992465516664],[-71.07680955462615,42.35950436601317],[-71.07733373017327,42.359084417982764],[-71.07795223161038,42.35873512635749],[-71.09100209967553,42.35439651696343],[-71.09304129923918,42.353884644403706],[-71.09724469632009,42.35319163515008],[-71.10239868505123,42.35262339224591],[-71.10340683949053,42.35244897637972],[-71.10431793704986,42.35240250901651],[-71.10600850448822,42.352473854697664],[-71.10747199623124,42.35250352749163],[-71.10921833542328,42.35254647715439],[-71.11008324513365,42.35254941308877],[-71.11151262091019,42.3527392602449],[-71.11245981279743,42.35290297776465],[-71.11320704748765,42.3531151708427],[-71.11408656110711,42.35345132264905],[-71.114915869935,42.353861213264615],[-71.1159099026322,42.35453084117779],[-71.11652241717607,42.355026423420924],[-71.1168527064143,42.35538529890091],[-71.11706621303124,42.35586721409049],[-71.11711303867793,42.356373241886665],[-71.11716558136659,42.356997766528266],[-71.11707268576919,42.35754519239126],[-71.11673399374972,42.35853113962585],[-71.11664897573648,42.358839294799765],[-71.11659699254336,42.359184561843534],[-71.11657804407407,42.35956703082024],[-71.11660816360892,42.36008533664811],[-71.11670129143273,42.36118372737602],[-71.11684147483659,42.362751143900695],[-71.1169357777079,42.36367686270606],[-71.11689265183844,42.36530533721095],[-71.11687250803318,42.36588514445736],[-71.11696766557921,42.3666505244827],[-71.1170817744073,42.36703325586095],[-71.1172295677337,42.36736694358259],[-71.11753588551645,42.36786663082296],[-71.11753984119768,42.367875016633086],[-71.11769153943924,42.36814587672942],[-71.11793424354079,42.368384898732224],[-71.11819039388496,42.36852862459956],[-71.11852368815883,42.36864406670976],[-71.11895981365939,42.36875984854045],[-71.11955023301167,42.3688380570735],[-71.12009011485031,42.3688207554406],[-71.1207584354449,42.368784878793335],[-71.1215940368834,42.368711376605916],[-71.12204377764826,42.368703312252585],[-71.1224802512126,42.368761913738865],[-71.1231130163382,42.36890623385251],[-71.12350642135671,42.36904157466548],[-71.1238269804303,42.369156959669986],[-71.12417281765211,42.36932959447365],[-71.1244543760989,42.36951156140188],[-71.12463305664531,42.36972173098604],[-71.12490325284612,42.370100461996316],[-71.12526092373645,42.370695185575265],[-71.12553322681987,42.37119104889588],[-71.12602423465356,42.37194780496718],[-71.12646898190472,42.37237787543645],[-71.1266879874871,42.37256737601234],[-71.12700971362031,42.37283886505779],[-71.12727719653404,42.373023390038114],[-71.12763361891332,42.37325933845837],[-71.12792159301895,42.37342862341024],[-71.1282029192383,42.37357240810494],[-71.12861489019903,42.37373705040861],[-71.12895149019653,42.37383500717976],[-71.12962519997389,42.37394440210941],[-71.13016880682015,42.37396145589782],[-71.13068505884056,42.373922331613244],[-71.13114652047892,42.37386763448895],[-71.13152535714406,42.373802497674895],[-71.13207014753607,42.37359510550992],[-71.13245676233711,42.3733819838409],[-71.1327193549883,42.373199074608586],[-71.13296162802536,42.37293966583375],[-71.1330867450201,42.372741102222854],[-71.13314970151919,42.372562686667784],[-71.13317856435563,42.37233824786898],[-71.13314229037535,42.37216581781424],[-71.1330911853711,42.37197569486631],[-71.13296620957819,42.371794519105144],[-71.13275390267479,42.371535910056906],[-71.1325683428704,42.371313127323276],[-71.13233943646428,42.37107012939532],[-71.132182218942,42.37090127360021],[-71.13208671033217,42.370747919806654],[-71.1319847600325,42.370533235944116],[-71.1318623785616,42.37028283532367],[-71.1317880186396,42.370063197963646],[-71.1317616174782,42.36986415054628],[-71.13179021671917,42.36968562562163],[-71.13187387214626,42.369497103679386],[-71.13197109771872,42.36933410314711],[-71.13211666909659,42.36914577910274],[-71.13237273998114,42.36889145709505],[-71.13256633178084,42.36875433208705],[-71.13288407557864,42.36852064238753],[-71.13344357330821,42.36815502048342],[-71.13380271251897,42.36794189661451],[-71.13416847136614,42.36775931233606],[-71.13472379194013,42.36756796607625],[-71.13506458881889,42.36748154013897],[-71.13540913996624,42.36737549888073],[-71.13571942549866,42.367274389671564],[-71.13602988184917,42.36712232403553],[-71.1364371989503,42.36688890790985],[-71.13665821248672,42.36675186267287],[-71.13691399237858,42.36654335409846],[-71.13753625984191,42.366000284122045],[-71.13817277976908,42.36540440883831],[-71.13855984865936,42.36509943881341],[-71.13897423249482,42.36481507972417],[-71.13914701462797,42.36470335635376],[-71.1394643410142,42.364556344577146],[-71.13969181858135,42.36447540152711],[-71.13989159852012,42.36444028586625],[-71.14012567512576,42.3644155404277],[-71.14040776681658,42.36440111786396],[-71.1406415817212,42.364422375139696],[-71.14099905476476,42.364494794071625],[-71.1413907329957,42.364572540196285],[-71.14190589649554,42.36473232537907],[-71.14221497474247,42.36484051121425],[-71.14248271591302,42.36493821445016],[-71.14290881778733,42.36502632562974],[-71.143293818608,42.36508360804391],[-71.14366738277582,42.36508080472106],[-71.14406491252426,42.365004431032546],[-71.1444924161243,42.36482200500987],[-71.14475505270097,42.36461872185991],[-71.14495566001325,42.36443577314675],[-71.1452404864631,42.3641500012239],[-71.14539472493733,42.36394395142993],[-71.14554918285859,42.36369855963239],[-71.14564139826683,42.363446853926334],[-71.14576455722175,42.363240617824744],[-71.14592734147074,42.36293853315367],[-71.1461351097815,42.36268916332005],[-71.14633587912442,42.36247542288622],[-71.14665383237973,42.3622111760399],[-71.1469786392148,42.36193650603127],[-71.14729690824906,42.361636426993556],[-71.14757321119033,42.361438310869254],[-71.14780787014959,42.36130641761484],[-71.14808363114695,42.361205169338795],[-71.14833175004468,42.36111923076907],[-71.14864170070635,42.36106913189074],[-71.14902719211898,42.36103456758388],[-71.14944700811806,42.36100523824102],[-71.15007335642717,42.36094592622877],[-71.15064483525728,42.36088644414971],[-71.15145004520441,42.36081740456137],[-71.15199396609083,42.36075783226377],[-71.15247596808521,42.36067763383031],[-71.15294482072022,42.36051582782547],[-71.15355831068655,42.36029818784103],[-71.15408891649534,42.360141694806124],[-71.15447478971684,42.36003563072875],[-71.15481919412723,42.3599652722714],[-71.15524614222296,42.35989507022121],[-71.15561093101867,42.35987068506557],[-71.15599630018708,42.359856533541134],[-71.15636085655831,42.35985249176728],[-71.15672531247827,42.35988932150301],[-71.15709660499232,42.35994147532029],[-71.15745411541765,42.35998332363331],[-71.15781876605708,42.3599844091445],[-71.1582729076576,42.35998062781321],[-71.15883018997297,42.359961935874956],[-71.15927771430908,42.35990204316299],[-71.15974620402085,42.35978081127166],[-71.16051830843375,42.35949734236095],[-71.16095982246061,42.35928959849245],[-71.16134615808488,42.35907133717701],[-71.16169119276863,42.35885799467471],[-71.1618778108848,42.35873610465114],[-71.16210534799312,42.35863468100768],[-71.16228465178479,42.35856381502566],[-71.16260140335264,42.35850865693908],[-71.16300753440018,42.35846897474397],[-71.16342015049716,42.35846514146113],[-71.16388779353727,42.35852259691977],[-71.16421751509121,42.35863069405594],[-71.16457444058862,42.35880522062512],[-71.16534831606171,42.35946558368632],[-71.16569093868068,42.35970650616576],[-71.16587741381977,42.35979455578861],[-71.16615771710345,42.359906915119126],[-71.16647345567536,42.3599754426144],[-71.16682443838245,42.36003632889413],[-71.16750871211737,42.36008323339732],[-71.16843400736744,42.359145917005165],[-71.16862460957336,42.3589563261124],[-71.17391618923233,42.353465034552336],[-71.1748495154926,42.35033729141203],[-71.16668340430779,42.340104103887256],[-71.16680843498595,42.33929024479078],[-71.1684111348768,42.33870689945435],[-71.1686333689185,42.338629124999734],[-71.16893623045729,42.33844858922272],[-71.16921683687404,42.33806803435194],[-71.1691224036939,42.33737643035196],[-71.16885850282725,42.3363042358562],[-71.16888636383818,42.33582644229163],[-71.16856971553483,42.335143200147485],[-71.16847136638464,42.335085478070944],[-71.16818921498363,42.334790359251016],[-71.16752813614187,42.33335986879131],[-71.1653029469469,42.33362565965985],[-71.16305598868328,42.33385155085706],[-71.16271266413652,42.33388430496724],[-71.16244215730622,42.33389170364108],[-71.16198976196473,42.33385355250444],[-71.16140534850062,42.333724801715334],[-71.16083377440343,42.3334875107795],[-71.160075459762,42.33311543161033],[-71.1596325262776,42.332875994134874],[-71.15918101009403,42.33249599408307],[-71.1586644272423,42.3319875975955],[-71.15721652797927,42.33056691519934],[-71.15703673651865,42.330390498018886],[-71.14985299737044,42.33463460107402],[-71.15046138335045,42.33496802956572],[-71.15013363700422,42.33520957092794],[-71.15005860405446,42.33539291183248],[-71.14829464384155,42.335806704272336],[-71.14874186812585,42.336865012709545],[-71.14732238691678,42.337187202335436],[-71.14615603534943,42.337441821768174],[-71.14634213584144,42.33803631597306],[-71.14648936131147,42.33816127891681],[-71.146605698927,42.33853705762187],[-71.14624484889494,42.33859455676159],[-71.1461616345168,42.33869747394494],[-71.14527535743365,42.33933619962098],[-71.14421150096598,42.340022264466704],[-71.1423947622805,42.34006101238414],[-71.14193926184915,42.34000827816696],[-71.14193850065632,42.34000983509888],[-71.14193426718647,42.340024329189816],[-71.141918483783,42.340081219783656],[-71.14190829360084,42.34012372135285],[-71.1418988526091,42.34015799300139],[-71.14187903037538,42.34022927745103],[-71.14186915151177,42.34025600150088],[-71.14185459240278,42.34029917637626],[-71.14182532438214,42.34036631526391],[-71.14178101777141,42.34046976640353],[-71.14177259844203,42.34048689069698],[-71.141738291031,42.34054921171148],[-71.14171028606675,42.34059577387224],[-71.14167576934382,42.34064917594161],[-71.1416326239739,42.34071078425758],[-71.14161074861596,42.34073952895266],[-71.14158816672786,42.34076895746193],[-71.14154347035172,42.34082369979815],[-71.14148715031381,42.34088663812373],[-71.14142531447979,42.34095024523985],[-71.14135095741045,42.34101724336892],[-71.14134249450095,42.34102489464232],[-71.14125265554173,42.34110611940861],[-71.14123653088669,42.34112073121684],[-71.14102028000411,42.341316689454864],[-71.14078582485669,42.34152862367087],[-71.14068873830293,42.341605154644284],[-71.14037593616506,42.341849773049475],[-71.14028004352015,42.34192424934732],[-71.14006977070153,42.34208868283033],[-71.1400664034205,42.34209096802806],[-71.13990591438703,42.34219980570042],[-71.13527802795873,42.34594113682391],[-71.1333807081395,42.34712168415462],[-71.12961026470857,42.34891112236077],[-71.12960655339596,42.348913168466716],[-71.12956875239324,42.348930883222664],[-71.1295620848496,42.34893328802189],[-71.1295555547454,42.34893564284729],[-71.12950797010232,42.34895895917196],[-71.12947070838679,42.34897721670691],[-71.12938768878827,42.349016052310965],[-71.12937892117168,42.34902017708508],[-71.12928196614686,42.34906579098628],[-71.12921567490439,42.349097134174606],[-71.12912916696669,42.349138016404154],[-71.12906886467536,42.34917006484392],[-71.12901225234597,42.34920349719732],[-71.12897095633495,42.34923080566321],[-71.12892522086602,42.34926427306908],[-71.12887247343083,42.34930732210776],[-71.12883062705166,42.34934629018891],[-71.12879850928108,42.349379115479245],[-71.12876104872254,42.34942084177332],[-71.12872750548932,42.34946326672326],[-71.12870441374908,42.349496121129356],[-71.12868040136144,42.34953446071873],[-71.12865890893418,42.34957212242058],[-71.12864367201607,42.34960294411937],[-71.12862938826694,42.34963514093451],[-71.12862094402486,42.349655694265806],[-71.12861203140275,42.3496803631046],[-71.12860449586907,42.349703663449816],[-71.12859834547446,42.3497242241879],[-71.1285924374828,42.34974752978889],[-71.12858578246434,42.34977837919756],[-71.1285833925581,42.34983256706484],[-71.12842934591,42.34983961561228],[-71.12825890153188,42.349847982983924],[-71.12815968635323,42.349853836377214],[-71.12806483275763,42.34986038981278],[-71.12798733284247,42.34986631329362],[-71.127900358472,42.34987289208399],[-71.12789436124673,42.3498735586973],[-71.12783769222057,42.349878863463864],[-71.12775255940555,42.34988682014289],[-71.12768913662913,42.349895533073244],[-71.12762483188023,42.349903557092425],[-71.12755170443731,42.34991429658006],[-71.12746535587797,42.34992773726975],[-71.12746006136875,42.349928406137025],[-71.12734591934998,42.34994998893089],[-71.12727555134866,42.34996348126619],[-71.12720795659847,42.34997698254924],[-71.12720310750663,42.349977652848715],[-71.1271357267455,42.349992526823314],[-71.127066531083,42.350008080892586],[-71.12699799118666,42.35002500908764],[-71.12694912437094,42.35003719892621],[-71.1269444921185,42.3500385559384],[-71.12692944842215,42.35004262325268],[-71.1268611196334,42.35006161011151],[-71.1267937156367,42.35008059993122],[-71.12672678007984,42.35010164929244],[-71.12670432149638,42.3501084365878],[-71.12670013344488,42.35010979503216],[-71.12666006657882,42.35012270023595],[-71.12659379198791,42.3501444376859],[-71.12652825081932,42.35016754951993],[-71.12651479295441,42.35017230795072],[-71.12649625576724,42.35017910794198],[-71.12646311092634,42.350191348640294],[-71.12644456967776,42.35019883463017],[-71.12641468399515,42.35021039988197],[-71.1264107544476,42.35021175915565],[-71.1263987072871,42.3502158361359],[-71.1263347397072,42.35024169705271],[-71.12630737402597,42.35025258444536],[-71.12627169691079,42.35026756093954],[-71.1262251114304,42.350287990126525],[-71.1260638206234,42.35036207087575],[-71.12606397011089,42.35036224241676],[-71.12606048475955,42.35036360312296],[-71.12602501341024,42.35038132429013],[-71.12596494263508,42.350411313794986],[-71.1259060470467,42.35044267913178],[-71.12584733588216,42.3504740450385],[-71.12582625129318,42.35048632479384],[-71.12578422367694,42.35051157077365],[-71.12566148034995,42.350585948352254],[-71.12565869771079,42.35058731133383],[-71.12530762240357,42.350799520150055],[-71.12530506064174,42.35080088384278],[-71.12496255715762,42.35100831739352],[-71.1249602551137,42.35100968192562],[-71.12472265207548,42.351150913796836],[-71.12457228804199,42.35124097762691],[-71.1245687985394,42.35124302429431],[-71.12420582308471,42.35149395371731],[-71.1241994063802,42.35149839007679],[-71.12419684170513,42.35150043975524],[-71.12417666786878,42.351514780243825],[-71.1241650400864,42.35152297448069],[-71.12415367082339,42.35153116956137],[-71.12413602115934,42.35154414625286],[-71.12411911906422,42.35154957916551],[-71.12410267749094,42.35155226950117],[-71.12408972137577,42.35155359918847],[-71.12407721642003,42.35155355830924],[-71.1240673094863,42.35155218899341],[-71.12406710750065,42.35155227386052],[-71.12294217166502,42.35141615826075],[-71.12287266748464,42.35175506910389],[-71.10655038469278,42.3497908663436],[-71.10714211864968,42.34704628442875],[-71.10566997789007,42.34412097217557],[-71.10551643945068,42.343812365896326],[-71.10586039415203,42.34369200616883],[-71.10607175388012,42.34358280496002],[-71.10617378400002,42.34349060455411],[-71.10622086646353,42.34343287709276],[-71.1062290293617,42.34336925446487],[-71.10624497226365,42.34332303409882],[-71.1062999790853,42.343259481848726],[-71.10651427907854,42.34310644571074],[-71.1065817250619,42.343072105329],[-71.10666083621392,42.34303537402885],[-71.1069081817604,42.34295438346748],[-71.10714141530752,42.34285929961418],[-71.10744223389429,42.342687651218384],[-71.1078878547495,42.3425511571688],[-71.10802786427931,42.34247871097863],[-71.10811629789463,42.34240608883833],[-71.10819431770094,42.34232973994844],[-71.10822561975448,42.342272227971826],[-71.1082261420349,42.34218787245848],[-71.1082266364442,42.34210801830516],[-71.10823956379274,42.3420585463318],[-71.10826866402962,42.342003817741364],[-71.1083173844687,42.341955458023676],[-71.10844545461869,42.34185101030488],[-71.10877180692549,42.34174858775132],[-71.10904112519461,42.34166514655454],[-71.10935704221538,42.34158186306345],[-71.10955381569735,42.34149403282246],[-71.10960086942069,42.34145989150374],[-71.10965935992797,42.341401301069105],[-71.10976773919755,42.341222691041374],[-71.10985083214123,42.3411693156691],[-71.10998566856398,42.341108373266756],[-71.11008953298492,42.34103202072074],[-71.11017771950922,42.340959396148946],[-71.11036016914247,42.34073377136688],[-71.11046965237774,42.34059216638394],[-71.11057906031111,42.34044299859028],[-71.11066288381969,42.34027060656142],[-71.11071293011244,42.34012456867631],[-71.11072095293358,42.340082912340726],[-71.11070669999278,42.34003262781078],[-71.11068013979684,42.33999058428662],[-71.11067548728214,42.33989864875864],[-71.11076457489305,42.33971862198516],[-71.11084343804286,42.339504079358186],[-71.11088535412934,42.33888419030358],[-71.11093632752404,42.33874499763839],[-71.1110300239544,42.33856498621864],[-71.11111400806317,42.33836585567722],[-71.11131344013263,42.3379024296001],[-71.11140296677223,42.337630393909635],[-71.11146556339872,42.337534634342724],[-71.11153325939668,42.33745815822099],[-71.11155957667957,42.33738154225906],[-71.11155988282586,42.33733166711258],[-71.11153431882225,42.33728557581065],[-71.11141601369117,42.337185423638196],[-71.11129258925459,42.337089035259],[-71.11122075906103,42.33698913003335],[-71.11120076024558,42.33690632555141],[-71.11117040960531,42.336770368813696],[-71.11115350685886,42.336716924316846],[-71.1111141594947,42.33666277369253],[-71.11105781822444,42.33662927228416],[-71.11090809785203,42.33654701912723],[-71.11080020336786,42.33643159656185],[-71.11070800955657,42.33630857457275],[-71.11070016426387,42.33626227298147],[-71.11071369630461,42.33621262266689],[-71.1107369307308,42.33616381546552],[-71.11079723035685,42.33608632439095],[-71.11090106175413,42.3360138422052],[-71.11097914517438,42.33594505402905],[-71.1110003359619,42.33583384959458],[-71.11099049341568,42.335757111377355],[-71.11092900647866,42.33567254590398],[-71.11073340472178,42.335533688871294],[-71.11055290941376,42.3354641151671],[-71.11051700576907,42.335402683615946],[-71.11053298619119,42.33532981406151],[-71.11059148288982,42.335249436038744],[-71.11096922415584,42.334874392639534],[-71.11111570116346,42.334733452256984],[-71.11133881977223,42.3345999731615],[-71.1115677203059,42.33437441323099],[-71.11176543890689,42.33416792377307],[-71.11195753846539,42.334026686224945],[-71.11205331456708,42.33390168872641],[-71.11219153091062,42.33380114222632],[-71.1123897662341,42.33352947222851],[-71.11265827929888,42.33307545930612],[-71.11283330467342,42.33284836483673],[-71.11296856294005,42.332695230323345],[-71.11308803447939,42.33260362255224],[-71.11316610718988,42.332515656586715],[-71.11322350592584,42.332435273501325],[-71.1132548021171,42.33239702631374],[-71.11326542038533,42.33234718580573],[-71.1132348315067,42.33228955417509],[-71.11323285405332,42.332235890060325],[-71.1132713130502,42.33221684320635],[-71.11329741481379,42.33217479730053],[-71.11329281109366,42.332094205590174],[-71.11355866475691,42.330503831447245],[-71.11504005646704,42.32730816832079],[-71.1152719987637,42.326934962781905],[-71.11534649037081,42.32687561262314],[-71.1154455549175,42.3268255276249],[-71.11556303218391,42.32678018565182],[-71.11568077000373,42.326711886934675],[-71.11576135724177,42.326627618744325],[-71.11581126187649,42.32656116379962],[-71.11596475098945,42.32637936717769],[-71.11601469705417,42.32624602043645],[-71.11602301494268,42.32613486191114],[-71.11594524851023,42.325954363237166],[-71.11594803618884,42.32573488085219],[-71.11613393128924,42.32527058991194],[-71.11620847526446,42.325202146386225],[-71.11624603395718,42.325110621835755],[-71.11627166098405,42.324945953547335],[-71.11635292001017,42.324790383857575],[-71.11634731545705,42.324694213721784],[-71.11632933680129,42.32459791225124],[-71.11640404618352,42.324502010167514],[-71.11636202233294,42.3243094770132],[-71.1164248186363,42.32411729367894],[-71.11653702924559,42.32393904967235],[-71.11667347871253,42.32382498735459],[-71.11677268655227,42.32377031017569],[-71.11712491542859,42.323684515559954],[-71.11745252659118,42.32361691391381],[-71.11778617524101,42.323553922913504],[-71.11800854112616,42.32353629612425],[-71.11816926617512,42.32350018817606],[-71.11828032766736,42.32349137406167],[-71.11839786321384,42.32345512235385],[-71.118478617493,42.32338210646102],[-71.11847911455772,42.32329964113936],[-71.11850921804466,42.32311581089644],[-71.11887024386968,42.32285754370986],[-71.11943693324254,42.32273536081542],[-71.12007028695035,42.32280488814666],[-71.12152865047638,42.32388276024294],[-71.12336755316221,42.32257185010435],[-71.12371196763523,42.32271630501992],[-71.12427590657354,42.32184981592148],[-71.12714036378514,42.31865202434357],[-71.12872930205721,42.31681057298537],[-71.13060715504453,42.31456372486991],[-71.13186269915128,42.31317769715098],[-71.13279611642682,42.31177514155574],[-71.13445172025634,42.30910600004126],[-71.13650173878229,42.30620355465385],[-71.14009631682067,42.30217343578613],[-71.14688264051759,42.29727967734401],[-71.15036055586442,42.29549917088989],[-71.15211337867537,42.29458807824259],[-71.164702311607,42.30383041424068],[-71.17861159033544,42.29461025197368],[-71.1909044918419,42.28324819339357],[-71.19124910417713,42.28299136464125],[-71.19123050760298,42.282652712252194],[-71.19113140338229,42.28236453021462],[-71.19097459854812,42.28212417879025],[-71.19075338294302,42.2818409795693],[-71.19051014592539,42.281648380688985],[-71.19025239560996,42.281498416325235],[-71.18993031366396,42.28128966825655],[-71.18952912609126,42.281117887837055],[-71.18908496325957,42.28090871729555],[-71.18866238347336,42.28069960352317],[-71.18842599526005,42.2805710300061],[-71.18819875946042,42.28045517506347],[-71.1878085862745,42.280264512189305],[-71.18706011057402,42.28003478967209],[-71.18599052949553,42.27977159401161],[-71.18551136227101,42.27968214372078],[-71.18542391084556,42.27964139076149],[-71.18535784375577,42.279591243169335],[-71.1853166118979,42.27952036665949],[-71.18528782699406,42.27945762693553],[-71.18325747611583,42.275993543153064],[-71.18315968168012,42.27591332673993],[-71.18304772332549,42.27585341794517],[-71.18289534063601,42.275852997326766],[-71.18277967578483,42.275879686937834],[-71.18249520604834,42.27596550979742],[-71.18124170020828,42.27620565904506],[-71.18040693152737,42.27637016493322],[-71.17976478947037,42.27648748607441],[-71.17913879854966,42.2765989067676],[-71.17855281141917,42.27671034598866],[-71.17746141759245,42.27686807997283],[-71.17710868103498,42.276859166229805],[-71.17692428135756,42.276836860411095],[-71.1767813017799,42.27679882557604],[-71.17636396427748,42.27664468931415],[-71.17593184943412,42.27646476123437],[-71.1754438215639,42.27624307963991],[-71.17497201230293,42.276003525866585],[-71.17476432653464,42.275842144231966],[-71.17460498170145,42.27566307322426],[-71.17450958567511,42.27547220923229],[-71.1744383433735,42.27529932960822],[-71.17441574729762,42.275049161967885],[-71.17451313519499,42.274781418414825],[-71.17461054927723,42.274579216753914],[-71.17477209251736,42.27432957069469],[-71.17485332083514,42.274139296983115],[-71.1748700256856,42.274002318451394],[-71.17488669950616,42.273871371843285],[-71.17486340010224,42.273734370086174],[-71.17478483184014,42.27340661807279],[-71.17460253246819,42.27300114622233],[-71.17432739167248,42.2726167479538],[-71.17404020229831,42.27226580600489],[-71.17385883653651,42.27198664780889],[-71.17370639629661,42.27169325669715],[-71.17358273422606,42.27141417192491],[-71.17352658098864,42.27111385175099],[-71.17341209138432,42.2709134792004],[-71.17315357537484,42.27066975232496],[-71.17299127034732,42.27043350125799],[-71.1729534247385,42.27029753794755],[-71.17296397025757,42.27013326289452],[-71.17302222263879,42.27002620281307],[-71.17321588266144,42.26977665017211],[-71.17362211381105,42.2693705087956],[-71.17394086267316,42.26912131034506],[-71.1743079257413,42.26885793323329],[-71.17450135694699,42.26865123212051],[-71.17460860838499,42.26837271251007],[-71.1746004998316,42.26808702367466],[-71.17458243867353,42.26785109333115],[-71.17452599015341,42.26760794179555],[-71.17444068274875,42.267343281215894],[-71.17431655890482,42.2671786240967],[-71.17415373349706,42.26702087938716],[-71.17390441200618,42.266877293693376],[-71.17360677686962,42.26674779492094],[-71.17315520681474,42.266617857349345],[-71.1727948619571,42.26654426680339],[-71.17238608018339,42.2665085297151],[-71.17207854164627,42.26644328030601],[-71.17186728059616,42.26637119282348],[-71.17169455382884,42.26627787795103],[-71.17154132286481,42.266141584115786],[-71.17137903544992,42.26590533056118],[-71.17132317640971,42.26569143884341],[-71.17132423192649,42.265347796316014],[-71.16894908184933,42.26343422191704],[-71.1648574293531,42.26018144000346],[-71.16347683099627,42.25908983480135],[-71.15859346930735,42.255148199621836],[-71.15231241816572,42.258336327614835],[-71.14664273413854,42.25575585043185],[-71.14559724448769,42.25009645569652],[-71.1445792361213,42.24531727039321]]],[[[-71.13531775971256,42.24612262785503],[-71.13523637155768,42.24615784140063],[-71.13519144406361,42.24621621863357],[-71.13508166127797,42.24627943143084],[-71.13500802096205,42.24631583984255],[-71.13487238335092,42.24638680291039],[-71.13478526378718,42.24642821002936],[-71.13471239270491,42.24645723817651],[-71.13468876880854,42.24647741992454],[-71.13458612852534,42.24649960095059],[-71.13442943105727,42.2465451978159],[-71.13430972273594,42.24658533039386],[-71.13421528030243,42.24663571682965],[-71.13416445987342,42.24668615217619],[-71.13416357553231,42.24675538300976],[-71.13417114556678,42.246808435247985],[-71.13420848838382,42.24684672728029],[-71.13426287943868,42.24687048863239],[-71.13432903911117,42.246870699388026],[-71.1343923815592,42.24685514575173],[-71.13447058910273,42.24678337019166],[-71.13453884121648,42.246714894023626],[-71.13459636160245,42.246658267716164],[-71.13468585495477,42.246604534081236],[-71.1347661090695,42.24655599276623],[-71.13487590261508,42.246533114084734],[-71.13498776117159,42.24650934155665],[-71.13510703128112,42.246482081278195],[-71.13521811462307,42.2464245445283],[-71.13533024737283,42.246374123434286],[-71.13539534817099,42.24632661391217],[-71.13546429784337,42.246284068266554],[-71.13551628046514,42.24624200889557],[-71.13551853659055,42.246186827203445],[-71.1354848414222,42.24614629640698],[-71.13539835701852,42.24611955272185],[-71.13531775971256,42.24612262785503]]],[[[-71.13074903890559,42.22791115087279],[-71.13052546759113,42.228089863285476],[-71.13034692268434,42.22831625670764],[-71.13026611665374,42.22850434143157],[-71.13019132799307,42.22859530195061],[-71.13010077789298,42.2286677552505],[-71.12995564583042,42.228731299488445],[-71.1296735035267,42.22875361744786],[-71.12948557136397,42.228782090920596],[-71.12935577124549,42.22885450694361],[-71.12920247498123,42.22896745092539],[-71.12906834047192,42.229138706740024],[-71.12895379586179,42.22931578771938],[-71.12890565277274,42.22951063936187],[-71.1288892253236,42.22964734343645],[-71.12886359943701,42.22972054585914],[-71.12882975776466,42.22976932328675],[-71.1287750743444,42.22981902363438],[-71.12852308789968,42.22998656638981],[-71.12838153555467,42.230079290287385],[-71.12825178689668,42.230183576219574],[-71.12807841656654,42.230372169786975],[-71.12796183716634,42.23054420141929],[-71.12775486528606,42.23078139236479],[-71.12763233673975,42.23097600215309],[-71.12752963656139,42.231115307062296],[-71.1274197654344,42.231176081525234],[-71.12721993626123,42.23120739367395],[-71.1269965520812,42.23122710495054],[-71.12678128343643,42.23122640513496],[-71.12660879733633,42.23126365715094],[-71.12638889626923,42.23137061866567],[-71.12623936219853,42.231501036944486],[-71.12616419141325,42.23163466829116],[-71.1260498391394,42.23175646789696],[-71.1259515951849,42.23181727883823],[-71.1258141523087,42.231869228893466],[-71.1256067042015,42.23187728538981],[-71.12547741074101,42.231882625544486],[-71.12535182231686,42.23193749472294],[-71.12522973073976,42.232056567317144],[-71.12511906429701,42.232230686065115],[-71.12506355018978,42.23235852886797],[-71.1249728862858,42.23246879077284],[-71.1248807578061,42.2325398843171],[-71.12474482836029,42.232622268529724],[-71.12458338177488,42.23277884472428],[-71.12452400653854,42.23290379363582],[-71.12450313943751,42.23309288056649],[-71.12451063469142,42.23315691714956],[-71.12452989813009,42.233218111236816],[-71.12460785118601,42.233311098179136],[-71.12466170192752,42.23350538118188],[-71.12471529693002,42.233640602966304],[-71.1247185531771,42.23374540971944],[-71.12467885462894,42.23384125297603],[-71.1245878258887,42.234012644421746],[-71.1245172493964,42.23410586575097],[-71.12446155980659,42.234160602471974],[-71.12439637417037,42.23420270374901],[-71.12423378809231,42.23428500010918],[-71.12405329643644,42.23432222208635],[-71.12381063797618,42.23432142701678],[-71.12360717880183,42.23428879897813],[-71.1233764793292,42.23425311017299],[-71.12311031838385,42.234231889489955],[-71.12293794351821,42.23424869932662],[-71.12273777285736,42.23431502463701],[-71.12263952175994,42.23437583271443],[-71.12260402499294,42.234436847064835],[-71.12259879745541,42.23464336102425],[-71.12256608367255,42.23476596572321],[-71.1224840682538,42.23484672390639],[-71.12246393974945,42.234931016756335],[-71.1224749806858,42.23505034415767],[-71.12251722557129,42.23519894422769],[-71.12261833265597,42.23530983477321],[-71.12263766461687,42.23537967235885],[-71.12267264148474,42.23540607639964],[-71.12275467748229,42.23542372203934],[-71.12296530448666,42.235575756219035],[-71.12326953013435,42.23577752426604],[-71.12333946905659,42.23585337982931],[-71.12347812245095,42.235925769507105],[-71.1236710594875,42.236078644645424],[-71.12408429362135,42.23638835486814],[-71.12423589195902,42.2365459553132],[-71.12445731251583,42.23686097808748],[-71.12454574334984,42.23714936646673],[-71.12461160153401,42.23726013988998],[-71.12468936762664,42.237365100196584],[-71.12476337681973,42.237429354173806],[-71.12485311781592,42.23747628354518],[-71.12538052413932,42.23767877507967],[-71.12554045154329,42.23778112192537],[-71.125625309069,42.237855044038646],[-71.12568077047,42.23790087060479],[-71.12570007103812,42.23795621254319],[-71.12576901859491,42.238200871358195],[-71.12587356725678,42.238407833168914],[-71.12595090647089,42.23856518919819],[-71.12602450612987,42.23869930500621],[-71.12607882356603,42.238795454931065],[-71.1261407401035,42.23891791860877],[-71.12629605702571,42.2390631940973],[-71.12637665134507,42.23916195028338],[-71.12593113941612,42.239389447931465],[-71.10934735586358,42.2479902296718],[-71.10954446309115,42.255412318015175],[-71.11307772029602,42.25875397375897],[-71.11314989015322,42.25882390065145],[-71.11326267900537,42.258712192439745],[-71.11336674327141,42.25863988816298],[-71.11350554907423,42.25853465948979],[-71.11369103917693,42.25842544631367],[-71.11386606547194,42.2583029631436],[-71.11402068458814,42.25818797368268],[-71.1142153696372,42.258041247784824],[-71.11442494348117,42.257897362504636],[-71.11457752130046,42.257798841047105],[-71.11459883821084,42.257761189754916],[-71.11483125430547,42.257587580252284],[-71.1150593784249,42.257402071841305],[-71.11520813571622,42.25727373658554],[-71.1152945654377,42.257190837869565],[-71.1153224081469,42.25713619250978],[-71.11530479450796,42.25706302859694],[-71.11524599681333,42.256986305516044],[-71.11520602153449,42.256903433368585],[-71.1151849704736,42.25683755039784],[-71.11520620615225,42.25671337923986],[-71.1152883405187,42.25655934189392],[-71.11539344175493,42.25637513111289],[-71.11553384303019,42.256145392883404],[-71.11561602545511,42.25602313628355],[-71.11566350109749,42.25594838968356],[-71.11569345332646,42.25592544208601],[-71.11577400784174,42.25583171964848],[-71.11582875063988,42.25575762751209],[-71.11588767650524,42.25569318262684],[-71.11596878350984,42.255628181688394],[-71.11614627881312,42.25551623686614],[-71.11636644302611,42.25534249323102],[-71.11643773575994,42.25523694535572],[-71.11655305542583,42.255145589267165],[-71.1167262795702,42.25503813081629],[-71.1168493369995,42.25494968124132],[-71.11690885266766,42.25490765543962],[-71.11698694155642,42.25484039294135],[-71.1170724395256,42.254770364148754],[-71.11716926584303,42.254690739780536],[-71.11723677228376,42.25464991085101],[-71.11730161749934,42.25458818588913],[-71.11737503029346,42.254572675191675],[-71.11760256607016,42.254401294541154],[-71.11769469533247,42.254316612364924],[-71.11782708129444,42.254228192800575],[-71.11796758073316,42.25412062354039],[-71.11804415995445,42.254042101458396],[-71.11815686894117,42.25396090853784],[-71.1182187133085,42.25389413135538],[-71.11828610039366,42.25377227377322],[-71.1183546860504,42.253652580870714],[-71.11852805189538,42.25343987426221],[-71.11860777751677,42.25332156867712],[-71.11868558019039,42.253260966337834],[-71.11877362145451,42.253150250833265],[-71.11887914149898,42.25303482165435],[-71.11892954272835,42.252956212071986],[-71.11903170633283,42.25285472637199],[-71.11918633903063,42.252733697897],[-71.11938788323681,42.25257006014568],[-71.11954345601336,42.25247388278448],[-71.1195990501677,42.25241824794734],[-71.11970424137976,42.25231677167624],[-71.119860233717,42.25225147581436],[-71.11995964092743,42.25218482204929],[-71.12006351814993,42.2521204337588],[-71.12019289320718,42.25206801378367],[-71.12033963760774,42.25204932259504],[-71.12048993608002,42.252023980693366],[-71.12070098000454,42.252053938102335],[-71.12077185118228,42.25205750335528],[-71.12083776362675,42.25205943163513],[-71.12088994325804,42.25206788677438],[-71.12092054722254,42.25207717096059],[-71.1209983155501,42.25208246943014],[-71.12108315602035,42.25208049869925],[-71.12118485416012,42.25207633276058],[-71.12128758899371,42.25206091631096],[-71.12145599369052,42.25202716998161],[-71.12163717277198,42.25198500261699],[-71.12182915046351,42.2519608766816],[-71.12201770486358,42.25194178087583],[-71.12216548860492,42.25193155366553],[-71.12229754924383,42.25193648973215],[-71.12235943258473,42.251943445604084],[-71.12242103607947,42.251936355729754],[-71.12251931298307,42.25189616506987],[-71.12263341031132,42.251844772486834],[-71.12275168179073,42.25180464734657],[-71.12287926743639,42.25176734363215],[-71.12297570947061,42.2517299375074],[-71.12307583661394,42.25168417054297],[-71.12314766713475,42.25160788022888],[-71.12319346900176,42.251486489082936],[-71.12321029031715,42.251408847773256],[-71.12321960411504,42.25130984453947],[-71.12324164818504,42.25120980271109],[-71.1232724783518,42.251119873149435],[-71.12331741555136,42.251021526975094],[-71.12337050322178,42.25087711178366],[-71.12339602954083,42.2507416092319],[-71.1234356940626,42.25061281531972],[-71.12348155539155,42.25050159770882],[-71.12352001856911,42.25041178313439],[-71.12360180371311,42.25031175705113],[-71.12371971795484,42.25018835130343],[-71.12380322060744,42.25012551340179],[-71.12388873448927,42.25007087482603],[-71.12398831114126,42.25003563885609],[-71.1241362822801,42.25003387262471],[-71.12427664911718,42.25002703959479],[-71.12436416277882,42.25002336461224],[-71.12443562971582,42.25000784304306],[-71.12451709176243,42.249962013758584],[-71.12456175312074,42.249909761924556],[-71.12458985259424,42.24985079364223],[-71.12459950407269,42.2497557527321],[-71.12461119141288,42.24964433287988],[-71.12461765745273,42.24953469656715],[-71.12461450668741,42.24941197434825],[-71.12458724626086,42.24930889002578],[-71.12459316531591,42.2492302224995],[-71.12459061526884,42.24912883952693],[-71.1245891161249,42.24899324829952],[-71.12459586586243,42.24883571653589],[-71.12460930601969,42.24871475913533],[-71.12464516092456,42.24861476215681],[-71.12470791130413,42.248536190382154],[-71.12479202502631,42.24845147627249],[-71.12488736777179,42.24837355109907],[-71.12500783199276,42.248268698673954],[-71.12510149373934,42.24818806690774],[-71.12519505529458,42.248062869504324],[-71.12524720132566,42.24797408933169],[-71.12530249080022,42.247886489794205],[-71.12535846494133,42.24782653191236],[-71.12546384721081,42.24771037593741],[-71.12553172803466,42.24762452794975],[-71.12558019273507,42.24756391524777],[-71.12566700110025,42.247494424480074],[-71.12579134150933,42.24736878675303],[-71.12585337069035,42.247309298517905],[-71.12589606481184,42.24724083419547],[-71.12597668623575,42.24717240339973],[-71.12611427781712,42.24705977292453],[-71.12628379214453,42.24691735598588],[-71.12644554384617,42.24677608393691],[-71.1265716824234,42.24665324216297],[-71.12673879906492,42.246526662168705],[-71.1268914710317,42.246383649380086],[-71.12703745658857,42.24626483294842],[-71.12709795835026,42.246238020252804],[-71.12723069477249,42.246146709960826],[-71.12736841630226,42.246031827627135],[-71.12748762165337,42.24591292369022],[-71.12756559243398,42.24580009798608],[-71.12762652779652,42.24567875407505],[-71.12765001750874,42.245578625981004],[-71.12766893499466,42.24547299117196],[-71.12762843531449,42.245354109173334],[-71.12760501047845,42.24523699313359],[-71.12757579031916,42.24515758119603],[-71.12751959207553,42.245091496308824],[-71.12742706151307,42.24504284949157],[-71.12732732977346,42.2450030922723],[-71.12724815327664,42.244970784238575],[-71.12714896429087,42.24490059820855],[-71.1270682284974,42.24482443997519],[-71.12699245687485,42.244707783943106],[-71.12699263314018,42.24457489901885],[-71.12700954261986,42.24443999775228],[-71.12704881418455,42.24433487930647],[-71.12710216225754,42.24420558827845],[-71.12715178309207,42.24407133342156],[-71.12720632915303,42.243944297002],[-71.1272405528616,42.24385266671545],[-71.12729423753746,42.243769022317096],[-71.12737070392302,42.24364376756692],[-71.1274541479113,42.24346514711951],[-71.12754986927048,42.243279724097455],[-71.12762842182981,42.243129177268294],[-71.12768984868036,42.2430062143104],[-71.12774428011245,42.242898353815676],[-71.12780329919065,42.24279329912473],[-71.12784245168699,42.24272869388041],[-71.1278833783952,42.242609535675825],[-71.12797220719912,42.24248324020967],[-71.12802614443441,42.242356201399296],[-71.1280747761847,42.24222473385944],[-71.12809918177952,42.24211272450852],[-71.12806416021549,42.242010335980176],[-71.12800620056561,42.241914445361],[-71.12793396037527,42.241815717467574],[-71.12782957608977,42.24172309744452],[-71.12766975303046,42.241621294431575],[-71.12756666735606,42.24161708869396],[-71.12767424172976,42.24157908451147],[-71.12774166768415,42.24154842259929],[-71.12783145924598,42.241526206033605],[-71.12792129262606,42.24151749416434],[-71.12802381288105,42.241494148304724],[-71.12812580111988,42.24156146171848],[-71.12824530436222,42.241658631982176],[-71.12833982621446,42.241738885466596],[-71.12843148458094,42.241873598275845],[-71.12846467106233,42.24199974890141],[-71.12846597875622,42.24212804711129],[-71.1284400131716,42.24221691355772],[-71.1283870210985,42.242327570006594],[-71.12832361989334,42.24247762624156],[-71.12822763380508,42.24266746057987],[-71.12814465076261,42.24285067467232],[-71.12812072433756,42.24296358587885],[-71.12805729123545,42.24305692241663],[-71.12801437541981,42.24314339303075],[-71.1279598085238,42.243212449914964],[-71.12791344383108,42.243308452581346],[-71.12783349157287,42.24342919485277],[-71.1277513756307,42.24358819315721],[-71.12764448645711,42.24373585719151],[-71.12755908811366,42.24389655529092],[-71.12749464422377,42.24401725760095],[-71.1274405954863,42.24416284211924],[-71.12740764862691,42.244264019871814],[-71.12738463680468,42.244365319892694],[-71.12732906859416,42.24446012203303],[-71.12726376660862,42.244561734883455],[-71.1272494557246,42.24466693444906],[-71.12724767482095,42.24476371180009],[-71.12727960092666,42.24481558318373],[-71.12736169532705,42.24484619008355],[-71.12745959082599,42.244868475337086],[-71.12751640576491,42.24491205455396],[-71.12759363041405,42.24494660684137],[-71.12766357400861,42.24500364316491],[-71.12773583631589,42.24505789600868],[-71.1277879627922,42.24515709892675],[-71.12787508384973,42.24526037661731],[-71.12792249834796,42.245357313424776],[-71.12796060307585,42.24545079886886],[-71.12796891764349,42.24552059968899],[-71.12795919892804,42.245628064973],[-71.12796448562447,42.24573891002379],[-71.12794028716951,42.24581535778033],[-71.12790591451224,42.24587043525447],[-71.12788533241194,42.24592942874457],[-71.12783401500077,42.24600182721352],[-71.12772172416918,42.24609887644616],[-71.12758898590937,42.24619063745216],[-71.12751272960797,42.24625908354668],[-71.12743790760513,42.246330865384344],[-71.12733339750677,42.24642334791526],[-71.1272341323035,42.246530522400235],[-71.12713480743878,42.24664778005297],[-71.12697052749286,42.246765996973465],[-71.126850210691,42.24686743077727],[-71.12670909677936,42.246981761264585],[-71.12659881444273,42.24706639167467],[-71.12647393810181,42.2471599775735],[-71.12634121718968,42.247268662975124],[-71.12626073219351,42.24735510062528],[-71.12616796437807,42.24742844375883],[-71.12605720541262,42.247511451540255],[-71.12597818280214,42.24757583621312],[-71.12592556350927,42.24762185055824],[-71.12586393800379,42.24767449780607],[-71.1257599022818,42.247747443763075],[-71.12565835246211,42.2478303011169],[-71.12557701441521,42.24791727568698],[-71.12551627792122,42.247983430262806],[-71.12547957853306,42.24802157362332],[-71.12542667305772,42.24807487929728],[-71.12537722831647,42.24813719931699],[-71.12533424756897,42.248212954995715],[-71.12528860674168,42.24828771163681],[-71.1252179080513,42.248378591997344],[-71.1251351044831,42.248467272049865],[-71.12506932906224,42.24854520396243],[-71.12502356704094,42.24861987006867],[-71.12496799483357,42.24867316681792],[-71.12493662450753,42.248732124517346],[-71.12489039475369,42.248824345039544],[-71.12487683446709,42.24894521204553],[-71.12487676279956,42.24903920392511],[-71.12488426744981,42.24912250689811],[-71.1248986043356,42.24919799951657],[-71.1248992552841,42.24927227701712],[-71.12490412768562,42.24934989944714],[-71.12489573677524,42.24941631472778],[-71.12490032121184,42.249522115840094],[-71.12492233860081,42.24963076485927],[-71.12490848202745,42.24976072398834],[-71.12488177294072,42.2498714645703],[-71.12485411333267,42.249958523952536],[-71.12482675196885,42.2500361310735],[-71.12478804870119,42.25008498131319],[-71.12472172058071,42.2501331110279],[-71.12466202234681,42.25016667739942],[-71.12457105898906,42.25017988458733],[-71.12442879681018,42.2501997662353],[-71.124331804883,42.25020782175993],[-71.12419228320886,42.250235544757125],[-71.12404944687847,42.250270459190155],[-71.12393875667082,42.25032015375912],[-71.12385741212559,42.25038687014991],[-71.12377542005547,42.2505013906838],[-71.12370490277401,42.25062216088916],[-71.12366429077969,42.25068612965634],[-71.12363205695999,42.25076768186815],[-71.12360033997503,42.25088461784292],[-71.12356318722766,42.25101900194586],[-71.12353697709325,42.25112686285057],[-71.12352185918823,42.251203429427804],[-71.1235114330906,42.25132655727379],[-71.12348710385346,42.251444147647696],[-71.12348932851559,42.25151843029084],[-71.12351102687512,42.2515988988829],[-71.12358023229527,42.25163801907617],[-71.12368513317445,42.251686169274336],[-71.12381477582507,42.25166966836059],[-71.12392549937195,42.2516351892167],[-71.12399452485731,42.25162299105985],[-71.12414558478466,42.25159143475282],[-71.12427131784409,42.25155979536443],[-71.12436264248043,42.251526872865355],[-71.12445179484594,42.25149241266588],[-71.12453495317911,42.25144694904703],[-71.12462013933768,42.25138645686785],[-71.12471285052392,42.25136488249477],[-71.12475841300966,42.251344774508446],[-71.12484057876135,42.25132361571874],[-71.12495377932055,42.251300397518875],[-71.12505805296591,42.25127030771966],[-71.12513391663485,42.251249218169555],[-71.12518405391744,42.251234166672155],[-71.12526890643127,42.25122994212329],[-71.12539324067492,42.25122971766382],[-71.1255324482358,42.25121441642169],[-71.12568693076389,42.25119808444472],[-71.12584024496675,42.2512154199411],[-71.12591560340698,42.25123880340314],[-71.12603751044033,42.25128025455878],[-71.12616387102067,42.251326851836374],[-71.12625304329491,42.251370987119024],[-71.12632417630074,42.25141227266738],[-71.12639969205878,42.25145015126604],[-71.12648598181381,42.251489955511516],[-71.12654147922908,42.25149067623499],[-71.12659414152661,42.251478963472806],[-71.12664579858094,42.251452752473156],[-71.12669562516056,42.251428696235536],[-71.1267407269927,42.25138382752144],[-71.12680840854706,42.251332189854146],[-71.12692072800674,42.251293841693666],[-71.1270305484894,42.2512682696663],[-71.12717909612577,42.251251376217915],[-71.1272890019759,42.251273070343956],[-71.12740307297385,42.251307742304064],[-71.12749830034686,42.25131147247989],[-71.12756325283308,42.25131168320272],[-71.1275935790315,42.251285852732266],[-71.1276100848495,42.25124035073262],[-71.12764401143804,42.25119985692106],[-71.1276652691261,42.251149958819674],[-71.12771328526004,42.251103928776104],[-71.12779996076635,42.25105748386548],[-71.12789974755422,42.25104826406847],[-71.12797424878494,42.25107326395274],[-71.12802116620382,42.25111113884228],[-71.12806752832815,42.25118169306042],[-71.12808805704486,42.25125594486609],[-71.12813070926022,42.251318564336145],[-71.12819039967704,42.25136881473182],[-71.1282610181148,42.25137408512825],[-71.12832430371624,42.25136924830366],[-71.12840866985391,42.251323965859015],[-71.12849853541495,42.2512707784457],[-71.12856819967541,42.25121140351995],[-71.12866675031661,42.251164996375685],[-71.12874221773897,42.25110789088117],[-71.12881361385489,42.251063106380855],[-71.12889529808079,42.25099971873534],[-71.1289712819136,42.25095782994866],[-71.12904271462493,42.2508860362114],[-71.12912940309187,42.2508164524489],[-71.12919966530824,42.250758249469236],[-71.12929495927901,42.250709040315144],[-71.12934130056212,42.25065904283245],[-71.12941172947833,42.25061371465246],[-71.1294689838344,42.25052107778604],[-71.12950447498996,42.250440704867586],[-71.12951805227497,42.2503569300867],[-71.12950069648974,42.25027863738581],[-71.12946761078271,42.25019633256297],[-71.12941855549815,42.25010956467693],[-71.12939383439726,42.250026746644856],[-71.12939444936306,42.24992159274594],[-71.12939081004191,42.24983938294655],[-71.12943433396559,42.24977371097919],[-71.1294703644093,42.24972539074051],[-71.12952447359584,42.249631663313984],[-71.12956224706738,42.24955462886784],[-71.12961161302628,42.24950527124315],[-71.12965413761648,42.24944463768661],[-71.12969042303378,42.24937336036299],[-71.12972660455233,42.24929911167795],[-71.12974028932477,42.24921758796939],[-71.12974652690883,42.24912478639866],[-71.12973229860185,42.24905046515305],[-71.12971599403627,42.248978928160696],[-71.1297368281023,42.24889742750658],[-71.12975794043089,42.24883051272495],[-71.1297799163994,42.24878169690284],[-71.12984476570573,42.24873689063994],[-71.1298915795393,42.24870940213164],[-71.12993679178251,42.248644905806415],[-71.12995944412773,42.24856323090764],[-71.12995770614651,42.24848732938778],[-71.12997867405633,42.24840357834642],[-71.12999941876252,42.24833729254583],[-71.1300165389537,42.24824839734186],[-71.13001512792441,42.24819950609735],[-71.12999872811811,42.24814426439304],[-71.12999910237178,42.24808016370402],[-71.13002253933789,42.2480300921081],[-71.13006247165056,42.247977372739925],[-71.13008137886139,42.247935209241],[-71.13009379522856,42.24788402174914],[-71.1300896497106,42.247826118615855],[-71.13007528750697,42.247753957701555],[-71.13007658601354,42.24763530134604],[-71.13009340133522,42.247577825872874],[-71.13011785187847,42.24754090201053],[-71.13016094703907,42.24752753623753],[-71.13022188312041,42.24755087043518],[-71.13028779753229,42.24761401422837],[-71.13035424232243,42.2476901241193],[-71.1304127319538,42.247738208795006],[-71.13046436791426,42.24775638116837],[-71.13050433880844,42.2477593007768],[-71.13054700182877,42.2477369303928],[-71.13062965514908,42.247693351377734],[-71.13071541371127,42.24769911914613],[-71.13080905378776,42.24770401188917],[-71.13088308742641,42.24770479013404],[-71.13098564595657,42.24767640002855],[-71.13105232040604,42.24765077549798],[-71.13112329821645,42.24761445109637],[-71.13125117812679,42.247607569432525],[-71.13136496633732,42.24760676446923],[-71.13144596873623,42.24761773820346],[-71.1315400905661,42.247602284946886],[-71.13164162669042,42.247603781184935],[-71.1317440539289,42.24759789766991],[-71.13180952044482,42.24757154857969],[-71.13184857626354,42.24750253021389],[-71.13190617454609,42.24743303110478],[-71.13196166427272,42.24735101093147],[-71.13201961650873,42.247262246317035],[-71.13206306746504,42.24720836713087],[-71.13212916714824,42.247135473985416],[-71.13221260832607,42.247081092665326],[-71.13233192249044,42.247046632946116],[-71.13248858720516,42.24700716092614],[-71.13258823211123,42.24697939027907],[-71.1326334551774,42.24695414632941],[-71.13266511198991,42.2468861843736],[-71.13274590904125,42.24682792288245],[-71.13288087197351,42.246748497273224],[-71.13302576509257,42.24669098072411],[-71.13313541800342,42.24667161445516],[-71.13325435353676,42.2466186062317],[-71.13338005603649,42.24658974774032],[-71.13347396722138,42.24658941739694],[-71.13352693106258,42.24656653860925],[-71.1335535783886,42.24654744711945],[-71.13359840486955,42.246548760598685],[-71.13359449183828,42.24638723292023],[-71.13360296161017,42.246326489186366],[-71.1336084473889,42.24625790325091],[-71.13365836412804,42.246196121385594],[-71.13375086398439,42.24614635942235],[-71.1338619437663,42.24613149855177],[-71.13393813586272,42.246114905778384],[-71.13406329726804,42.246095588076315],[-71.13418777479642,42.246089772673784],[-71.1343078252424,42.24609519687984],[-71.13444858662038,42.24612328463342],[-71.13457483093471,42.246084253084774],[-71.13469243363294,42.24600981180797],[-71.13476854410708,42.24594424148755],[-71.13483881368248,42.24590395118295],[-71.13490134665986,42.24583941795404],[-71.13498860119316,42.24577442311296],[-71.13504065474098,42.24572002996369],[-71.135084556298,42.2456503956775],[-71.1351061778039,42.245557012464445],[-71.13511397251713,42.24546592609824],[-71.13515512269832,42.24539007091381],[-71.13517725387277,42.24533441219824],[-71.13522378789685,42.245312592562975],[-71.13534036041736,42.245290455225856],[-71.13544726164466,42.2452644157353],[-71.1355692477515,42.24524904766556],[-71.1357134723107,42.24522249619082],[-71.13583142907935,42.2451913596709],[-71.13594545833301,42.24519001076119],[-71.13602929202243,42.245213954683955],[-71.13612415748439,42.24525810040639],[-71.13615731755715,42.245286295110525],[-71.13617702242885,42.24537872913293],[-71.13618080490345,42.24545859841299],[-71.1361970758309,42.245515999577236],[-71.13623117596785,42.24554932899095],[-71.13631189859274,42.24556651053809],[-71.13638263240928,42.24557177632862],[-71.13642835860705,42.245563998447565],[-71.13646719848913,42.24553153031161],[-71.13648748520724,42.24548036704587],[-71.13647370059408,42.245390832812284],[-71.13647966288255,42.24530199132336],[-71.13647880958447,42.24523950726648],[-71.1364542977967,42.24520341733552],[-71.13645431058272,42.245158942174534],[-71.1364648576414,42.24507353637109],[-71.13650230636452,42.24500892282923],[-71.1365887794802,42.24495292737382],[-71.13671724101114,42.244885810889045],[-71.13692903415443,42.244824449723396],[-71.13714079747275,42.24474706259506],[-71.13730540049319,42.244695184856795],[-71.13743040367713,42.24463931049538],[-71.13755168769919,42.244598099272125],[-71.13769933505182,42.2445658841744],[-71.13786763701282,42.244545077923085],[-71.13802398857092,42.24451631103553],[-71.13814998514812,42.24447727477939],[-71.13828981001559,42.244435581034196],[-71.1384516244494,42.24438369286829],[-71.13863460378292,42.24433871344053],[-71.13880276871181,42.24429926901808],[-71.13897305070357,42.24424974756081],[-71.13910806598236,42.244222622680205],[-71.13932499353267,42.24417378752001],[-71.1396267535714,42.24412233730848],[-71.1397446966463,42.2440929073154],[-71.13991022929406,42.24406866821341],[-71.14007272601357,42.24404558975434],[-71.14027050138354,42.24401920045278],[-71.14042579183638,42.24400618235908],[-71.14053519514302,42.24400823557645],[-71.14061051912114,42.24401576391049],[-71.14064986953066,42.2440209288213],[-71.14068790938039,42.24400079096926],[-71.14072258513663,42.243975600852664],[-71.14075522371674,42.24396778028971],[-71.1408052905344,42.243984862745236],[-71.14089429353272,42.24399468446328],[-71.14095212779291,42.24400954038326],[-71.14107103663764,42.244001989527646],[-71.14120505924564,42.243978730403356],[-71.1413062707286,42.24395095709669],[-71.1414140984368,42.24391023993713],[-71.1415549375849,42.24388141978976],[-71.14169135406473,42.2438632993273],[-71.14182025265791,42.243867572907966],[-71.14193873354648,42.243871363696236],[-71.14202767895965,42.24386993050993],[-71.1421141153017,42.24390513195535],[-71.14217180457737,42.243967162930744],[-71.14224610969983,42.24404788202823],[-71.14230704457763,42.244093087294935],[-71.14232435635533,42.244117269480526],[-71.14236942541237,42.24418268219961],[-71.14240026040268,42.24423679671511],[-71.14246853544134,42.24429111786543],[-71.14254744503101,42.244328996459735],[-71.14262945952757,42.24435347008211],[-71.1427343912402,42.24439656130641],[-71.14281148310826,42.24443452409122],[-71.14291401804743,42.24449444344352],[-71.1430263301669,42.24458257273254],[-71.14315580932411,42.24465617029245],[-71.14328261093485,42.24473192012223],[-71.14339604530282,42.244793043305634],[-71.14353364052273,42.24486720582967],[-71.14361879076611,42.24489447942954],[-71.1437177023934,42.244909461464374],[-71.14374089678377,42.24492195769052],[-71.14394003840764,42.244954536444425],[-71.14413442757147,42.245035086504636],[-71.14429374372183,42.24508230621995],[-71.14439336108907,42.245101161179214],[-71.14451686277664,42.24513917653109],[-71.14454275795384,42.24514546883634],[-71.14267655451494,42.23597903898426],[-71.13074903890559,42.22791115087279]]],[[[-71.07938575062238,42.269507066960905],[-71.07939529668135,42.269511603454866],[-71.07942653632354,42.26955331201477],[-71.07948263766232,42.26957494474425],[-71.07954543819325,42.26957346410225],[-71.07958970795625,42.2695331123905],[-71.07962928548802,42.26950570789634],[-71.07977844499777,42.269514626636024],[-71.07993912115671,42.26954168346275],[-71.07999898031328,42.26956332968447],[-71.0800412282364,42.2696084994979],[-71.08001697764826,42.26964613364578],[-71.08004655961405,42.26970026019774],[-71.08018651804775,42.26970752420725],[-71.08038676309371,42.2696902499182],[-71.08054158028168,42.26965030171016],[-71.08061843320424,42.26963185601938],[-71.08064443430705,42.26960440159793],[-71.08062710156668,42.26958588202747],[-71.08047302085764,42.26956956390285],[-71.08044982217825,42.26955822532611],[-71.08046656272538,42.26953802959297],[-71.08056283289254,42.26949786746114],[-71.08067366976871,42.269472883582225],[-71.08080039125237,42.26950206598367],[-71.08100052421521,42.269538268405704],[-71.08116312673322,42.26951239254238],[-71.0812863379851,42.2694858326515],[-71.08148962762527,42.269502959238835],[-71.0816308889739,42.26947808530729],[-71.08173642354986,42.26941157697324],[-71.08181086110103,42.26935494870689],[-71.0818749293659,42.269289909791596],[-71.08202353947621,42.26921671569166],[-71.08225251088851,42.26901561014671],[-71.08236987149789,42.26890178814008],[-71.08240323439456,42.26884230918992],[-71.08247768907435,42.26878288960256],[-71.08250176806354,42.268697448049075],[-71.0824617913506,42.26867533523518],[-71.08151266595031,42.26902480053249],[-71.08085237501574,42.269321654296654],[-71.0803208555448,42.2694471064658],[-71.07985788168537,42.2694721527306],[-71.07938575062238,42.269507066960905]]],[[[-71.04460311709236,42.295894084440064],[-71.04450228959459,42.2959521144316],[-71.04444768310574,42.296058223756155],[-71.04442048188214,42.29618136743088],[-71.04441470828102,42.29630963776581],[-71.04443169485552,42.29649381715448],[-71.04447961397742,42.296659933052105],[-71.0445520449118,42.29684082103706],[-71.04460931362122,42.29698851771329],[-71.04464810188144,42.2971259676875],[-71.04463682784326,42.297226576900194],[-71.04461888749167,42.297343545205266],[-71.04463357631452,42.29744263676936],[-71.04467388464487,42.297554254046275],[-71.04473954676281,42.297631040012355],[-71.04481296244074,42.29770893702121],[-71.04503338748741,42.29790112449022],[-71.04523677916461,42.29803364404738],[-71.04543868867397,42.29817002867633],[-71.04569011280522,42.29833541843498],[-71.04587992967856,42.29845032724745],[-71.0459474128741,42.2984764326463],[-71.04599230663274,42.2984563532385],[-71.04601107454147,42.298426627373495],[-71.04642656136413,42.298273506291814],[-71.04643081668438,42.29823814118742],[-71.04638779558171,42.29809842439547],[-71.04631696996933,42.29806492357024],[-71.04628193551206,42.29804614895363],[-71.04628063640567,42.29799050510215],[-71.04627330226707,42.29789702469335],[-71.04630075606113,42.29782285811349],[-71.04628406812296,42.29774851721845],[-71.04620270248253,42.297595144365616],[-71.0461281843691,42.29743396586288],[-71.04610518925475,42.29724139022507],[-71.04609617612101,42.29704382811639],[-71.04608662165973,42.29690487359539],[-71.04605070408682,42.29675564148323],[-71.04598730389435,42.296583162963245],[-71.04590289182087,42.29636450582851],[-71.04581366626566,42.29617454926633],[-71.04574856204326,42.29605383129429],[-71.04562465219414,42.29594872606702],[-71.04550822520272,42.29588245337917],[-71.04540047772585,42.295874104422566],[-71.04530942834094,42.29588778885308],[-71.04520139761661,42.29588511050005],[-71.045137276376,42.295880985350244],[-71.04507763450462,42.295861032561575],[-71.04505151022605,42.295834460196126],[-71.04498392512312,42.295806103082235],[-71.04490990519933,42.29581256218172],[-71.04477423841992,42.2958418247558],[-71.04460311709236,42.295894084440064]]],[[[-70.95226374870143,42.313293915808885],[-70.95218962101032,42.31330931783316],[-70.95212482305175,42.31332593468618],[-70.95204323770436,42.313348053356954],[-70.95193928992225,42.31337510703909],[-70.95205771027226,42.31338575514969],[-70.95212699061501,42.313383834689795],[-70.95222430469312,42.313380427264015],[-70.95229990261913,42.313377366414954],[-70.95244440294978,42.313374003614705],[-70.95261391311679,42.313368148873316],[-70.9527804935385,42.31335039589423],[-70.95294649609973,42.31334335356297],[-70.95299617991711,42.3133210824121],[-70.9530246569859,42.31326827996902],[-70.95308506857252,42.31322580295667],[-70.95314609125006,42.31316874386525],[-70.95323321288373,42.31309542334948],[-70.9533363609543,42.31296419930438],[-70.95340038214322,42.31291102565603],[-70.95345451913944,42.31286464728954],[-70.95355085859029,42.31280541514251],[-70.95366646426014,42.312706390955775],[-70.95378181699891,42.312622580620555],[-70.9538889028182,42.31255493639165],[-70.95398157284619,42.31248506283624],[-70.95410746350984,42.31240292279313],[-70.95412622062744,42.31222520146235],[-70.95415685996466,42.31216061499573],[-70.95424052368236,42.31203785048863],[-70.95429391292278,42.311993628908084],[-70.95438845463931,42.31191755179869],[-70.95446431188181,42.3118701056777],[-70.9546048585412,42.31181837497446],[-70.95471775870396,42.311779567359835],[-70.95486718807207,42.311752726930656],[-70.95502441464654,42.31173600671178],[-70.95511518621419,42.311731395425305],[-70.95516166131782,42.311729365011566],[-70.95520025228652,42.3117272972027],[-70.95527379086722,42.31175186403778],[-70.9553630787216,42.31176462142821],[-70.95550167951762,42.31176977974784],[-70.95570968993839,42.31178598030701],[-70.9558896083033,42.311782330783835],[-70.95607103091133,42.31177301617149],[-70.95636076860697,42.31176430375391],[-70.9565502444392,42.31174944458552],[-70.95670591845403,42.311743968550026],[-70.9568553476977,42.31173117031128],[-70.95695449301657,42.31171192216349],[-70.95701737591625,42.31169196241521],[-70.9570622052357,42.31166966657448],[-70.95712582963031,42.311633954917106],[-70.95721567277698,42.3115961162995],[-70.95741154053529,42.3115430229037],[-70.95747367607181,42.31152531014257],[-70.9575668730382,42.3115207083719],[-70.95765950593938,42.3115111521813],[-70.9577520684116,42.31149565356504],[-70.95782508994013,42.31146736837057],[-70.95787108292849,42.31143661483017],[-70.957894384953,42.311420969402576],[-70.95791173894733,42.311405836096064],[-70.95792312819106,42.311364835871906],[-70.95793200521328,42.31133390722225],[-70.95792178517938,42.311309190632244],[-70.95792377417185,42.311289393284554],[-70.95793147706124,42.31126809236929],[-70.95795177029304,42.311235506986144],[-70.95798473505025,42.31119631910203],[-70.95800614867561,42.311174542664496],[-70.95802787452841,42.31115879974516],[-70.95802043035664,42.31113571680517],[-70.95800831461958,42.31111990430997],[-70.9579901773928,42.311099021699896],[-70.95796233315188,42.31109267825797],[-70.95792564349901,42.31107107791463],[-70.95787995711093,42.31103773114042],[-70.95779801496592,42.311002952863596],[-70.95773558464847,42.310956022438994],[-70.95762734012817,42.310989813269074],[-70.95756710169115,42.31099853200742],[-70.95754905835264,42.31099502567514],[-70.95752622501188,42.31098429428069],[-70.95750930631213,42.31096278713116],[-70.95747141227936,42.310926055814726],[-70.95744198579814,42.31090620018588],[-70.95741618345774,42.31088807224228],[-70.95740365450636,42.31086388488456],[-70.9573994569494,42.31084414836321],[-70.95740399709372,42.31082391291453],[-70.95740111446786,42.310806433366814],[-70.95738760685907,42.310797366527396],[-70.95736904909516,42.31079727890031],[-70.9573135412169,42.31080601984271],[-70.95729207242837,42.3108059184561],[-70.95726428163991,42.31079336298443],[-70.95723426734662,42.31077134379055],[-70.9571938714275,42.31075764839822],[-70.95713362765568,42.3107528622929],[-70.95709986056357,42.31077241947541],[-70.95705492611658,42.31080704902826],[-70.956983544416,42.310842183809896],[-70.95687565812612,42.31086247103563],[-70.95672185280984,42.31083419464847],[-70.95654818111153,42.3108169879023],[-70.95634696466469,42.31077273143422],[-70.95615329273099,42.31071158456163],[-70.9559783866621,42.31065457757782],[-70.95583720187854,42.310583415142084],[-70.95567309469762,42.31046964950269],[-70.95559704254238,42.310370795738564],[-70.95560547385308,42.31034949842278],[-70.95563131334227,42.31032090106064],[-70.95563461192471,42.310289946151386],[-70.9556090235188,42.310275239973215],[-70.95553353681225,42.31027992406102],[-70.95549816845558,42.3102740845527],[-70.95547807692282,42.31025490285929],[-70.95547824107953,42.31023581714426],[-70.95548941438315,42.3102059799194],[-70.9555017177409,42.310185781324996],[-70.95546494610448,42.31015976829625],[-70.95542083971532,42.310140382763315],[-70.95537289045551,42.31013061227799],[-70.9552966982028,42.31004814321496],[-70.95525029602548,42.3099572624107],[-70.95520711039143,42.30988728394189],[-70.95520962664769,42.30982040310847],[-70.9552268207129,42.30978159138568],[-70.95519307703991,42.30975613280445],[-70.9551438377215,42.30975535916891],[-70.95508211053541,42.30976803089232],[-70.95502040812366,42.309777821719734],[-70.9549729203364,42.30977084420346],[-70.95493295257516,42.309763902336876],[-70.9549065499869,42.309759275568744],[-70.95488348540081,42.30976141692687],[-70.95486638844321,42.3097748404197],[-70.95486613650688,42.30980409918242],[-70.954875204212,42.309821608141306],[-70.95492239823228,42.309890885505695],[-70.95484854995588,42.30988846449308],[-70.95480406138498,42.30989941723258],[-70.95476075546885,42.30991388676108],[-70.95473299492619,42.309926089239674],[-70.95472682370871,42.30995252896491],[-70.95472329186875,42.30996826756782],[-70.95470312842791,42.30998563783367],[-70.95465463158455,42.31002538129914],[-70.95459777567366,42.31006391467317],[-70.9545557373885,42.310100177554915],[-70.95454636286574,42.31013236402614],[-70.95454136645647,42.31016322081812],[-70.95454416061486,42.310190873485595],[-70.95453640862567,42.31021775584959],[-70.95451291200717,42.31024186255786],[-70.95443658608212,42.31031577549857],[-70.95439492020361,42.31036509453046],[-70.95438241266864,42.31038079050645],[-70.95437910390544,42.310398780922824],[-70.95440765144104,42.310421964304105],[-70.95442640745259,42.31042718509707],[-70.95443696968414,42.31045424443057],[-70.95445349023942,42.31049366624541],[-70.95445624093027,42.310526360422045],[-70.95444863342858,42.31055054254569],[-70.95444077945787,42.3105751736518],[-70.9544342245179,42.31058981752474],[-70.95444338480365,42.31061065808761],[-70.95445406809557,42.31062367321533],[-70.95446451423786,42.31063605700183],[-70.95446780829225,42.31066200145969],[-70.9544659790953,42.310677207951855],[-70.95445909002399,42.31070247385356],[-70.954463674853,42.31073346615378],[-70.95447087044118,42.310757088336175],[-70.95446761005378,42.310783541861966],[-70.95445549530582,42.31080995335361],[-70.95443810677929,42.310843092103845],[-70.95443009707478,42.31085763903886],[-70.95444260445086,42.31087012264287],[-70.95446243361374,42.310877509258404],[-70.95449012713657,42.31087313919133],[-70.95452407949729,42.31086033594809],[-70.95455019620388,42.3108559583819],[-70.95456588668692,42.31086503591724],[-70.9545795441938,42.310884817445384],[-70.9546024450797,42.3109158066382],[-70.95454201160507,42.31094712055262],[-70.95447091981107,42.3109765832269],[-70.95441514965462,42.31100161706877],[-70.95442584284358,42.3110416414305],[-70.95442537734498,42.31109565759163],[-70.95441589269181,42.31111244828812],[-70.95439997897672,42.31114334326734],[-70.95437478954062,42.31118085646946],[-70.95432979923747,42.311235831616294],[-70.95428626903433,42.31129027349518],[-70.95424111903176,42.31133561457262],[-70.95419464461209,42.31136573416808],[-70.95416348187314,42.31139259534021],[-70.95406996440381,42.31144842024818],[-70.95398370016768,42.31149302571631],[-70.95388617488663,42.31153532684045],[-70.95375925747919,42.31158198970722],[-70.95361370418306,42.31163756689184],[-70.95354736574554,42.31166426064723],[-70.95346864580975,42.31166388629702],[-70.95342395120868,42.3116563812495],[-70.9533840943608,42.3116364749708],[-70.95336337166272,42.31160612611364],[-70.95334980222272,42.311576171402166],[-70.95333492803819,42.31150065498984],[-70.9533160846245,42.31142124837538],[-70.95328817844742,42.31133783729409],[-70.95326116961235,42.31127693812914],[-70.95321861039153,42.31124693550332],[-70.95315988109284,42.311221267417245],[-70.95312374039199,42.311192465696244],[-70.95302909365017,42.311154292415445],[-70.95297399325528,42.311115767125756],[-70.95291140698845,42.31107324482358],[-70.95285814091363,42.31103301762768],[-70.95278112562004,42.310989886369235],[-70.95266947815533,42.31095397262853],[-70.9525509269454,42.31094494504976],[-70.95242471467591,42.31095217638902],[-70.95233212365727,42.310970911685324],[-70.95225032197996,42.31100437332817],[-70.95217747330543,42.311040488481524],[-70.9520591960081,42.311097904310145],[-70.95196626877741,42.31115544091274],[-70.9519148782518,42.31120687340731],[-70.95182850665681,42.31123572139278],[-70.95177789802347,42.311224856357775],[-70.95173183217098,42.31119366605061],[-70.95165830575006,42.31116792659628],[-70.95158919746297,42.31116426568467],[-70.95152428024907,42.31118088162769],[-70.95149792881453,42.31122631135709],[-70.95144282026013,42.31128681898982],[-70.95141258105879,42.311360949913066],[-70.95139355036935,42.31141541762777],[-70.95134040643866,42.31147314363953],[-70.95130003303538,42.31151292447628],[-70.95122395077138,42.311558116681056],[-70.95114625347901,42.31157971309679],[-70.95107563568322,42.31159621153065],[-70.95101567192481,42.31160105683568],[-70.95096457226938,42.31161881883932],[-70.95112925061942,42.31162410702103],[-70.95116154873097,42.3116343447084],[-70.95121501869951,42.31165098563726],[-70.95127505418857,42.31166585727827],[-70.95131899027514,42.311704870260954],[-70.9513188193989,42.31172458615249],[-70.95129847585947,42.31173457245041],[-70.95125066639075,42.311736594930714],[-70.95121573875826,42.31172184318052],[-70.95117582871177,42.31170814799241],[-70.95112968896717,42.31169946475169],[-70.95107582963847,42.31169974768195],[-70.95101980525715,42.31171190428736],[-70.95093060426727,42.31173119483706],[-70.9508537421953,42.31174037081942],[-70.95073156389012,42.31175779304417],[-70.95057880995668,42.31177614933038],[-70.95045857221746,42.31179358054318],[-70.9503585777941,42.31178463944738],[-70.95026763591794,42.31178087331514],[-70.95020771648754,42.311780586665456],[-70.95014928083614,42.31179102072938],[-70.95007686338015,42.31179121439555],[-70.9499873723513,42.31178799516804],[-70.94989956932504,42.311799909097836],[-70.94985201173925,42.311800851834775],[-70.94974135287205,42.31179077877981],[-70.94958425235069,42.31179281738769],[-70.94950194580467,42.31181430058754],[-70.9494697181702,42.31183782426014],[-70.94943363799412,42.3118719530818],[-70.94938840117395,42.31191288034864],[-70.94934437081625,42.311982443120826],[-70.94932571222547,42.31203574188019],[-70.94931278265923,42.31208582698653],[-70.94933467102113,42.31213535869003],[-70.94937111711066,42.312198644797874],[-70.949433620747,42.31223657706615],[-70.949510193107,42.31228871150158],[-70.94958804194856,42.31233355951771],[-70.9496890442608,42.3123801389076],[-70.94980236410615,42.31243307932397],[-70.94993381367502,42.31252148844109],[-70.95005595495093,42.31257834214379],[-70.95020135088234,42.31263926831872],[-70.95029647798049,42.31269203117157],[-70.95041081787306,42.312753348705805],[-70.95051364967824,42.31281290051817],[-70.95059862687283,42.31287515782971],[-70.95071640743718,42.31293144978918],[-70.9508621301864,42.31298283343446],[-70.95097559368811,42.31303343256822],[-70.9510764039424,42.313074427906784],[-70.95115734067694,42.31312712225427],[-70.95127669950423,42.31316937639583],[-70.95141989670219,42.31320436169861],[-70.95159538329011,42.31323670996275],[-70.95175151083495,42.31326338370766],[-70.95194719730557,42.31327440051568],[-70.95212858035931,42.313270223662116],[-70.95226107613725,42.313252308937585],[-70.95232216185686,42.313244137192406],[-70.95226374870143,42.313293915808885]]],[[[-71.00924999140366,42.30550268383316],[-71.00933513279699,42.30548729211054],[-71.00939952900849,42.305503862566646],[-71.00942029670087,42.30554725584065],[-71.0094266210916,42.305623268472374],[-71.0094311156036,42.30573195431319],[-71.00945493562055,42.30578841501235],[-71.00953020703203,42.305857249429344],[-71.00959519310175,42.30595430943342],[-71.00964778385675,42.30611712869533],[-71.00966781787598,42.30619265962374],[-71.00964111152769,42.30624260253852],[-71.00960944990977,42.30629027354065],[-71.00961018003265,42.30641523878651],[-71.00964098287736,42.30668204013165],[-71.00966007014871,42.306911158778135],[-71.00965003588622,42.30704787204799],[-71.0097294987884,42.30726482409895],[-71.00976130499281,42.307386500747455],[-71.00983525215143,42.30745433894908],[-71.01000009097567,42.30762609959076],[-71.01026683928542,42.307998611813154],[-71.01055397684303,42.30847978677156],[-71.0107551982436,42.30895105197947],[-71.01082010020106,42.30913814114334],[-71.0108708356015,42.30938486004496],[-71.01087117360946,42.309545205425195],[-71.01084534224927,42.30971732340644],[-71.01075412593313,42.30990599868513],[-71.01061158917392,42.31012758648326],[-71.0104295580494,42.31032712849402],[-71.01037741707512,42.310403432082076],[-71.01028441899123,42.31044580018922],[-71.01010898743854,42.31052896067085],[-71.01006065177243,42.3105523425368],[-71.01001652384788,42.31062759975964],[-71.00997201059556,42.31079963786035],[-71.00994487385472,42.31085795178473],[-71.00987265362878,42.31092687706029],[-71.00975277329165,42.31101018388158],[-71.00941059500107,42.311197787172425],[-71.00932794741288,42.311266037377926],[-71.00929112983096,42.3113525793126],[-71.00919398982063,42.31144390531345],[-71.00905187163612,42.31153215811935],[-71.0088696841729,42.31165688182717],[-71.00871122841214,42.31175577798934],[-71.00853443609769,42.31190411215704],[-71.00831314325063,42.3120658502319],[-71.00803542926631,42.312354469073746],[-71.00792967482853,42.312508058055094],[-71.0078492548133,42.312617010402214],[-71.00773566884914,42.31268566714056],[-71.00750704595522,42.312791103355856],[-71.00738467468379,42.31285071907358],[-71.00731764546661,42.3129066106025],[-71.00726500229072,42.31299992632529],[-71.00719370483914,42.31321452279497],[-71.00718527196051,42.313347281233796],[-71.00713119713718,42.31342186446091],[-71.00704917309088,42.3134716594948],[-71.0069674847658,42.313556207581],[-71.0069550990038,42.31365131640023],[-71.00695044758473,42.313687848718686],[-71.00694146446938,42.31371986094068],[-71.00695228317717,42.313748086818435],[-71.0069135600927,42.31382948806849],[-71.00686884208905,42.31390186055781],[-71.00680957794991,42.31395733495311],[-71.0067278689781,42.314059978851255],[-71.00670512332698,42.3141301948266],[-71.00670184090465,42.31420895718325],[-71.00668493362213,42.314292702746464],[-71.00663173964114,42.31433190763392],[-71.00658175449995,42.31430180300302],[-71.00653505102444,42.31423975171165],[-71.00644677127241,42.314189315812726],[-71.00637643174896,42.31417163787598],[-71.0062217438553,42.31419050991028],[-71.00609172441304,42.3142193010519],[-71.00594879600726,42.31428566918731],[-71.00582584564764,42.31437228982354],[-71.00573885940081,42.31442035201016],[-71.00564388057784,42.314466669176255],[-71.00561235985387,42.31451091848351],[-71.00563733901228,42.31458980238317],[-71.00569124545025,42.31469248864836],[-71.00569518111516,42.31479432975439],[-71.00563801036836,42.314907701976765],[-71.0055758066669,42.315044190281604],[-71.00554971076494,42.31510826955299],[-71.00555304498195,42.31516284220699],[-71.0055934949765,42.31520235943168],[-71.00566896511569,42.315324314891036],[-71.00570894149587,42.31542451039541],[-71.00574108488206,42.31547146434525],[-71.00578981312344,42.31547617540945],[-71.00585411565464,42.315443770944],[-71.00591739596643,42.31540244905763],[-71.00595327696225,42.31539017914125],[-71.00602610581883,42.31543100578943],[-71.0060865018326,42.315510581976646],[-71.00612183925782,42.315723475202944],[-71.00608321898189,42.31596242943318],[-71.0060386334192,42.316064151989664],[-71.0060322118537,42.31607870928046],[-71.00599072053521,42.316172522459084],[-71.00588832210171,42.316267694320736],[-71.00573082136998,42.316397560838226],[-71.00560804212432,42.31653937046225],[-71.00545648649164,42.316684477277065],[-71.00529082307511,42.31680305429086],[-71.00514042634835,42.316954917938794],[-71.00509169189709,42.31702844280565],[-71.0050495901577,42.317138008287074],[-71.00499130212924,42.31722319588909],[-71.00489863028058,42.317315167668006],[-71.0047862249188,42.31747952863458],[-71.00459836602477,42.31775214065814],[-71.00447214795363,42.31794516139248],[-71.00433140968612,42.31814883295197],[-71.00407246906467,42.318420057153865],[-71.00375035135234,42.31871855722726],[-71.00343823082396,42.31894849660857],[-71.00317334854122,42.31909482127902],[-71.00300021355721,42.319159344587426],[-71.00275253959171,42.319215082338644],[-71.00262122336771,42.31923756185386],[-71.00249556054415,42.31923530739879],[-71.00233351348456,42.31923181490413],[-71.00210437988873,42.31924378685507],[-71.00194569742753,42.3192289645894],[-71.00181662225198,42.319213280110894],[-71.0016455002776,42.31917598599963],[-71.00145233921363,42.319118249218],[-71.00128652972217,42.31905342838312],[-71.00112402997858,42.318968905066406],[-71.00091511851011,42.31887796790449],[-71.00071831184421,42.318836599539345],[-71.00049621131146,42.31875685808494],[-71.00030055534488,42.31870811152705],[-71.0001008143103,42.31865439520633],[-70.99993591468122,42.318628289340964],[-70.99977645873804,42.31858879243398],[-70.9996120702646,42.318559447240375],[-70.99945950988334,42.318553111021544],[-70.99930700817625,42.31855469751214],[-70.99926231253963,42.31854603995177],[-70.99922680591364,42.3185565988421],[-70.99922216653552,42.31857566502723],[-70.99921706328982,42.31859202828527],[-70.99919114160254,42.31861775399922],[-70.99912594338906,42.31865519253089],[-70.99905906012985,42.31867560797612],[-70.99898542276583,42.318691042279745],[-70.9989142286314,42.318704326463966],[-70.99883634884017,42.31870398689322],[-70.99879039433372,42.31868578046065],[-70.99876825685762,42.318662546160276],[-70.9987857762825,42.31862553012584],[-70.99880600865383,42.318582944047435],[-70.99884772758223,42.31855386615636],[-70.99889890934227,42.318540044610494],[-70.99896060226698,42.31854697580884],[-70.99899566021708,42.318547128637206],[-70.99902078285851,42.31853040250263],[-70.99903620923199,42.318497248604444],[-70.9990522193289,42.318466978214325],[-70.99909068219773,42.31845076036021],[-70.99912141718713,42.31844531243768],[-70.99914616820992,42.318444880120516],[-70.99919257893532,42.318436079343265],[-70.99921706004423,42.31842376184968],[-70.99921107420722,42.318398347254245],[-70.99916816104904,42.318379073860726],[-70.99910220540725,42.31837428491965],[-70.99902018892537,42.318390853118956],[-70.9989089846358,42.31843196227965],[-70.99879458213638,42.31849394439029],[-70.99859527053114,42.31858535598407],[-70.99857333471418,42.31862856480546],[-70.99856500747326,42.318669042060115],[-70.9985615953749,42.31871692323377],[-70.99855053657585,42.3187653112256],[-70.99851784916153,42.318802801223605],[-70.99847258634814,42.318850409748826],[-70.99841397953686,42.31889796002107],[-70.9983409683319,42.318956791194935],[-70.99825286619068,42.31902167849502],[-70.99813813293922,42.31912516242264],[-70.99804304929613,42.31921369701399],[-70.9979361369046,42.319325227581324],[-70.99784159280627,42.319422137168395],[-70.99777565832585,42.319506297380585],[-70.99770086564071,42.31962129919176],[-70.99764150921925,42.319717282026254],[-70.99760369597621,42.319804355982704],[-70.99758919708209,42.31988865087639],[-70.9975855292474,42.319953366536296],[-70.99759313845091,42.32000345657301],[-70.99761760000159,42.32003957556578],[-70.99765893734269,42.320074057739625],[-70.99772316732927,42.320128356550505],[-70.99781323296968,42.320198523490596],[-70.99787297337264,42.32023767753122],[-70.99791903220073,42.32025813553069],[-70.99795362768626,42.32031671622771],[-70.99801568414306,42.32047688084299],[-70.99802341012216,42.320512296438295],[-70.99801039111034,42.32054771145921],[-70.99799330103559,42.320576356435495],[-70.99795444259435,42.32061165858718],[-70.9978880871276,42.3206264037588],[-70.99782031374262,42.32063637109869],[-70.99775699458563,42.320650679310354],[-70.99771554653461,42.320660671591504],[-70.99767528644126,42.320689125231794],[-70.99760178905899,42.320778293963315],[-70.99758152802207,42.320824300837124],[-70.99759055107774,42.320864403697634],[-70.99760090016606,42.320890287589215],[-70.99765332977995,42.320902940914756],[-70.9977254257131,42.320898664461865],[-70.99776427207306,42.32089550309991],[-70.99780867236626,42.32089569710749],[-70.99782889641438,42.32091550207408],[-70.99783899369908,42.32094255523526],[-70.99783467827967,42.32098187955643],[-70.99782800863557,42.3210274056715],[-70.99781923963481,42.32106229905576],[-70.99782840704292,42.32109952156079],[-70.9978638828033,42.32115423482244],[-70.99790796621281,42.32119440079105],[-70.99795386016459,42.321220439918044],[-70.99799878657075,42.32123080955549],[-70.99804369519705,42.32122812472686],[-70.99808798658981,42.32121148251305],[-70.99813149090149,42.321171699098514],[-70.99816929564739,42.32110101044255],[-70.99817476769508,42.32100758304265],[-70.99819527315891,42.32093069679405],[-70.99820033338418,42.3208586047373],[-70.99820106491794,42.32076632702682],[-70.99820474143385,42.32071574613277],[-70.99822178720363,42.32069268280218],[-70.99824813828816,42.32068946672545],[-70.99826496067875,42.32069458185101],[-70.99828149192915,42.32072112287943],[-70.99829346828867,42.32075601682679],[-70.99831352761827,42.32079661795397],[-70.99830833048502,42.32082477470561],[-70.99829756226225,42.3208517367469],[-70.99830356223532,42.32087535083607],[-70.99832367867636,42.32089344467252],[-70.99834758220939,42.320908223919176],[-70.9983704617205,42.3209144458275],[-70.99840945148549,42.32090849393891],[-70.99845389244983,42.320903556156296],[-70.99848054549054,42.32090817396654],[-70.99852495085048,42.32092304263334],[-70.99856002594834,42.320951825250006],[-70.99857970303162,42.32099476544411],[-70.99859319462747,42.32103749859017],[-70.9985853957573,42.32105718116892],[-70.99857460400361,42.321071809002234],[-70.99858336640233,42.321083641177864],[-70.9986001661047,42.32109163711898],[-70.99863279065309,42.321092859797986],[-70.99866350058251,42.32109074300114],[-70.9986788546272,42.32111277732705],[-70.9987062822058,42.32114215675148],[-70.99871851708002,42.32115976599062],[-70.99873987811218,42.32115859873032],[-70.99876006866997,42.32113671942919],[-70.99875724473205,42.321110328282565],[-70.99873770246515,42.32108098325999],[-70.99871638972192,42.32104541843225],[-70.99872593611873,42.3210195313864],[-70.9987842382544,42.32102599772625],[-70.99884588868461,42.32103860068569],[-70.99891648847618,42.321054753804034],[-70.99898690748415,42.32110907887026],[-70.99902792811709,42.32115310235188],[-70.9990569609203,42.321194282636306],[-70.99907832144218,42.321208510464444],[-70.99910122321853,42.32121194138888],[-70.999138636743,42.32120589235332],[-70.99918030903218,42.3211982413202],[-70.99929606166258,42.32116552451769],[-70.9993530107733,42.32115902033403],[-70.9993925309765,42.32116270364714],[-70.99942521665422,42.321186884051876],[-70.99945684842503,42.321252293659114],[-70.9994905102537,42.32130645833004],[-70.99952258378288,42.32133135628127],[-70.99958716823656,42.32134118068208],[-70.99966249444935,42.32134267900531],[-70.99976418119361,42.32133979050387],[-70.99988246151042,42.3213403052312],[-71.00003511938796,42.32135051257509],[-71.00016585634353,42.32137133797413],[-71.00022771020593,42.32138898276062],[-71.0002854442045,42.32142137454224],[-71.00033807954738,42.32145419427995],[-71.00036839134356,42.321471791893764],[-71.00039341013189,42.321483694594136],[-71.00042845621186,42.321485557499045],[-71.00047790253427,42.3214766793635],[-71.0005822178637,42.32147893327861],[-71.00071795479755,42.32148114353743],[-71.0007595205681,42.32148699598781],[-71.00079810382312,42.32150183848143],[-71.00082993107888,42.321527275175214],[-71.00086817378092,42.32155454032258],[-71.00092187644799,42.32160591062966],[-71.0009753302412,42.32164269495115],[-71.00100601547229,42.32165912362479],[-71.0012294974253,42.3216573027087],[-71.00127580663595,42.321646249893824],[-71.00131573939831,42.32162841713601],[-71.00135006330339,42.321598766085515],[-71.00137448560116,42.32157861526186],[-71.00140207343219,42.32157243283322],[-71.00146404624853,42.32157504243794],[-71.00169799358471,42.32158451976932],[-71.00177974352344,42.32160224997331],[-71.0018704523012,42.32162235972916],[-71.00195154193264,42.32164692923711],[-71.00203776616819,42.321697359574756],[-71.0021726525396,42.32176150514286],[-71.00235686518442,42.3218320762055],[-71.00245990141254,42.32187366603096],[-71.00260031072001,42.32189894199459],[-71.0027322554269,42.32196703549305],[-71.00286243373087,42.32202836894035],[-71.00295114205944,42.322071606919856],[-71.00302664849664,42.32206572134546],[-71.00312307262139,42.322006988453666],[-71.00317285581066,42.32197065143614],[-71.00326748567474,42.32193954990743],[-71.00342505424216,42.321911691230646],[-71.00363762661155,42.32189334298718],[-71.00372421886131,42.3218970480196],[-71.0038347488421,42.321895904668764],[-71.00393550598679,42.321887876745976],[-71.00402059807193,42.32186627662391],[-71.00412233411102,42.32182620204813],[-71.00421428874225,42.32179580844081],[-71.00435740478662,42.32180083716056],[-71.00445710107414,42.32181981323443],[-71.00454318839249,42.321841521491585],[-71.00462924578885,42.32182055529165],[-71.00482272153941,42.32177745430761],[-71.00500823628992,42.32174395193366],[-71.00517182636881,42.32172160863418],[-71.0053685435457,42.32166726692705],[-71.00544160405403,42.321632739674094],[-71.0055471329493,42.32160393392199],[-71.00585722494063,42.32155683131285],[-71.00618995350797,42.32146940161583],[-71.00640447232736,42.32145006629503],[-71.00648912463879,42.32143800565032],[-71.00656970298733,42.32138829487706],[-71.00674413083972,42.3212827180395],[-71.00699986506015,42.32111167772011],[-71.00707597999025,42.32107419153918],[-71.00719239094799,42.321034267218145],[-71.00741506092936,42.3209805734717],[-71.00748186184379,42.32095511113708],[-71.00750197283209,42.32092746804597],[-71.00750795723259,42.32085997112004],[-71.00753717149622,42.32075377075729],[-71.00763467514842,42.32064903333766],[-71.00780228341411,42.320499490992475],[-71.00790376851556,42.32039747129556],[-71.00805841004401,42.32021474197916],[-71.00818304826295,42.32009931661526],[-71.00832185486294,42.3200183432269],[-71.00839292753773,42.3199893874636],[-71.00844127172508,42.31996591631831],[-71.00847203662029,42.31989411383839],[-71.0085755647755,42.319778687795484],[-71.00871662818837,42.31962560946313],[-71.00894360343543,42.319407086038055],[-71.00912413983158,42.319216543256935],[-71.00934136948423,42.319049834762794],[-71.00950357804659,42.31893852966923],[-71.00971759656423,42.31884158009979],[-71.00982571025598,42.31880710955953],[-71.00991951848076,42.31875574228689],[-71.0100048656435,42.3187003775404],[-71.00999829111021,42.318640749571976],[-71.00995281491954,42.318513343118305],[-71.00993798581727,42.31839173922219],[-71.00994582734296,42.318287697832815],[-71.01002273555581,42.31810004282881],[-71.0101405716437,42.317890684896724],[-71.01041107456844,42.31756385774413],[-71.01053143284916,42.31742023214391],[-71.01060624665597,42.317330520601196],[-71.01079698705449,42.31715244276575],[-71.01105185014202,42.31694924892972],[-71.01136323073466,42.316731709950396],[-71.01148191605499,42.31663147076442],[-71.01154028154185,42.31658220225862],[-71.01191549614916,42.316313615881256],[-71.01212143953393,42.316176744183146],[-71.01233692702422,42.31599759844136],[-71.01254228481866,42.3158735077857],[-71.0128573290293,42.315730255172845],[-71.01327208174598,42.315540158187495],[-71.01344262735792,42.315462644137874],[-71.01353246785457,42.31542143052355],[-71.01388621593435,42.31527662834537],[-71.01412334631326,42.31520047527161],[-71.0142934226049,42.31516806308804],[-71.01441495352466,42.315170287220084],[-71.0145011643282,42.31517515295516],[-71.01452290766643,42.315171283480204],[-71.01458925077797,42.31515688879722],[-71.01471166372698,42.31510734900049],[-71.0147613223557,42.31508568135199],[-71.01479825935787,42.31507782461781],[-71.01487522426103,42.3150861622134],[-71.01492637546211,42.31509132978112],[-71.01500335359496,42.31508211146604],[-71.01507461682719,42.315058824281266],[-71.01516175805179,42.31503722458134],[-71.01528960817133,42.31500625332071],[-71.01535780904896,42.31498682434162],[-71.01540674233128,42.314996483850535],[-71.01547107880558,42.315006478370506],[-71.01553729613605,42.31500846809933],[-71.01559811479473,42.31498675710434],[-71.01566495836661,42.314938602602965],[-71.01574195677317,42.314910837667576],[-71.01581790345364,42.31489369180813],[-71.01599001310157,42.31491242281316],[-71.0160801216446,42.31489929774975],[-71.01612792159305,42.31488266337462],[-71.01618211172814,42.314855252263214],[-71.01621955658891,42.314812645571706],[-71.01623112010554,42.3147598465473],[-71.016243494181,42.31471209262192],[-71.01630654410829,42.31469993384164],[-71.01638971777587,42.31470532556081],[-71.0165170630326,42.31472440757948],[-71.01660786975219,42.3147310016442],[-71.01669620513785,42.314711746590206],[-71.0167259437194,42.31467748013031],[-71.01673312588724,42.31461061792729],[-71.01670949433746,42.31454407629711],[-71.0166212789226,42.314484105327026],[-71.01659327760618,42.314433840749686],[-71.01660744059647,42.31439005563504],[-71.01667081966544,42.314382399548144],[-71.01680999226572,42.31436164762638],[-71.01707136816944,42.31436607738245],[-71.01712827431412,42.31436415577324],[-71.01716428575843,42.314334417063264],[-71.01720846979671,42.3142828353466],[-71.01725800463296,42.31418175950125],[-71.01736954518293,42.31396669577184],[-71.01739106772368,42.31380077053153],[-71.01741397297613,42.31370804561545],[-71.01744023970333,42.31366764233651],[-71.01746784479788,42.313626704489806],[-71.01755582258728,42.31354271558468],[-71.01759358462225,42.31347418108311],[-71.01765302657859,42.313330382309765],[-71.01770107832371,42.31323272118128],[-71.01776655270925,42.31317276575511],[-71.01788482156219,42.313109070457294],[-71.0179843336051,42.31305537974752],[-71.01803754415674,42.313012928612395],[-71.01804654900637,42.31294544374339],[-71.01806089913258,42.31287690092696],[-71.01806474096252,42.31277059139457],[-71.01805683753831,42.31269340238376],[-71.01809903030353,42.312632268764524],[-71.0181586355629,42.31259425586541],[-71.01820677308378,42.312548902413575],[-71.01820055603824,42.312489186335874],[-71.0181299217856,42.312382564531205],[-71.01807286880263,42.31227653981587],[-71.01797941015704,42.31217261312962],[-71.01797298504555,42.31210839465138],[-71.01796316165331,42.31202849666347],[-71.01798467699682,42.311958813506095],[-71.01800918905508,42.31187788913777],[-71.01800456765551,42.31178387822601],[-71.01795103708349,42.31167732802629],[-71.01792480820808,42.31158547722339],[-71.01792625099068,42.311491581771],[-71.01791439939103,42.3113913284327],[-71.01786021271971,42.31130728298023],[-71.01777841353241,42.31124941045744],[-71.01770953659724,42.311214909933426],[-71.0176514028718,42.31117136140915],[-71.017630378126,42.31114480427637],[-71.01761187449833,42.31112167887055],[-71.01757076277946,42.31104101927603],[-71.01746499213624,42.31089769724024],[-71.01735489397753,42.310797031251646],[-71.01719536611257,42.31065681428534],[-71.01712567685121,42.3105699123973],[-71.01709168391146,42.310494324223406],[-71.01704399768174,42.31048061928981],[-71.01701411041789,42.31051875652809],[-71.01700894771614,42.31059129919481],[-71.0170582063374,42.3106692023029],[-71.0171560117691,42.31079115409538],[-71.01723074068526,42.31083756353125],[-71.01727316953327,42.31087267349375],[-71.0172477002684,42.31090407708154],[-71.01719576133709,42.310907190000016],[-71.01712733961118,42.3108608070447],[-71.01704191936074,42.31080075804618],[-71.01689468763962,42.31075008238197],[-71.01680293719815,42.310724848289205],[-71.01671100750228,42.31062776924575],[-71.01666483118127,42.31051161610153],[-71.01665674223268,42.31036366240474],[-71.01664963841245,42.3102296675332],[-71.01665517563848,42.31018755667162],[-71.01662385357342,42.31012764484574],[-71.01663079475613,42.31009229215802],[-71.01665669138914,42.31010023371451],[-71.01670959415301,42.31014556136428],[-71.01680582605279,42.3102033152977],[-71.01694532348243,42.310313648622135],[-71.0169788668633,42.310336837357745],[-71.01702662577172,42.310340999420006],[-71.01705356458253,42.310323646770414],[-71.01703526744264,42.31027351306333],[-71.01699063061415,42.310194008819394],[-71.0169372889558,42.31007899605087],[-71.0169143660636,42.309903880901174],[-71.01689342028817,42.30983527983166],[-71.01685261378906,42.309794324572586],[-71.01673628903906,42.3097788003904],[-71.01663698285181,42.30979017668927],[-71.01645333373718,42.309838920705],[-71.01633693957666,42.30988011488221],[-71.01629007710841,42.309933305571555],[-71.01619851144349,42.30996344036523],[-71.01610908847326,42.30995126989296],[-71.01599395885528,42.30989046477806],[-71.01586589242213,42.30971319592966],[-71.0158202156384,42.309658895303855],[-71.01582249985792,42.30961397983124],[-71.01586501886014,42.309573645356025],[-71.01593353587431,42.3095913998657],[-71.01601056943608,42.309605769054166],[-71.01624337806545,42.309599997071835],[-71.01648158932255,42.30961738512473],[-71.01660947002637,42.30962854669519],[-71.01668189303044,42.309627230774986],[-71.01670509671085,42.309590686052736],[-71.01665373513025,42.30953420112493],[-71.01654268877088,42.30946288018855],[-71.01643344425082,42.30944153351631],[-71.01628641221468,42.30941282526574],[-71.01616442814037,42.30932849356134],[-71.01604014384023,42.30922776652989],[-71.01595021377366,42.309186874138554],[-71.01576355674376,42.309185007375206],[-71.01563674954325,42.30920806088298],[-71.01562270200472,42.30922096602981],[-71.01549805441316,42.309215398863955],[-71.01531155307832,42.30919318518324],[-71.01510883218258,42.30915073598058],[-71.0149289919912,42.309098209583645],[-71.01482889587608,42.309054482458535],[-71.01444101133681,42.30905284414357],[-71.01419033213394,42.30906411879639],[-71.01394050701826,42.3091221222283],[-71.01368832588322,42.30923413331281],[-71.01349970297132,42.30931445219413],[-71.01348295290843,42.309347512420985],[-71.01344664436996,42.309416051793384],[-71.01343876258197,42.309573571395845],[-71.01347790641981,42.309688525719956],[-71.0135634362189,42.309844190007034],[-71.01361648922268,42.30990122366355],[-71.01368550841511,42.30991673088241],[-71.01375037729055,42.3098882857307],[-71.0138342482006,42.30980203147584],[-71.01394585616848,42.309705090849455],[-71.01406650467102,42.309647081417985],[-71.01414825846895,42.30963113161725],[-71.01423602577277,42.30965347004069],[-71.01442487333452,42.309717829537036],[-71.01466271029331,42.30979986150424],[-71.01484984396032,42.30988221910916],[-71.01501706364196,42.30995161803781],[-71.01495549104051,42.30994568625852],[-71.0148443880858,42.30994521725384],[-71.0147308901973,42.3099565319918],[-71.01465658235003,42.30998214689234],[-71.01465170134362,42.310017598197675],[-71.01471451779254,42.310035329355436],[-71.01478684317797,42.31006264383564],[-71.01482949673155,42.31011567168272],[-71.0148273329457,42.310176432966436],[-71.01477651687287,42.31020718881736],[-71.01471627342596,42.310201892735144],[-71.01463678290213,42.31015987301826],[-71.0145749925991,42.31013485370311],[-71.01450752812654,42.3101379898517],[-71.01441031791309,42.31016062686613],[-71.0142389037785,42.31022688491946],[-71.01403676780822,42.31026591369793],[-71.01391148175097,42.31028005874607],[-71.01378587887822,42.310256479640785],[-71.0136539172134,42.31020802513563],[-71.0134510899729,42.31014756652481],[-71.0132070014904,42.310058303152104],[-71.01297662595853,42.309984042397836],[-71.01285241011942,42.30993796057865],[-71.01275235352871,42.30985758950041],[-71.01270852365138,42.30981580966699],[-71.01264196037859,42.30971766448636],[-71.01252200036528,42.30952854224675],[-71.01244093502805,42.309344806656256],[-71.01236686198453,42.3091666825488],[-71.01235149712033,42.309130065052365],[-71.01231803880844,42.309048895807386],[-71.01226903826466,42.30895415604267],[-71.01216358246346,42.3088192031532],[-71.01201733902413,42.30872008908064],[-71.01189874105734,42.308606507339015],[-71.01182631182893,42.308467192887356],[-71.0116753357728,42.30828991195785],[-71.0115163816868,42.30812493105848],[-71.01140522507413,42.30794322747131],[-71.01130705388458,42.30782351984904],[-71.01122304307707,42.30770783370445],[-71.01112909045354,42.30765449621086],[-71.01105569975195,42.30760862861755],[-71.01101180758559,42.30755955538498],[-71.01099328746623,42.30747619852522],[-71.01101297711998,42.307408129357796],[-71.01105945635689,42.30737348539809],[-71.01110631747717,42.30733650225583],[-71.0111089007347,42.30726899050174],[-71.01104506344547,42.30714834833768],[-71.0109614587302,42.306980266054175],[-71.01089138266885,42.30677235784757],[-71.01086611121248,42.306636664587764],[-71.01088852422369,42.30657715990522],[-71.01090836391221,42.30656815128647],[-71.01093803908194,42.306573409319014],[-71.0109950558176,42.306587696704554],[-71.01100624542208,42.30655227236792],[-71.01104269362655,42.30648148355736],[-71.0110380565445,42.30639089330087],[-71.01099927319268,42.30630862058905],[-71.0109164822491,42.306208064462695],[-71.01085857880044,42.30616730433847],[-71.01083497436927,42.306208347726546],[-71.01083390792448,42.30625218796615],[-71.01084796568497,42.30633219475679],[-71.01083741174276,42.30641092638173],[-71.0107800522504,42.30644102241729],[-71.01072458712076,42.30641431734288],[-71.0106956198556,42.30633316668729],[-71.01066320012922,42.30624362849813],[-71.01059906598553,42.30614594252804],[-71.01052959067455,42.306048863980436],[-71.01050916537262,42.305976752690896],[-71.01053356338598,42.30589582930009],[-71.01057558490355,42.305857205204894],[-71.01063888316915,42.305811919430965],[-71.01072027623623,42.30571656376223],[-71.01074374489959,42.305693075735824],[-71.01071936372679,42.305662001479405],[-71.0106457110086,42.305634678732794],[-71.01053564280411,42.30561116216383],[-71.01043233118646,42.30560793110728],[-71.01036198755163,42.305591876071446],[-71.0103088721565,42.305543753573765],[-71.01021222763855,42.305525335599484],[-71.01010204330328,42.3054855226219],[-71.01005962267409,42.30543465466104],[-71.01006046449238,42.30538856270202],[-71.01010871463912,42.305360048732325],[-71.01017375397245,42.30532485403478],[-71.01022084760521,42.305289042628125],[-71.01025578764805,42.305225089927745],[-71.01009328168743,42.30519144608214],[-71.0100317587649,42.30517974990513],[-71.00999076535906,42.30517957510024],[-71.00994735749401,42.30519361478255],[-71.00990855764101,42.30520776413263],[-71.00924999140366,42.30550268383316]]],[[[-70.93043820739176,42.32189153308553],[-70.9304668969966,42.32196595047784],[-70.93047678806953,42.32202622994512],[-70.93046704188333,42.32207119693971],[-70.93044334943203,42.32211555464188],[-70.930374736106,42.32215005645091],[-70.93027162353418,42.32217601437358],[-70.9301839642262,42.322183412487114],[-70.93011474951237,42.32219036180397],[-70.93015748668691,42.32220020696716],[-70.93025995593715,42.32224573023368],[-70.93032714878716,42.322288197592734],[-70.93041447344098,42.322331484922806],[-70.93049868067247,42.32235720077814],[-70.93055735187012,42.322335524011145],[-70.93060921468229,42.322261505725095],[-70.9306633423051,42.32215148640474],[-70.93072368253499,42.3219711839489],[-70.93076396565313,42.32183570738203],[-70.9308311342205,42.321678486507096],[-70.93088447321531,42.32135923209047],[-70.9308698369533,42.32119251299891],[-70.93083786681099,42.321037682131895],[-70.9307829592076,42.32088381802201],[-70.93063266303263,42.320598846979685],[-70.93052788829088,42.32035137394544],[-70.93041817670046,42.320126834139465],[-70.93035483489965,42.319980220468345],[-70.93036040019291,42.3199549494482],[-70.9304074996169,42.31992475252636],[-70.93052504936738,42.31988482124611],[-70.93062215254331,42.319852171066636],[-70.93062742505064,42.31981897588869],[-70.93041138806389,42.319492624816355],[-70.9304000354522,42.319473482061554],[-70.93028682178229,42.319287817954795],[-70.93015492892921,42.31910188105298],[-70.93018421390116,42.31908302978316],[-70.93017704182785,42.319057695616586],[-70.93016690863176,42.31901091947684],[-70.93014266806583,42.31896803473721],[-70.93008955625355,42.318925006832195],[-70.93006091358404,42.318859052401706],[-70.92998356720997,42.318772509496625],[-70.92991392796841,42.31869230691131],[-70.92985553203998,42.31856255317128],[-70.92975882802867,42.31841640381694],[-70.92967529145871,42.318316865564164],[-70.92959127998634,42.31817582075812],[-70.92949558820612,42.318052093822295],[-70.92940397578596,42.317906509603816],[-70.92932498394896,42.317800871557736],[-70.92922020371019,42.317716532681324],[-70.92917940191164,42.3176538487548],[-70.92912958348279,42.317582116959],[-70.92905120680074,42.317529419804174],[-70.92899479601822,42.31750267053356],[-70.92890910010874,42.31746794305025],[-70.92884026081799,42.317433839459376],[-70.92875939321326,42.31737491760597],[-70.92867999628108,42.31732779702389],[-70.92854398083144,42.317263559140635],[-70.92845520860115,42.317206848531534],[-70.92844831217559,42.31715108524248],[-70.92845638047656,42.31711736386032],[-70.92839756562329,42.317168839000125],[-70.92835702894901,42.317184392751685],[-70.92831199276405,42.317214599108574],[-70.92828644171095,42.31723643949421],[-70.92826917224023,42.31721438609914],[-70.92820238884161,42.31722134634065],[-70.9280980374761,42.31730464568695],[-70.92800671101837,42.317382968044974],[-70.92791180620375,42.31745452021707],[-70.92781215817594,42.31755422829926],[-70.92774494143849,42.317622497012124],[-70.92767906789706,42.317703196607795],[-70.92759967469416,42.317763031745656],[-70.92752497155723,42.3178273917242],[-70.92745803184535,42.31789179032911],[-70.9273475781157,42.31796551534101],[-70.92728704949653,42.318005097323564],[-70.92721083653323,42.31803514788681],[-70.92712943430617,42.31804878695098],[-70.92705857998057,42.31806310875539],[-70.92700906574257,42.31807861727849],[-70.92693668666607,42.31807375487217],[-70.92682000260827,42.318044993402815],[-70.92673265924721,42.31801808875119],[-70.92668507826062,42.31799426337111],[-70.92663177165797,42.317959695755974],[-70.92657210174855,42.31793121845324],[-70.92649852738944,42.31789763001834],[-70.9264606363668,42.31787547344879],[-70.92639773622498,42.317842028246524],[-70.9262825006264,42.31784091287638],[-70.92620042092318,42.31786238057062],[-70.92611763221346,42.317948666759555],[-70.92608351957628,42.318071748425346],[-70.92601299527755,42.31819680897308],[-70.92593292489701,42.31829094127132],[-70.92589901350539,42.31841852541526],[-70.92586971200453,42.31853271800426],[-70.92581126197392,42.318663960821915],[-70.92571821087536,42.318811506333404],[-70.92564428759337,42.31893663968996],[-70.92558359965734,42.31908713776399],[-70.9255708989273,42.31924345755264],[-70.92555893207287,42.319439214432414],[-70.92555874566017,42.319593436019446],[-70.92556603715578,42.3197257274964],[-70.92561372152922,42.31983184186046],[-70.92563035688791,42.32000397356899],[-70.92565305007142,42.32013688217895],[-70.92565844289241,42.320197679813695],[-70.92567035990966,42.32022132739303],[-70.92569578610238,42.3202535953856],[-70.92569987928859,42.32032392977078],[-70.92572086948111,42.32045737003145],[-70.92572623346383,42.320561472251356],[-70.92577119221876,42.3206338114198],[-70.92578301469158,42.320694641164636],[-70.92581052934463,42.32079093134176],[-70.92587218011032,42.320908909353065],[-70.92590345682511,42.32099171370043],[-70.92595500741751,42.32107299874551],[-70.92599071572292,42.32116212734242],[-70.92602210945623,42.32123205785701],[-70.9260702152997,42.32129189835395],[-70.92610815057301,42.32134952731212],[-70.92615238059308,42.32139530364327],[-70.92618119936053,42.32142812863882],[-70.92622416416071,42.321439506928655],[-70.92652893125415,42.3215716623776],[-70.92656860913796,42.32159769912738],[-70.92661740021124,42.32162216077524],[-70.92667404160868,42.321650532877484],[-70.92678606609344,42.32168548331418],[-70.92691174462051,42.321713119212355],[-70.92699018769349,42.32173205661628],[-70.92707889589539,42.321769591439676],[-70.92717862253842,42.32180952190345],[-70.92732768484221,42.32184060501346],[-70.92744853578134,42.321878929909104],[-70.9275462460921,42.32192722285246],[-70.92771218047733,42.321984228273415],[-70.92783316300269,42.32202147304899],[-70.92799727158187,42.32206577465209],[-70.92811397915999,42.322106238956174],[-70.92828448008544,42.32212788424342],[-70.9284538043766,42.32213205749193],[-70.92854301630442,42.32211395477665],[-70.92858918085831,42.32212039640271],[-70.92866319296546,42.32211959393113],[-70.92874010604426,42.32211997622785],[-70.92884048796758,42.32211435301926],[-70.92893603303901,42.32212040966759],[-70.92900632420138,42.322115176988916],[-70.92906354899965,42.322132837161874],[-70.92915397342173,42.322128244583695],[-70.92926359097265,42.322134370850506],[-70.92944504634922,42.322125188319305],[-70.92966431712587,42.32210655988084],[-70.92988279339814,42.3220953095912],[-70.93009002900769,42.32206590700505],[-70.93024593812746,42.32203742002575],[-70.9303356093984,42.321981685417455],[-70.93039184534945,42.32189355409761],[-70.9304039216322,42.321845807706914],[-70.93043820739176,42.32189153308553]]],[[[-70.94070204949404,42.32775232158734],[-70.94081351161499,42.32771568131636],[-70.94090000739051,42.327689633122596],[-70.94102949101449,42.32765938242448],[-70.9411809748207,42.32762464698672],[-70.94122452406961,42.32758434501553],[-70.94133028173074,42.3275066226546],[-70.941445269313,42.32742786468208],[-70.94152617485027,42.32734777061638],[-70.9416072856986,42.32725813426848],[-70.94164615835066,42.32715649871666],[-70.9417334048435,42.32705896940651],[-70.94179014887014,42.326966963821256],[-70.94181217333431,42.32690467970597],[-70.94178144647304,42.32679811455156],[-70.94176763791722,42.326657960177606],[-70.94173989094472,42.326571216167615],[-70.94166898458272,42.32645320202467],[-70.9416312383639,42.32633093742954],[-70.94168405903612,42.326367296199905],[-70.94174334859316,42.326413049526096],[-70.9418059938428,42.32654605858549],[-70.94183271617621,42.32665269432435],[-70.94187407805744,42.32677776734075],[-70.9418850721041,42.326893149670546],[-70.94183846105147,42.327033100681206],[-70.94176154203112,42.32715651895105],[-70.94170417096596,42.32727832153559],[-70.94163887684938,42.32736299308013],[-70.94155959133691,42.327452008103876],[-70.9414689775937,42.32751855046088],[-70.94139254219682,42.32757327763728],[-70.94129811008509,42.32763250884168],[-70.94139214888365,42.32761784077067],[-70.94150190229105,42.327582271895125],[-70.94156694560428,42.32753982346657],[-70.94165975147672,42.327499850647094],[-70.94177300562926,42.32745250453626],[-70.94186031635468,42.32737523228565],[-70.94198166586295,42.327290382602705],[-70.94205361718052,42.327207453756095],[-70.94211437161114,42.327128431858796],[-70.94214640084826,42.327032254779496],[-70.94216786144274,42.32692378226649],[-70.94218168336707,42.3268147324958],[-70.94216794835417,42.32669366497765],[-70.94216639961557,42.32656653452742],[-70.94214493496418,42.32644146814932],[-70.9420889916069,42.326360169260816],[-70.94206316067842,42.32630377487425],[-70.94201846557212,42.32622649188389],[-70.94195747601852,42.32616713585175],[-70.94192875486745,42.32612207123275],[-70.94188293454054,42.32607611330819],[-70.94184072217216,42.326033774101305],[-70.9417926313206,42.32595638449663],[-70.94176204689025,42.32591626245752],[-70.94172298209004,42.3258609741103],[-70.94167059963803,42.32581624465093],[-70.9416288960952,42.32575752229622],[-70.94160882410249,42.3257085382676],[-70.94156542219537,42.32564980763735],[-70.94151163638978,42.3256129039317],[-70.94143724303895,42.325560234766115],[-70.94136700227277,42.32551820932415],[-70.94128021036163,42.325440721426716],[-70.94123309462339,42.32539043547406],[-70.94120550408867,42.3253548293548],[-70.94118356903162,42.32531078786239],[-70.9411482728905,42.325268482013705],[-70.94111029136731,42.32521427907824],[-70.94108984993932,42.32515223874006],[-70.94103164437351,42.32510757069322],[-70.94101095690941,42.32505966392245],[-70.94096518107524,42.32503630347297],[-70.94086290045747,42.32498178770983],[-70.94081686019535,42.32494717210802],[-70.94078508753874,42.32490434310092],[-70.94074851226378,42.32485581879909],[-70.94067117735479,42.32479296136855],[-70.94059333462529,42.32474639692508],[-70.94052798230335,42.324700523437606],[-70.9404300614449,42.324619559547244],[-70.94035981012496,42.324565199248866],[-70.94029116455532,42.32453506491927],[-70.94021435088871,42.324509392291596],[-70.94013618470417,42.32445832443399],[-70.94010750996884,42.324435677144834],[-70.94004607447849,42.324413410437856],[-70.9400260229643,42.3243897247711],[-70.94000391940662,42.3243648587071],[-70.93998135902366,42.324323064685316],[-70.93996292452829,42.32429488536192],[-70.9398998221824,42.324241639972705],[-70.93991082594987,42.32427320425624],[-70.93992419077146,42.324312162541354],[-70.93990709331291,42.32433854818666],[-70.93988639213806,42.32436086489744],[-70.93984893190674,42.32441244986489],[-70.93977929190532,42.32446729913976],[-70.93972898688187,42.32451711088346],[-70.93967340352556,42.324560144589306],[-70.93955071178017,42.32461869643446],[-70.93947499883018,42.32466055152698],[-70.93941576431831,42.32469114309933],[-70.9393416417913,42.32471779071263],[-70.93928763345488,42.32474732734534],[-70.93922990493334,42.324785938879806],[-70.93916158559907,42.324814865450804],[-70.93910460394693,42.324837635205334],[-70.93903816891894,42.32485927843072],[-70.93896581951871,42.3248774715925],[-70.93889605370873,42.32490531058037],[-70.93881071504069,42.32493802517072],[-70.93871477038832,42.32497644985727],[-70.93863938932232,42.32500813257939],[-70.93852733529287,42.32504350742846],[-70.93843634773508,42.32507016210701],[-70.93840539573311,42.32511277535406],[-70.93837822457763,42.32515315630466],[-70.93834991677079,42.325198573400414],[-70.93832627010316,42.32525193594621],[-70.93828931369141,42.32526021821533],[-70.9382346268192,42.32528407911965],[-70.938162071324,42.32532540859822],[-70.93808422319738,42.32536158042142],[-70.93801028121443,42.32539507037645],[-70.93792489186077,42.32543336595186],[-70.93783801057552,42.325475705538004],[-70.93772698077575,42.32551855714686],[-70.93761367266261,42.325572021095844],[-70.93748068908042,42.32561413483915],[-70.93736318349552,42.32564840151246],[-70.93719778332608,42.32570665176312],[-70.93706155192774,42.32573191342484],[-70.93696324306427,42.32574943800868],[-70.93685218021467,42.32576861060246],[-70.9366959962607,42.32578639157886],[-70.9366700851547,42.325794097244525],[-70.93654203015939,42.325786717305775],[-70.93641559432805,42.325788258178974],[-70.93627864308914,42.325798930450254],[-70.93616943402549,42.32580064556704],[-70.93603238607157,42.32579493152619],[-70.93583245368701,42.32579341021468],[-70.93565685227085,42.32579813008752],[-70.9354518758586,42.32580441600016],[-70.93520231267419,42.32580382021726],[-70.93508937394546,42.325815599394566],[-70.93490140729978,42.325819176976964],[-70.93475280898797,42.32581619556955],[-70.93463252907044,42.32582127594236],[-70.93454013784718,42.3258146093661],[-70.93443212115591,42.32580507488891],[-70.93434297507348,42.325801845279216],[-70.93428569201333,42.32581731870104],[-70.93423017463132,42.325852427429304],[-70.93415700926347,42.32589375138897],[-70.93408443475889,42.32590968961687],[-70.93395701220176,42.325899428936594],[-70.93384150763407,42.325872481148274],[-70.93374003746291,42.32586351844831],[-70.93358655033093,42.32585096821821],[-70.93342395889759,42.325825408517446],[-70.93330773323528,42.32582483556801],[-70.93323527991701,42.32584077385814],[-70.93319993472828,42.32585869570121],[-70.93316238193225,42.325892812133894],[-70.93314771851581,42.32593154296014],[-70.93315028310425,42.325983863317646],[-70.93317445222301,42.326021705276595],[-70.93320039565621,42.32605109311413],[-70.93326434906473,42.32610371616227],[-70.93333438317714,42.32615474860243],[-70.93342165075073,42.326205235732466],[-70.93352349206424,42.32626767864114],[-70.93358520737739,42.32632641254823],[-70.93367535087184,42.326380965024384],[-70.9338001191327,42.3264574753618],[-70.9339365582635,42.32651783755225],[-70.93410474956433,42.3265822272135],[-70.93422114605721,42.32664528133167],[-70.93429820128013,42.32664395000246],[-70.9344121434359,42.32664225994551],[-70.9345644491811,42.326651472122386],[-70.93473046524706,42.3266606614908],[-70.93487231722759,42.326672072611856],[-70.93503541041564,42.3266689129967],[-70.93516333043227,42.32667800451991],[-70.93530608637134,42.32666970287776],[-70.93542376472061,42.326684415715],[-70.93556811398648,42.32668791556254],[-70.93574189977137,42.326696601438364],[-70.93585607515493,42.32670958605791],[-70.93610667847925,42.32671639760722],[-70.93628239892148,42.32671221780216],[-70.93656056294134,42.32673050735698],[-70.93673281779243,42.32674764709059],[-70.93672808551945,42.326625002437346],[-70.9368238923776,42.32664338793947],[-70.9369031329138,42.32666916473441],[-70.93702764775855,42.326692822431845],[-70.93716866865108,42.32672952519973],[-70.93726266681405,42.32676032567862],[-70.93739306118033,42.32679139425797],[-70.93756816469899,42.326829343710926],[-70.93782150669227,42.32686938614809],[-70.93798287557308,42.32691014876619],[-70.93812485723033,42.3269890793226],[-70.93825319439883,42.32706065055611],[-70.93840618613143,42.32712946112717],[-70.93854430893883,42.327178482203905],[-70.93871909085067,42.32726657526429],[-70.93890729231707,42.32733276613912],[-70.93910211674613,42.32740466093658],[-70.93929363635026,42.32747987040507],[-70.93946820605767,42.327551035559864],[-70.93962980905847,42.32757937279204],[-70.9397718902944,42.32762003884924],[-70.93989005458205,42.3276487041782],[-70.9400285609148,42.32768206003392],[-70.94015761918644,42.32771365912885],[-70.94025429229434,42.32773042542643],[-70.94035276828485,42.32773540643798],[-70.9404466888636,42.327734153092635],[-70.94052212269635,42.327737941425546],[-70.94059944525934,42.32772022163583],[-70.94070204949404,42.32775232158734]]],[[[-70.98634217362728,42.3286427156628],[-70.98656541116627,42.32867414315453],[-70.98677732024002,42.32871110149784],[-70.9869375901363,42.32874215708299],[-70.98706217099772,42.3287753939774],[-70.98714324384635,42.32881743963774],[-70.98721057981226,42.32886275507361],[-70.98727377198591,42.32888041275648],[-70.9873433680257,42.32888639505621],[-70.98742314873323,42.328878288008816],[-70.98752185514128,42.328840465332156],[-70.98761621371389,42.32878515735842],[-70.98780971136476,42.3287134554677],[-70.98790059334704,42.32868289003786],[-70.98802109725104,42.32865020572236],[-70.98813867799697,42.328633893736],[-70.98832803913993,42.32862348302878],[-70.98838183992395,42.328632185323066],[-70.98843884106886,42.32863522994084],[-70.98849093711247,42.32861466482725],[-70.9886285034561,42.32857251261379],[-70.98886809321583,42.32851730942583],[-70.98910382622991,42.328473882536386],[-70.98918708397707,42.3284708314044],[-70.98928879936834,42.32848091657788],[-70.98939182759717,42.32849370839465],[-70.98945155091678,42.32850522742798],[-70.98950698782097,42.3285066440278],[-70.98954604263554,42.32849331295526],[-70.98958620018546,42.32846360129548],[-70.98964837924476,42.32838122978004],[-70.98974619822805,42.328287672651754],[-70.98990962821942,42.32812238255949],[-70.98999071214998,42.328027670597],[-70.99005217176531,42.32800435538992],[-70.99010783473632,42.327992718345676],[-70.99023228311884,42.327997231631315],[-70.99029433813966,42.32800542945754],[-70.99035553203444,42.3280000288929],[-70.9904205067594,42.32796205417411],[-70.99047488664385,42.32791385905903],[-70.99055746201385,42.327799526754404],[-70.99061175543122,42.32776204476851],[-70.99067828887532,42.327726327562836],[-70.99090356668374,42.32766988633831],[-70.99098706221626,42.327637125038926],[-70.99105388893851,42.32757998175956],[-70.99112094037382,42.327509965136436],[-70.99119562209374,42.327441602789946],[-70.99129474319399,42.32729124113167],[-70.99135940246525,42.32715648215976],[-70.9913950292373,42.32710154139805],[-70.99144173239826,42.327057273179165],[-70.99151163421959,42.32702499153653],[-70.99154607593071,42.3269514092596],[-70.99160979450005,42.32684302479236],[-70.99161728097467,42.32672664901334],[-70.99163849574109,42.32660799316458],[-70.99165140117589,42.32649668302833],[-70.99163643729523,42.32642621332435],[-70.99158357971754,42.32634558267654],[-70.99151482125471,42.32625074693895],[-70.9914776024576,42.3261565908747],[-70.99141951750565,42.326032002333456],[-70.99136492390416,42.32594101043356],[-70.9913191469181,42.32587013423458],[-70.99115098511442,42.32573479492508],[-70.99089743911011,42.32553560599325],[-70.99078688840449,42.325463092211706],[-70.99067369024061,42.32540299074566],[-70.99052627187213,42.32534372782638],[-70.9904122646166,42.32530883094495],[-70.99028482014516,42.325285308188064],[-70.99015250554065,42.3252639244101],[-70.99000337752278,42.32523625380275],[-70.989806612646,42.32518811479158],[-70.9896793071805,42.32513236119432],[-70.98960576857617,42.32507414530919],[-70.9895343716227,42.324991090572425],[-70.98950086732675,42.324903162401405],[-70.98948572541026,42.32485510909246],[-70.98951254416004,42.324809222808014],[-70.9895712938893,42.324760507323575],[-70.98961499047019,42.324712895360605],[-70.98965241466954,42.32466075402498],[-70.98964661791392,42.32461229207664],[-70.98960835996493,42.324572238853776],[-70.98955451077101,42.32453985897136],[-70.98949172188902,42.32453282785652],[-70.98944390397848,42.32453486622039],[-70.98939143311948,42.32455723070507],[-70.98931565078036,42.324596777382204],[-70.98923190775396,42.32466059677104],[-70.98912976252902,42.324704527681355],[-70.9889882945402,42.32470506922312],[-70.9888730469186,42.32468880152498],[-70.9887359831909,42.324639755735724],[-70.98863349218097,42.3245762787144],[-70.9885388532672,42.32448699788939],[-70.98847361254262,42.3243780411863],[-70.98840720489908,42.32424837231521],[-70.98838258479991,42.32417227728724],[-70.98837862796464,42.32410644763628],[-70.98840122673086,42.324042356727524],[-70.98841659690328,42.324002001600654],[-70.98847270045667,42.323995499032165],[-70.98851564160758,42.32396634029715],[-70.98859738370469,42.3239098949914],[-70.98865316799589,42.323852793969294],[-70.98866937291727,42.323784173053426],[-70.98864214886571,42.32373003384787],[-70.98857145172299,42.3236808329291],[-70.98849677358862,42.323643858351325],[-70.98835985899096,42.323606696735965],[-70.98806495048426,42.32351364288592],[-70.9879758717882,42.323472192348476],[-70.9879424533906,42.32344899575302],[-70.98794270829953,42.32341748633093],[-70.98795680281017,42.323384868170784],[-70.9879938601292,42.323363155919665],[-70.98803394495833,42.323357122390625],[-70.98806653406336,42.32336284941432],[-70.98809530000801,42.3233612669584],[-70.98811395687359,42.32334955609648],[-70.98812814592684,42.32330523441474],[-70.98831074272347,42.32288398600915],[-70.98831709089947,42.32284908256263],[-70.98831120122526,42.32282726904095],[-70.98829120470879,42.32280962413442],[-70.98826021626559,42.32280102333353],[-70.98823998345058,42.3227976021335],[-70.98823304588086,42.32275534709187],[-70.98822292378516,42.3227018240979],[-70.98814822062603,42.32242806979374],[-70.98808930894647,42.32213691989877],[-70.98806966787234,42.321850356350204],[-70.98805709709588,42.321574627896204],[-70.98802860311915,42.32130269979615],[-70.98804099578406,42.321120443828676],[-70.98805916549537,42.32094388548838],[-70.98809000778587,42.32079043131698],[-70.98812003515258,42.32066272214564],[-70.98815449044815,42.32058752029996],[-70.98819399561201,42.3205179228039],[-70.98825731410298,42.32044392981281],[-70.98829459302443,42.32039457916837],[-70.98831701298127,42.32035245480923],[-70.988311027923,42.32031245474551],[-70.98829752086233,42.32027251122274],[-70.98823136560502,42.32023224325348],[-70.98818291406222,42.32017800936839],[-70.98810508028886,42.32006674549924],[-70.9880635952837,42.31985616007735],[-70.98804268022114,42.31968221853393],[-70.98798683583722,42.319522166096675],[-70.98791543365604,42.31939580564971],[-70.98782057831576,42.31927438233465],[-70.9876330368591,42.319123375980745],[-70.98752411153966,42.319076704823964],[-70.98731354918175,42.31901220438979],[-70.98710289607122,42.31895895694406],[-70.98692292228117,42.31893726663175],[-70.98665877715679,42.31888323937682],[-70.9864815725725,42.318849226594196],[-70.9863077013101,42.31885295111582],[-70.98601785997843,42.31888595682618],[-70.9858769001554,42.31894501642538],[-70.98575180004022,42.31900801811659],[-70.98560928862067,42.31910866442728],[-70.98547273242876,42.319222841760634],[-70.98536079711705,42.31933766936117],[-70.98523192134205,42.31949185423207],[-70.98517671436072,42.319597392506765],[-70.98510789044073,42.31975130602795],[-70.98506361752446,42.319869767553406],[-70.98499016987688,42.31999548081426],[-70.98489806543203,42.32013290437585],[-70.98482028136992,42.32022492677758],[-70.98471753563032,42.320343126050254],[-70.98461539790125,42.320416402864964],[-70.9845298811055,42.32045977406204],[-70.98445730044159,42.320538405046356],[-70.98441205106198,42.3205978020911],[-70.9843820057813,42.32068211567294],[-70.98422312641598,42.32088505120652],[-70.98406623522698,42.321067198456845],[-70.98391548965063,42.32119481476406],[-70.9838387355763,42.3212643335599],[-70.98379552465822,42.3213265304493],[-70.98375220718926,42.32140178122683],[-70.98372222012573,42.32147880244045],[-70.98372178028492,42.32153272857164],[-70.98369979217178,42.32158097603477],[-70.98363924113619,42.32164210463683],[-70.98360644204996,42.321692014086416],[-70.98359670367276,42.321755531672146],[-70.98362074563045,42.32181244875922],[-70.98366030187294,42.32187114611128],[-70.98370192096263,42.321900052711854],[-70.98377987045504,42.321936955102764],[-70.98381955980572,42.3219793575257],[-70.98384854400004,42.32201045808389],[-70.98383873956232,42.322067223122],[-70.9837999576514,42.32210693234044],[-70.98373959418367,42.32214501409745],[-70.98369848089865,42.32220280888314],[-70.98364745277557,42.32225650775279],[-70.983560591991,42.32233039243071],[-70.98342567286886,42.32245078674217],[-70.98332796820283,42.32253029441031],[-70.98323158604126,42.3226261034093],[-70.98314882992302,42.32273205698374],[-70.98308990805685,42.32284604034658],[-70.98304244262816,42.322968448014066],[-70.98301505818748,42.32308311335545],[-70.98301436404861,42.323168098744084],[-70.98304575044486,42.323261601229575],[-70.98311149459113,42.323337342207395],[-70.9831739273168,42.32341747973569],[-70.98324154588276,42.32347171184717],[-70.98331339296958,42.32351326866885],[-70.98338545919567,42.32354285241433],[-70.98343909481319,42.32357118289317],[-70.98352632090783,42.32363117485295],[-70.98360451666126,42.323682753367265],[-70.98368909728373,42.3237101423879],[-70.98376880454998,42.323725175322885],[-70.98386459992435,42.32373118739748],[-70.98398931441106,42.323731747352426],[-70.98419543034004,42.32374788759557],[-70.98427196517662,42.32376515669882],[-70.9843582882219,42.323802096241955],[-70.98443947055561,42.32384459453248],[-70.98449965840324,42.323887808880116],[-70.98457843544453,42.323972430405796],[-70.98463671614378,42.32404129472719],[-70.98466189465854,42.324107849885294],[-70.98466892678896,42.32419782155519],[-70.98465116046043,42.32430865906974],[-70.98464093307288,42.32443231466504],[-70.98463054547919,42.324590541121005],[-70.98461314731681,42.32479024004082],[-70.98457740075418,42.32500831285659],[-70.9845547836182,42.32528271337437],[-70.98453931404475,42.32549880639063],[-70.98450796249236,42.325787932646136],[-70.9844822369948,42.32587784741324],[-70.98443787135638,42.326007021738725],[-70.98440453642648,42.32610761594061],[-70.98436496847829,42.32621376403891],[-70.98428100779137,42.32630341750259],[-70.98421459950367,42.32638306629196],[-70.9841261269204,42.326445690356],[-70.9840317399354,42.32648965156648],[-70.98394557247798,42.32652248586545],[-70.98386181578604,42.32654236658615],[-70.98367525144268,42.32656754742061],[-70.98357034681038,42.32657706949833],[-70.98350394122923,42.3265819028502],[-70.9834288145107,42.32661469634243],[-70.98333878413598,42.326659936986054],[-70.98321640445552,42.326714485289685],[-70.98308345252177,42.326785911585034],[-70.98292566716833,42.32686739942417],[-70.98281102778941,42.32695457302296],[-70.98268813642093,42.32707159937274],[-70.98259642859968,42.32718831580794],[-70.98249409849502,42.327283467146444],[-70.98239261425286,42.327393837293265],[-70.9823567166419,42.32748091483128],[-70.9823436137984,42.32752533070522],[-70.9823574678981,42.32756707704118],[-70.98238344641834,42.32760986830383],[-70.98246146313446,42.32765415428829],[-70.98254722404215,42.32771585089314],[-70.98264174075331,42.327834485873325],[-70.982738685577,42.327997516542254],[-70.98285441147952,42.328148837673346],[-70.98293876971721,42.32821899049422],[-70.98306038708813,42.328273015366946],[-70.98319018425907,42.328320864808944],[-70.98334397193273,42.3283727832584],[-70.98342878143742,42.32838774929072],[-70.9835946531493,42.32838624382851],[-70.98370107207525,42.328399686195],[-70.98388223941704,42.328426968617755],[-70.98408602333296,42.328433375251684],[-70.98428138440292,42.32844604584204],[-70.98435858585412,42.32845665560871],[-70.98444908413185,42.3284733569767],[-70.98459531247765,42.328485266480705],[-70.98484469393807,42.328509432073844],[-70.98506958515256,42.32853132669885],[-70.98537114191461,42.32855518468058],[-70.98560362964278,42.32856801923],[-70.98591153673178,42.32858686252509],[-70.98612526285505,42.328609155297954],[-70.98634217362728,42.3286427156628]]],[[[-70.95613394829103,42.3310787149558],[-70.95636182813801,42.33106340736216],[-70.95663478052073,42.33106973956766],[-70.95697218306748,42.331059539944846],[-70.95724627997761,42.33105975404987],[-70.95755802610331,42.331013419482524],[-70.95780175918097,42.33097459592687],[-70.95802971784354,42.33092165277184],[-70.95816914299701,42.330863790390275],[-70.9582959980246,42.330800196702185],[-70.95844631971367,42.33070250194712],[-70.95856102526358,42.330626516589696],[-70.95868016619565,42.33054262934511],[-70.95878884561758,42.33049020330051],[-70.95886340980324,42.330425912634084],[-70.95891289237649,42.33035754253237],[-70.95894443802175,42.330286747199686],[-70.95895791165272,42.33017256226281],[-70.9589648666419,42.32992672244836],[-70.95897326947015,42.32982376741387],[-70.95900022403086,42.329764834441725],[-70.9590454999637,42.32970589765294],[-70.95911689326496,42.32962916772263],[-70.9592088651908,42.32951544210502],[-70.95936608169099,42.32932027583112],[-70.95947248135893,42.32915088913594],[-70.95953595339466,42.329078083024186],[-70.95962444476129,42.32901655824405],[-70.95970983975124,42.328962401322116],[-70.95978681997926,42.32891324648527],[-70.95981682263384,42.328866661783564],[-70.95982504644255,42.32878450281601],[-70.95989540656942,42.32868643037288],[-70.96004822505026,42.328480078735396],[-70.96024893637833,42.32826323818404],[-70.96042301224944,42.32803951998404],[-70.9605817856193,42.32786011462391],[-70.9607981333264,42.32764460690227],[-70.96100665805986,42.32743572432805],[-70.96115575979067,42.32729462570871],[-70.96135766228794,42.32712226373798],[-70.96153401758357,42.327029098405355],[-70.96178422438213,42.32689747557611],[-70.9620533222155,42.326798531571875],[-70.96220022757574,42.326744120467076],[-70.9623638747294,42.326718417107614],[-70.96253486970839,42.326698959961284],[-70.96268004530394,42.32670531058714],[-70.96282808640356,42.32668853664257],[-70.9629836303574,42.32667404831699],[-70.96311345395831,42.32663081002637],[-70.96322484255995,42.32655813563691],[-70.96334236578876,42.326463072244664],[-70.96342085949476,42.32634919027916],[-70.9634768090477,42.326289851406536],[-70.96356474559194,42.326235613454706],[-70.96369462742925,42.32619966723333],[-70.96386610116951,42.32615212090291],[-70.9640423405141,42.3261005451761],[-70.96430031249625,42.32599650235463],[-70.96466225597247,42.32583559395231],[-70.96499486876371,42.32565654184431],[-70.96522534659033,42.32550348254086],[-70.965340724432,42.32540327540026],[-70.96540954299195,42.325299520490766],[-70.96545819849591,42.32516974305312],[-70.9654423523169,42.32504920884719],[-70.96537563521163,42.324932939549754],[-70.96531038258514,42.324844406349726],[-70.96530388103504,42.32473796030826],[-70.96536302685841,42.324630199085746],[-70.96550880605548,42.32453580507773],[-70.96564908309767,42.32447514666485],[-70.96574371590718,42.32441760705466],[-70.96577790754674,42.324362667436304],[-70.96592806566457,42.32428116758064],[-70.96615597487678,42.324129715010436],[-70.96644115740801,42.323948277687336],[-70.9666735347383,42.32379900555958],[-70.96694134773604,42.323619647127465],[-70.96716162957875,42.32345132152472],[-70.96740790533089,42.323279154615626],[-70.96759762955217,42.323094301063556],[-70.96776984325446,42.32292854256957],[-70.96793310419692,42.3227452764933],[-70.96813860071599,42.32251665029193],[-70.9682680485604,42.32234340068862],[-70.96836328501693,42.322169992699536],[-70.96844779122495,42.32201742203767],[-70.96856063534945,42.32181303484599],[-70.96863015175472,42.32163950769789],[-70.9687548402287,42.32144030679127],[-70.9688707694011,42.32120055161896],[-70.96897758483713,42.32100585941236],[-70.96903303863058,42.32081642168851],[-70.969093070456,42.32065968609208],[-70.96917582772267,42.32051268866609],[-70.96923914607477,42.320325627938814],[-70.96925442861644,42.3201523900948],[-70.9692719036125,42.31993468737319],[-70.96926806129589,42.31965503534868],[-70.96927612434412,42.319445751995936],[-70.96932885767639,42.319233253741686],[-70.96940944310096,42.318983251345124],[-70.96946816386449,42.318794458639296],[-70.96951101738834,42.31864610632918],[-70.9695478430601,42.31849322465981],[-70.96962685078984,42.3182865194119],[-70.96968730173751,42.31809377321972],[-70.96980139392515,42.317883898596406],[-70.96988887843465,42.31772224744946],[-70.9699939767417,42.317543211564995],[-70.97010125189347,42.3173794007539],[-70.97019053340479,42.31724926829134],[-70.97029750621685,42.31712146805745],[-70.97040752153846,42.31691994684395],[-70.97052455009708,42.31675005850221],[-70.97064322584048,42.3165862096623],[-70.97072761522507,42.31644606086242],[-70.97078983911875,42.31633083838827],[-70.97083062294556,42.316284390427136],[-70.97087504911694,42.31626658889161],[-70.97091388945873,42.316263976763274],[-70.97096157138553,42.316263025869596],[-70.97102927604202,42.31627576170758],[-70.97110280218122,42.31631769414877],[-70.97119324921941,42.31636708689359],[-70.97124795925092,42.31641064323921],[-70.97127740741686,42.316414199874345],[-70.97127300917974,42.31638888109615],[-70.97125911295136,42.316353345185085],[-70.97118182883291,42.316282045640094],[-70.9710926792016,42.31622257544965],[-70.97098260265565,42.31612699669721],[-70.97094498513111,42.31605587956854],[-70.97093502135377,42.31595626006104],[-70.97092897304206,42.315910676826405],[-70.97095682519742,42.31578584282116],[-70.97099288289745,42.315666178311055],[-70.97111323645828,42.315460832660776],[-70.97121331335903,42.31527213924503],[-70.97137862876978,42.315100761585164],[-70.97158228849992,42.314855194859746],[-70.9717653623307,42.314692361150264],[-70.9718947823474,42.31447571249703],[-70.97205976329926,42.3142857860391],[-70.9721804955413,42.31404884029341],[-70.97231772539656,42.31386994977357],[-70.9724743139506,42.3137114948316],[-70.97266119060288,42.31352833025586],[-70.97282275695967,42.31334000756649],[-70.97301522370233,42.313184507403555],[-70.97319825761805,42.31301086755572],[-70.9734328798111,42.312803702381245],[-70.97364298231837,42.31265674483313],[-70.97385594931283,42.31251529187368],[-70.97403363637119,42.31238610125987],[-70.97423329939133,42.31229815483717],[-70.9743553511196,42.31223686223889],[-70.97442378162225,42.312161729691105],[-70.97457435620723,42.31206905664118],[-70.97481729317289,42.311926028345226],[-70.97490355708472,42.311894371694],[-70.9750506549244,42.31184048526629],[-70.9752625286603,42.31177167929668],[-70.97550001325219,42.311686154133305],[-70.97571320652068,42.31158971400413],[-70.9760225090759,42.311458959976044],[-70.97619749322861,42.31136234472751],[-70.97637536861399,42.31125340821267],[-70.9765717908921,42.31113114136162],[-70.97675906036382,42.31101549475606],[-70.97686780209975,42.31093496240117],[-70.97698573789218,42.31082800282863],[-70.97708204965599,42.31071032114254],[-70.97711492246033,42.310636735762365],[-70.97713373504368,42.3105765909711],[-70.97715188888355,42.310493395376454],[-70.97713101063366,42.31043649114993],[-70.97707264874725,42.31037995653838],[-70.97700275010955,42.310325079970696],[-70.97674456885728,42.31024458781041],[-70.9766301625359,42.31023281300858],[-70.97643503254302,42.310228502991414],[-70.97616576954557,42.31022673571411],[-70.97591913276628,42.31024640822269],[-70.97560288855544,42.310264052004605],[-70.97530113277179,42.310289773785],[-70.97495468162732,42.310322493012094],[-70.97449422472503,42.31035360954503],[-70.97434091199099,42.3103674932935],[-70.97417154603384,42.31038643512178],[-70.9740648176228,42.31041412625672],[-70.97395204353843,42.310483293678615],[-70.97383412188881,42.310573414527404],[-70.97371941043842,42.31067129257954],[-70.97361426716385,42.31071249513155],[-70.97339581687747,42.31081385897303],[-70.97320189654543,42.310853483900146],[-70.97304124864769,42.31085949964095],[-70.97299365902617,42.310878998085855],[-70.97297007550863,42.31091436194678],[-70.9729328982819,42.3109361588815],[-70.9728484309948,42.31095602830458],[-70.97246680176922,42.31106114325701],[-70.97204440317586,42.31116769019918],[-70.97153252454548,42.311269502676545],[-70.97112169813379,42.31134080749509],[-70.97056608914886,42.31146429182517],[-70.9705108884794,42.311494467810284],[-70.97045782748454,42.311558865219666],[-70.97043707137443,42.311633044738294],[-70.97039172411688,42.31171782455503],[-70.97032654239462,42.31178108567675],[-70.97025046737294,42.31184150560081],[-70.97018825748509,42.311897487872784],[-70.97009172091414,42.31201129147119],[-70.97004687476208,42.31206510296873],[-70.97003227462774,42.312157316896446],[-70.96999568228574,42.312253930920505],[-70.96994125114131,42.31233695807921],[-70.96986819231981,42.312413687178676],[-70.96975331865006,42.31248635199242],[-70.9696419307573,42.31254831915019],[-70.96951362859619,42.312645590105255],[-70.96939699388761,42.31274012384245],[-70.96934285263035,42.31280289519386],[-70.96922878257192,42.312953169472415],[-70.9691250395806,42.3130146312546],[-70.96894419799919,42.31308464971153],[-70.96869772208818,42.31312690516659],[-70.96840422898323,42.31317785563301],[-70.96811155120571,42.31323277046654],[-70.96783873446047,42.31327706289947],[-70.96763520513038,42.3132896248209],[-70.96741183659535,42.31328129739877],[-70.96711479815681,42.31327766967031],[-70.96686542508333,42.31327480249179],[-70.96662813398648,42.31327766276847],[-70.96639692746852,42.31327821001443],[-70.96626150523045,42.31332718794764],[-70.9659462196038,42.313430338652736],[-70.96591057281837,42.313457182142166],[-70.96587932082772,42.31348071491782],[-70.96578844092377,42.31351234335824],[-70.96563057397388,42.31359038609535],[-70.96554994712014,42.313628814309496],[-70.96553769615183,42.31365747706344],[-70.96554015569498,42.313682246888064],[-70.965564899912,42.31371117171953],[-70.96561229577313,42.31374389312753],[-70.96566101551974,42.313806600824925],[-70.96566823738992,42.31384201638637],[-70.96564503992909,42.31387413944348],[-70.96556481264516,42.313893933213684],[-70.96549073993734,42.313903131955335],[-70.96537678809463,42.31390881400955],[-70.96515488766997,42.31392749818828],[-70.96505912860916,42.31394784953459],[-70.96498634732974,42.31399081539796],[-70.96496259763389,42.31404517327892],[-70.9649699558565,42.31412182348377],[-70.9649917774983,42.31422383958733],[-70.96497287164333,42.31429352520062],[-70.9649123699195,42.31436184674971],[-70.96479886707246,42.31447214574976],[-70.96474103282478,42.31454056966064],[-70.96467747908369,42.314611127632084],[-70.96466486083602,42.31465446354769],[-70.9646922370939,42.31468772228476],[-70.96473650150618,42.31471781857596],[-70.96482599999636,42.31473507108286],[-70.96489376175455,42.314697663841415],[-70.96494370158979,42.31463037349825],[-70.96499947545144,42.31457607468135],[-70.9650965914916,42.314538803968276],[-70.96520770212067,42.314539321069034],[-70.96528983389439,42.314552667624454],[-70.96542838299075,42.31466531008716],[-70.96548649571437,42.31469312971046],[-70.96552712213077,42.314694399022706],[-70.96556251273468,42.31466926504287],[-70.96557821728899,42.314633866065705],[-70.96559859003972,42.31457715157036],[-70.96560072704493,42.31451080904491],[-70.96564105356894,42.314490109486115],[-70.96568093230331,42.314493716060625],[-70.96570693321013,42.314517514960244],[-70.96571883166395,42.31457374929477],[-70.96571827547965,42.31463964901777],[-70.96571781503111,42.31469420534521],[-70.96569332587949,42.31482184473492],[-70.96566632275177,42.31494551108727],[-70.96561992599861,42.3150960963958],[-70.96556698849173,42.31521676115127],[-70.96549009220094,42.31537341666811],[-70.96543934685927,42.31552173090712],[-70.96538127519547,42.31564696324206],[-70.96531200095338,42.31580590484787],[-70.96529115683973,42.31591834593938],[-70.96528333542679,42.3160831553085],[-70.96525155756187,42.31624056073988],[-70.96519735937392,42.31632358671104],[-70.96518874949572,42.316337591395296],[-70.9651223656766,42.316412727975255],[-70.96502999449721,42.3165197943907],[-70.96495821922575,42.31661561278031],[-70.96484637443395,42.31674455581401],[-70.96475279002244,42.31685152632387],[-70.9646483104691,42.316984464802886],[-70.96463862993178,42.317038978154805],[-70.96459911551007,42.31710685709207],[-70.96456499522453,42.317196728571986],[-70.96454868765015,42.317288933791644],[-70.96449202769047,42.31740462899782],[-70.96444337617407,42.3175344062398],[-70.9643603812062,42.31766564395092],[-70.96429765814364,42.31776663583811],[-70.964222989267,42.317903043989105],[-70.9641631385146,42.3180372704157],[-70.96415792211883,42.318094595473696],[-70.96413242551968,42.31816875169446],[-70.96405661252601,42.318253927087405],[-70.96398467200704,42.318340200855296],[-70.96396252825404,42.31841950440655],[-70.9639615989383,42.318529247147914],[-70.96396360158677,42.3186365727403],[-70.9639415569897,42.31873280246275],[-70.96392529894153,42.318776031258736],[-70.96387995157052,42.318859187895306],[-70.96380846883802,42.318991559249774],[-70.96370296392473,42.319216233032655],[-70.963537206498,42.319464663608414],[-70.96342946210525,42.31968140399814],[-70.96330723064264,42.31991833347099],[-70.96315950598257,42.32020006889777],[-70.9630375016173,42.32040999001272],[-70.96289971787182,42.32066368205095],[-70.96270772164202,42.320986804011234],[-70.96257754231095,42.32123044779078],[-70.9624182700335,42.32145693960569],[-70.96226892042894,42.32165772893334],[-70.96212878851898,42.32184442643213],[-70.96194761228773,42.32210691724886],[-70.9618057574366,42.32231053198666],[-70.96166552164635,42.32250911242821],[-70.96148027312036,42.32270793195839],[-70.96131199870946,42.322922135900306],[-70.961159231581,42.323081763871514],[-70.96091903524447,42.323307424012306],[-70.96079298630164,42.32343512599887],[-70.96071480366615,42.32351236535679],[-70.96066358162308,42.323586400049074],[-70.96060894963605,42.32367617402503],[-70.96054620627874,42.323792378824095],[-70.96048342969412,42.32391245473554],[-70.96041949187918,42.32402640309682],[-70.96033990063852,42.32411218846453],[-70.96024967543818,42.324221421757684],[-70.96013908759164,42.324385207750375],[-70.96002871959645,42.32452315596306],[-70.95999262478838,42.32457304325372],[-70.95998597666687,42.324627030214934],[-70.95997479060615,42.32467253300467],[-70.95994818699565,42.32471913374968],[-70.95987942329891,42.324772828840196],[-70.95981114837053,42.32486875040706],[-70.95974992794687,42.325005218733295],[-70.95967275811562,42.325162409053206],[-70.95961318935471,42.32531851167329],[-70.95948411369456,42.32560096007476],[-70.95940435952906,42.32574805465415],[-70.95934800887663,42.325868160136345],[-70.95928959611506,42.326002390646046],[-70.95926081894522,42.326118664452125],[-70.95921929339981,42.32625018342306],[-70.95918834812053,42.32637878115628],[-70.95914949058401,42.32651040267929],[-70.95913818080874,42.326598669180484],[-70.95912143086204,42.32662785020971],[-70.95910059107177,42.32666709538359],[-70.95905042596712,42.32673051072758],[-70.95896072142821,42.326806524249804],[-70.95889790408913,42.32685970655073],[-70.9587621473731,42.32691533633715],[-70.9586088328044,42.32698105669137],[-70.95846527118297,42.327027106156855],[-70.95816582083437,42.32711347453688],[-70.9580611736827,42.32713485856681],[-70.95788664413767,42.32717004769934],[-70.95782464423388,42.32719847494134],[-70.95775182352418,42.32724368676881],[-70.95766987871157,42.32729173647162],[-70.95760904594034,42.32735384043194],[-70.9575594036323,42.32742680080275],[-70.95751986237242,42.3275244771206],[-70.9575070574512,42.32757456355734],[-70.95749411617768,42.327598090415094],[-70.95746837157003,42.32761489460188],[-70.95742664679987,42.32762757199232],[-70.95735730688833,42.327620492404456],[-70.95729553235911,42.327608406797445],[-70.95719414719474,42.327588841661914],[-70.95710783106847,42.32756646663861],[-70.95705728654738,42.327560646030896],[-70.95700822348387,42.32756599615474],[-70.95694795064651,42.327576875177364],[-70.95688143537602,42.327594116824145],[-70.95673810448403,42.327641245592645],[-70.95655859458434,42.327690994083746],[-70.95648492632614,42.32770757147225],[-70.95640105281092,42.32772572109787],[-70.9563316555068,42.327753572372096],[-70.95627304215529,42.32778309516036],[-70.95624177950772,42.32780662524378],[-70.95621878242052,42.327828393814755],[-70.95621968097616,42.3278509056374],[-70.95624120947237,42.32787297486913],[-70.95626301002422,42.32789162423264],[-70.95630418329792,42.32790082201438],[-70.95636466664784,42.32790786035047],[-70.95644239676986,42.327912819484034],[-70.95658303296779,42.32791114363749],[-70.95665385297468,42.32791543974833],[-70.95672149457526,42.32792251173226],[-70.95677500449226,42.327936269164695],[-70.95683376081101,42.32796076496644],[-70.95688400124988,42.328002056164244],[-70.95693012672534,42.32804215750493],[-70.95694367744385,42.32807490251492],[-70.95694162582036,42.32810190190573],[-70.95692490845246,42.32812712143393],[-70.95685456969042,42.32815154742401],[-70.95674997756826,42.32818040303872],[-70.95653536965982,42.32824799167191],[-70.95641037589681,42.32827891124713],[-70.95627439005929,42.32830410678582],[-70.95620046300644,42.328308348621285],[-70.95611174034507,42.3283118001618],[-70.95598457989512,42.32829832409538],[-70.95581122852744,42.32826653313509],[-70.95559547753635,42.32826938283344],[-70.95549226752739,42.32827852722029],[-70.95543031842422,42.32828669660104],[-70.95540712161149,42.32830342236745],[-70.95540219623008,42.32832590660345],[-70.95542263266707,42.32834797081292],[-70.95546379654,42.3283723839672],[-70.95551557856551,42.32838955494944],[-70.95558787612761,42.328419607373476],[-70.95568301672304,42.32847407609714],[-70.95576394812886,42.32854423276579],[-70.95587841485543,42.32865119044359],[-70.95594128851587,42.32870487599437],[-70.95594746672744,42.328720120351775],[-70.95593591108768,42.32873762156205],[-70.95591456897475,42.32875030484553],[-70.9558729443481,42.32876532293496],[-70.95580469102713,42.32878696721773],[-70.95570332953099,42.32879269939776],[-70.95555264134144,42.328791985780384],[-70.95537028232107,42.32881984157222],[-70.95520966138542,42.328887683513614],[-70.95513380791105,42.328918294406506],[-70.95505945407064,42.32892973591039],[-70.95499322874461,42.328927171182855],[-70.95491177433712,42.32891778193201],[-70.95482545713436,42.32892358467736],[-70.95469918477558,42.32894774406299],[-70.9545260753782,42.32901444544571],[-70.95434055139344,42.32908558915223],[-70.95419065831362,42.3291473585391],[-70.95406522967504,42.32921428561774],[-70.95400930288568,42.32926965870211],[-70.95396086368096,42.32928689449033],[-70.95393620007948,42.329304783385936],[-70.95390813927868,42.329322656137435],[-70.95388187430163,42.3293433283523],[-70.95385944286517,42.32936969068193],[-70.95383026053814,42.32939097923634],[-70.95382827604254,42.32942410094803],[-70.95384461627219,42.32948494901865],[-70.95387196296186,42.32952172126504],[-70.9538868189186,42.32954366919966],[-70.95388345089373,42.32958245624524],[-70.9538918751903,42.32963264312735],[-70.95387734492208,42.32967137714233],[-70.95385379266426,42.32970106526456],[-70.95382900288088,42.32971949371861],[-70.95379653517999,42.329741847017075],[-70.95376843984054,42.32974963617982],[-70.95371890358047,42.32976740683493],[-70.95368658123556,42.32978696985487],[-70.95368040298173,42.32981394957243],[-70.95370456698053,42.329825858376324],[-70.95374268371503,42.329823788758425],[-70.95376573168112,42.329838483184155],[-70.95375339908436,42.32986156235914],[-70.95372833236028,42.329883950806924],[-70.95370788156617,42.32990573097396],[-70.95367117653043,42.329926983736264],[-70.9536168398694,42.32995265419601],[-70.95358869630233,42.32998006968343],[-70.95356540588516,42.33000750823385],[-70.95355515535542,42.33005643596997],[-70.95355926056081,42.33010093043431],[-70.95357418905544,42.33015664009924],[-70.95359999201324,42.3301895337651],[-70.95361454785886,42.3302181425442],[-70.95359596901947,42.33024794428108],[-70.95356483559371,42.33027030385542],[-70.95355627353537,42.33032041000871],[-70.95356962012467,42.33037665233316],[-70.95360464511802,42.33042354452223],[-70.95365655518046,42.33045413144529],[-70.95369308510175,42.330481314133145],[-70.95376210725956,42.330483352709976],[-70.95384070519074,42.3304865171046],[-70.953907101594,42.330483501424816],[-70.9539498830216,42.33048928652841],[-70.9539985554428,42.33051544643381],[-70.95410320565674,42.330607054062654],[-70.9541752129367,42.33065691262798],[-70.95428246414176,42.33072836566373],[-70.95441461350858,42.330768876335874],[-70.95459568655212,42.33080646792764],[-70.95479744226107,42.330851719868434],[-70.95511864932745,42.33091860478917],[-70.9553705877772,42.33098390022535],[-70.95564415649363,42.33103138152051],[-70.95589048428357,42.33105784621411],[-70.95613394829103,42.3310787149558]]],[[[-70.94441756308177,42.33214518362006],[-70.94448946484458,42.332178752272824],[-70.94453733228966,42.332185735846906],[-70.94461141521806,42.33217817112274],[-70.94467149217886,42.33216270605743],[-70.94476718376585,42.33214012053025],[-70.94486969150599,42.33214277631842],[-70.94498397465563,42.33215863328911],[-70.94503665490795,42.33214259213973],[-70.94511686066002,42.33211479983562],[-70.94533427550554,42.33207596565776],[-70.94546384220602,42.33206470674983],[-70.94554355511055,42.33205158670696],[-70.9455375265725,42.33201950685056],[-70.94550719198644,42.331991811269354],[-70.94544913985351,42.33197010403208],[-70.94541227606786,42.33195363071326],[-70.94534481368309,42.3319257559648],[-70.94520808666516,42.33185415231977],[-70.94508843865805,42.33178596207492],[-70.94496156569173,42.33169766006469],[-70.94481639637762,42.33160647861015],[-70.94471365108494,42.331520363539894],[-70.94458204045584,42.331418983822324],[-70.94448472684192,42.33132236123953],[-70.94430969806011,42.331232565346426],[-70.94413489732743,42.331172120165135],[-70.94408418358226,42.33115774016835],[-70.94407341919921,42.33112617750436],[-70.94402641629621,42.33108993806275],[-70.94403105147086,42.33099047698928],[-70.94404281464666,42.33090833620708],[-70.94405261943449,42.33084194125585],[-70.9440765665758,42.33076787209007],[-70.94410390221923,42.33069480963818],[-70.94411838695774,42.330648153949305],[-70.94415462527664,42.330500859522296],[-70.9442021205391,42.33039809448626],[-70.94423817856405,42.33034037932507],[-70.9442758786319,42.330275289604074],[-70.94431985298509,42.33021419153438],[-70.94436692530282,42.33014572593526],[-70.94443417413545,42.33005944179664],[-70.94448594328583,42.32999496018173],[-70.94453748468493,42.329928766866416],[-70.94460316887255,42.32985480922152],[-70.94464061344046,42.32980493326842],[-70.94470004847636,42.329751742382186],[-70.94474487706549,42.329717657372285],[-70.94477789437659,42.329674512263466],[-70.94479215833601,42.329639109208046],[-70.9448004669162,42.32960484778143],[-70.94476477659146,42.329606926155094],[-70.94468407527319,42.329663885647214],[-70.94458003648013,42.329739368602304],[-70.94448594331476,42.329842898958965],[-70.94439076183089,42.329945973825886],[-70.94429697392917,42.330069942385734],[-70.94423909298767,42.33013952609571],[-70.94419392507746,42.33019836760657],[-70.94416653721001,42.330263597195525],[-70.94412267249278,42.33033982083102],[-70.94408340996334,42.330403192369666],[-70.9440162943205,42.33055708971447],[-70.94400002091609,42.3306554141423],[-70.94393907558167,42.330825096584846],[-70.94389657678433,42.33091150016069],[-70.94386920392091,42.33100256844361],[-70.94384469675681,42.33108509770371],[-70.94384622480155,42.33111832628045],[-70.94381803822488,42.33113628600129],[-70.9438168903519,42.33115644723658],[-70.94381614998703,42.33117165877656],[-70.94381275801585,42.33119865145739],[-70.94378953360635,42.33123185030145],[-70.94373058701643,42.331229224283874],[-70.94367043632236,42.33125315134946],[-70.94361504411476,42.33130167968878],[-70.94366916061901,42.33139827402859],[-70.94375576845361,42.3315117711998],[-70.94378946164345,42.33155757959189],[-70.94376625845364,42.33158834771398],[-70.94373821329074,42.33163160661298],[-70.94371427914945,42.331676505944245],[-70.94371305183039,42.331733309123194],[-70.9437533551023,42.331786351933964],[-70.94380125200249,42.33181755410904],[-70.94385660483775,42.331842580244604],[-70.94390318299128,42.33187197539049],[-70.94395132933587,42.331916233100856],[-70.94399947258414,42.33196085089652],[-70.94403785942795,42.33201109339504],[-70.94411174645029,42.33203963019182],[-70.94417462980789,42.33205001764933],[-70.94422695166305,42.3320609842236],[-70.9442948512158,42.332080488925556],[-70.94436689393315,42.33211180758037],[-70.94441756308177,42.33214518362006]]],[[[-71.01287453287595,42.33384607153371],[-71.0129049927532,42.333861415636854],[-71.01294582295688,42.33383791079089],[-71.01300842759942,42.33376003013785],[-71.01305167509669,42.33369044023073],[-71.0131008422493,42.33360845126475],[-71.01316806127943,42.33351429466992],[-71.01321326381887,42.33345866760051],[-71.01326487808082,42.333373988029514],[-71.01331704349911,42.333296513153215],[-71.01335915451386,42.3332168349751],[-71.0134142277979,42.333155667760124],[-71.01346088451015,42.33310022680575],[-71.01352303381798,42.33303404781563],[-71.01357804980066,42.332964507505075],[-71.01361226566698,42.3329173866202],[-71.01365175468064,42.332847240398735],[-71.01368297163815,42.332795605313436],[-71.01370847334232,42.33274556657982],[-71.0137300998944,42.33269452112019],[-71.01376659083253,42.33263552587397],[-71.0137807642959,42.33260695633679],[-71.01380610478894,42.33254629337832],[-71.0138687122519,42.332483537268516],[-71.01392173900521,42.332420110405366],[-71.01399198510838,42.33234226151444],[-71.0140359067135,42.33227942631197],[-71.01410130399519,42.33220092664646],[-71.01415777462569,42.332131392200246],[-71.01422163820251,42.332062969324866],[-71.01428690098889,42.3320019347722],[-71.0143324820464,42.331944148136486],[-71.01439627547681,42.33188481788034],[-71.0144354602178,42.3318225026913],[-71.01446516776592,42.33176185802731],[-71.0144998545322,42.3317164494275],[-71.01450452916212,42.33167649592022],[-71.01447886570098,42.33163704449086],[-71.01444902169617,42.33160477778511],[-71.0143759788235,42.331588714019794],[-71.01429006614164,42.33158952144207],[-71.01424263810254,42.33158761047251],[-71.01418092319126,42.331581677792656],[-71.01413921854142,42.331577090072706],[-71.01409202004895,42.33157689057821],[-71.01406507170609,42.331578397203856],[-71.01402013984041,42.33161484940889],[-71.01396894734327,42.33166072826045],[-71.01393157292037,42.33170846611385],[-71.01389117479124,42.33175493075086],[-71.0138397089918,42.33180476970179],[-71.01378512233305,42.33185018396732],[-71.01372618142493,42.33189377919123],[-71.0136639035489,42.3319452828936],[-71.01359517368458,42.33201530540984],[-71.0135407347672,42.33208880949418],[-71.01349495403745,42.33215667831459],[-71.01344790726644,42.33223138402545],[-71.01342254579113,42.33229474771628],[-71.01338800023204,42.332353210913936],[-71.01335618992114,42.33241888806662],[-71.01332174461841,42.332464297341815],[-71.01329356522345,42.332531160235604],[-71.01327258329785,42.332593011925304],[-71.01326552906542,42.332642498465034],[-71.01325136383282,42.332685742836674],[-71.01323246651238,42.33272896716924],[-71.01320003987367,42.33276430161279],[-71.01315605241777,42.332803998549515],[-71.01311421361885,42.332848296090816],[-71.01308110259818,42.33289371094257],[-71.01305625481183,42.33293754024966],[-71.01300538041768,42.333020692361856],[-71.01296772387131,42.33310489077813],[-71.01293029249244,42.3331755856616],[-71.01289830791349,42.33323225895914],[-71.01287362000936,42.333271047232145],[-71.01280776940666,42.33334504278012],[-71.01274380801053,42.33341004331538],[-71.01269244399063,42.33347788813959],[-71.01263005971818,42.33354289529612],[-71.0125864436941,42.333581513228914],[-71.01254161424889,42.33362012599983],[-71.01250489628816,42.33366111392609],[-71.01248839444652,42.333676799165275],[-71.01246756396623,42.333703089563016],[-71.01244715223378,42.3337380245951],[-71.0124563530046,42.33375651972797],[-71.01247768679589,42.333775156344274],[-71.01251811768392,42.33378775191125],[-71.01257625132888,42.33380204306083],[-71.01262888530148,42.33380568734722],[-71.01267759351012,42.33381489681631],[-71.01271744897086,42.33382343853201],[-71.01274981965882,42.33382699687067],[-71.01278062197731,42.33382937816566],[-71.01281753481977,42.33382611346999],[-71.01283950516677,42.333825126217235],[-71.01286734820613,42.33381786175882],[-71.01287453287595,42.33384607153371]]],[[[-70.92516350947946,42.328730103278616],[-70.92540564284644,42.328935593036995],[-70.92577178384381,42.32932788482204],[-70.92600899535151,42.329554775925544],[-70.92628151493295,42.3297952572843],[-70.92657196596763,42.330065627503906],[-70.92676175969117,42.330277065297295],[-70.92689397809774,42.33042852554886],[-70.92705965992833,42.330569438808816],[-70.92720729040495,42.33069396636839],[-70.92743223164811,42.33095050331722],[-70.92753202996259,42.33105120421653],[-70.92754931272384,42.331072177341056],[-70.92759251804834,42.331124790193385],[-70.9283758760297,42.33195678790073],[-70.92846941000161,42.33202594615989],[-70.92858073522224,42.33208672992107],[-70.92869908937078,42.33212161975104],[-70.92879919816075,42.33216146050315],[-70.92885683852658,42.33222818932491],[-70.92890410038736,42.33228865446002],[-70.92898318697726,42.332358820881126],[-70.92906750603485,42.33244080721368],[-70.92916226490273,42.332522305140635],[-70.92922790382917,42.33260365840738],[-70.92930549900018,42.33269128308688],[-70.9293930251724,42.33275410862151],[-70.92941279657994,42.33276834152721],[-70.92945789605159,42.33281304037426],[-70.92948543331227,42.33284072633535],[-70.92956673571231,42.332920986738536],[-70.92963189435983,42.333028806308874],[-70.92970955110198,42.333123183285394],[-70.92976872455316,42.33322197004282],[-70.92978707633188,42.33324564902816],[-70.9298255634626,42.33329706720212],[-70.92979833302839,42.3333430276867],[-70.92978309889571,42.333377343722105],[-70.9297790330992,42.33345150857333],[-70.92978782308168,42.3334994483253],[-70.92980576971703,42.33355463592213],[-70.92987445999091,42.33360728424277],[-70.92996546598606,42.333647709019054],[-70.93007118432826,42.33365786643261],[-70.93018548296848,42.33365843303092],[-70.93031515690241,42.33363593790865],[-70.93046151393165,42.33359335849517],[-70.93057133892722,42.33355167831081],[-70.93067007119144,42.33351561499826],[-70.93079393548355,42.333450956359655],[-70.93094105566894,42.33336390512121],[-70.93111072360493,42.333279216037106],[-70.9312459974087,42.33318706408495],[-70.93144535110184,42.33309351833878],[-70.93164324824566,42.333013469600225],[-70.93183992659124,42.33292045012698],[-70.93202063358198,42.33283581426202],[-70.93207970756453,42.332783798480435],[-70.93207276100581,42.33273307707038],[-70.93201600114844,42.3326894920406],[-70.93194219478161,42.33265248499509],[-70.93186859965024,42.3326189901296],[-70.93179804845681,42.33258433986702],[-70.93175652195717,42.33253344750965],[-70.93167392309385,42.33246218528701],[-70.93160083933641,42.33237179358183],[-70.9316277396732,42.33233537425642],[-70.93162372563461,42.332255407440655],[-70.93162924109407,42.33216819527955],[-70.93162544374803,42.332064101391786],[-70.93165104460873,42.331969696071795],[-70.93168111934368,42.331877023439816],[-70.93169257520562,42.33180388537652],[-70.93171219485644,42.331686402691346],[-70.9317250604051,42.3315913942078],[-70.93166854528371,42.33154772016898],[-70.93159921841705,42.3315119954583],[-70.93152458375114,42.33147282330246],[-70.9314079942114,42.33140355349778],[-70.9312826083883,42.331327487775475],[-70.9311722517516,42.331266801450326],[-70.9310866431352,42.33115266941307],[-70.93104721079189,42.33108495145592],[-70.93102692868261,42.33100607447081],[-70.9310348306503,42.33099089844426],[-70.93107825713402,42.330884247289475],[-70.93109214123058,42.33074350845211],[-70.9311263860959,42.33060539122238],[-70.93111682646433,42.33050802104277],[-70.93109525525854,42.33039708685362],[-70.93106036476772,42.33024260204655],[-70.9310742826903,42.33011158664499],[-70.93107100244977,42.33000407409113],[-70.9311096859574,42.329871560700354],[-70.93112653080362,42.32977936288053],[-70.93118427375647,42.32971320617193],[-70.93125603893652,42.32963937619582],[-70.93136755999781,42.32959716346095],[-70.93153571608002,42.32953101252266],[-70.93164216661833,42.329431875218255],[-70.93170912397873,42.329366394017086],[-70.93181002227158,42.3293045017043],[-70.93189129194924,42.329239541292374],[-70.93191799799817,42.32917052990646],[-70.93192890116777,42.329064257851],[-70.93188861475211,42.328956562417126],[-70.9318343152627,42.328855549986955],[-70.93171582843712,42.32875485043268],[-70.93163389206072,42.32866441489024],[-70.93156511912966,42.32860789582799],[-70.93148882570438,42.3285511594682],[-70.93132451991583,42.32851316416236],[-70.93116951028021,42.32849385092566],[-70.9309829307522,42.32849067671928],[-70.93078120558073,42.32849868101746],[-70.93058074431245,42.32852802843973],[-70.93040916845915,42.32854293371477],[-70.93023526163131,42.32854720358681],[-70.9300750103415,42.32855757294187],[-70.92988406811433,42.328540330570995],[-70.92969682175394,42.32851689411734],[-70.92949863628307,42.328482149259465],[-70.92933462609388,42.32842497608078],[-70.9291307933348,42.32835725139961],[-70.92893481521823,42.32827966202449],[-70.92871651797005,42.3282149257778],[-70.92849913121545,42.328130026814286],[-70.92827065970825,42.328050023978804],[-70.92811354252686,42.32795534061587],[-70.92792269331804,42.32784752477103],[-70.92780936005518,42.327781598543844],[-70.92772065431875,42.327715974876774],[-70.92768174316451,42.32765834169632],[-70.92765944374564,42.327588457037805],[-70.92765558976855,42.32753162860892],[-70.92751727592697,42.327517975446256],[-70.9273268896732,42.32747993452967],[-70.9271612865415,42.32741158649744],[-70.92708089579189,42.32731215229543],[-70.92696353741525,42.32720857240593],[-70.9267958691006,42.326979869211236],[-70.92673723120008,42.32689008646114],[-70.92668579618818,42.32680880247249],[-70.92665561117825,42.326752382845505],[-70.92661316303585,42.32668356785753],[-70.92650380460577,42.32650071049476],[-70.92644779552042,42.326294981387036],[-70.92643404992465,42.326178413300234],[-70.92641731808511,42.326043284018354],[-70.92638613848244,42.32590925302821],[-70.92638674021556,42.3257759208128],[-70.92637064575574,42.32570435625042],[-70.92632359953228,42.3255673650715],[-70.92622871680872,42.32550107915618],[-70.92616027121095,42.32544951009477],[-70.92607313668985,42.32539847789091],[-70.92592127823723,42.32535378463877],[-70.92572004190605,42.32530893452437],[-70.92557519144123,42.32530758051879],[-70.92539418151773,42.32529335126679],[-70.92518474341495,42.32524323743858],[-70.92501949280542,42.32521711234025],[-70.92489138175004,42.325189462253356],[-70.92476359103794,42.32519332432088],[-70.92463181292293,42.3251820411533],[-70.92449354463763,42.3251373240017],[-70.92431960733104,42.325132581673685],[-70.9243490562346,42.32514956487622],[-70.9244051488446,42.325171813238136],[-70.9244631678766,42.32519569176832],[-70.92426481482295,42.32519415823344],[-70.92403005308019,42.32526050502554],[-70.92381292823634,42.325361871608315],[-70.92364215116638,42.32547634456109],[-70.92351275364557,42.32558994443504],[-70.92341030124243,42.3256890043489],[-70.92334045158496,42.32584503701869],[-70.92329857145933,42.32607386462902],[-70.92328721791137,42.326228029994866],[-70.92326046267644,42.32630154074012],[-70.9232516911258,42.32634543163457],[-70.92317635905037,42.326357387809736],[-70.92314289223206,42.32644842080211],[-70.92305304374874,42.32648227149785],[-70.92295560767289,42.32650996195604],[-70.92287645097278,42.32654215560767],[-70.92282998084056,42.326568931442765],[-70.92279736998574,42.32660595030591],[-70.92277989587409,42.32663287172099],[-70.92283398915487,42.32664826847761],[-70.92300613215708,42.32663733871087],[-70.92308643964446,42.32662531758729],[-70.9231669372356,42.32661905931631],[-70.92322186600747,42.32662266608207],[-70.92328526111677,42.326629196276954],[-70.92333129234171,42.326637259875575],[-70.92336648403425,42.326649860636486],[-70.92339136054578,42.32672930233168],[-70.92339448574455,42.32683906523139],[-70.92350820677088,42.32699493830178],[-70.92362512053325,42.32709338778453],[-70.92371663947071,42.327169292230224],[-70.92383805118583,42.327320161803826],[-70.92401562778895,42.327512276574176],[-70.92416922711008,42.32765943575009],[-70.92433044945786,42.32782229819813],[-70.92457750363299,42.32809974878675],[-70.92480512794822,42.328365937812244],[-70.92516350947946,42.328730103278616]]],[[[-70.96882079806298,42.355866370318935],[-70.96880846955432,42.35586010132746],[-70.96876710381387,42.35584253452612],[-70.96874086359955,42.35583061942394],[-70.9687146203709,42.35581906442036],[-70.9686593573492,42.355794140973224],[-70.96867157539111,42.355784654280654],[-70.96855063132517,42.35573232837211],[-70.96849445752731,42.355714693038024],[-70.96846753679768,42.35569710285886],[-70.96847464301311,42.35564590882722],[-70.96847781291274,42.355600908647865],[-70.96846902760551,42.355548560808664],[-70.96848373943747,42.35548785878366],[-70.96849920486403,42.355409694484045],[-70.96853290380149,42.35534286815683],[-70.96856545165623,42.355297463560504],[-70.96861699566792,42.35524485432993],[-70.96864957556627,42.355210073358236],[-70.96870273590596,42.35515288004399],[-70.96876423558412,42.35507105709914],[-70.96880792642746,42.3550284948271],[-70.96884295998669,42.35496167457062],[-70.96885919707523,42.354907191584275],[-70.96886213662454,42.35483176029466],[-70.96883977048742,42.354777729215535],[-70.96881761647184,42.354712895549795],[-70.96879737126937,42.354652032001795],[-70.96875993295731,42.35458604736372],[-70.96871693717749,42.354545875555516],[-70.96868710495384,42.35451368716178],[-70.96863203816925,42.35446553693743],[-70.9685647306117,42.354415169406025],[-70.96848923876767,42.3543709760555],[-70.96840647959075,42.35432494846654],[-70.9683107201166,42.35426598646535],[-70.9682489017329,42.35422689783511],[-70.96814153285834,42.35416284034462],[-70.96804969903555,42.354113439425284],[-70.96793168607913,42.35405941582367],[-70.96782074890476,42.354015598200604],[-70.96768844071664,42.353972761902746],[-70.96757342407456,42.35392334331361],[-70.9674746947588,42.35388570389389],[-70.96738529174516,42.3538504483567],[-70.96726947226188,42.35380993868248],[-70.96713967892595,42.35378565951745],[-70.96702494984518,42.35375982949013],[-70.96695973729797,42.35373476906005],[-70.9668669507014,42.35369778686795],[-70.96680109121719,42.35366309016863],[-70.9666949035552,42.35361758290607],[-70.96659054046114,42.353571633858984],[-70.96648545534481,42.35352496112851],[-70.96640065195571,42.35349134669258],[-70.9663037157693,42.35345713570727],[-70.96620473075554,42.353421204564434],[-70.96610483107987,42.35337860688967],[-70.9659860267987,42.353332410180556],[-70.96589731814994,42.353286983340375],[-70.96582135669449,42.353255660282244],[-70.96572585790325,42.35322379625481],[-70.96566962809463,42.35319877681918],[-70.96561657306238,42.353171521365724],[-70.96551035437281,42.35312988413081],[-70.9654201871607,42.35307040550014],[-70.96536422388245,42.35301387674548],[-70.96530850077168,42.35294330444038],[-70.96526201204891,42.35287160466144],[-70.9652174201276,42.35279091070922],[-70.96519234310773,42.35272777326769],[-70.96517603317321,42.35263262600636],[-70.96521237998974,42.3525686938684],[-70.96525914918324,42.352521015538635],[-70.96532579829628,42.352476400606456],[-70.96538786026599,42.35242879332826],[-70.9654518488873,42.35238299556747],[-70.96548729667461,42.35233922582512],[-70.9655066680791,42.35228754876124],[-70.96552215997822,42.35220659399394],[-70.96552558614049,42.35211712034734],[-70.96551774570486,42.35203947826009],[-70.96548348235956,42.35194307719441],[-70.96545181408268,42.35188432061721],[-70.96540175752301,42.35181836619422],[-70.9653449430829,42.3517477888099],[-70.96526979258432,42.35162076750144],[-70.96520819517062,42.3515417050055],[-70.96514497214525,42.35146830678863],[-70.96507935348106,42.35137680140776],[-70.96501510009908,42.351296105910954],[-70.96495410363498,42.35123217106782],[-70.96488495311883,42.35115649437554],[-70.96481707615239,42.35108811597871],[-70.96472888081043,42.35101118016303],[-70.96463336541805,42.350938711686474],[-70.96455185085026,42.350889896126006],[-70.96445141228163,42.35081119251489],[-70.96435279163273,42.35074717213682],[-70.96425498220543,42.350716376443216],[-70.964158303592,42.350709713918334],[-70.96408046619341,42.35069971799219],[-70.96395321853396,42.350676707459826],[-70.96387631401734,42.35067121723331],[-70.96377173202659,42.35066622810044],[-70.963697280135,42.35067209294493],[-70.96361526518432,42.350682423952414],[-70.96353329371821,42.35068762340628],[-70.96347597849109,42.350690777130666],[-70.96341458481047,42.35068823991821],[-70.96335190418255,42.35068002478994],[-70.96331054099785,42.350677040821495],[-70.963260078258,42.350659339508105],[-70.96324888342095,42.350634078911],[-70.96323773823833,42.35060296660769],[-70.96323888103925,42.350582715238076],[-70.96323671563711,42.35055182491004],[-70.96322812601969,42.35053422900385],[-70.96320697660937,42.35052350676085],[-70.96316122372183,42.35050861831281],[-70.96312635049713,42.35049891234109],[-70.96307138279268,42.35048290047634],[-70.96298342550229,42.35049266310716],[-70.96295687263296,42.350475073318165],[-70.96291645332657,42.35044670521153],[-70.96283459741197,42.350381141281694],[-70.9627435390753,42.350313013462056],[-70.96267286983613,42.35025938561395],[-70.96259479419959,42.35020608322683],[-70.96252763187859,42.35015400218339],[-70.96246678539175,42.35010141044512],[-70.96240400706466,42.35004763925431],[-70.9623609702086,42.35001313668248],[-70.96231913330543,42.34998026024161],[-70.96227874750194,42.349948020779486],[-70.96225485978896,42.34993107349595],[-70.96222723218423,42.349897183111466],[-70.9621040547026,42.34986680710814],[-70.9620298557872,42.34982873750226],[-70.96194632086102,42.349789543805414],[-70.96185420915995,42.349759853069315],[-70.96176451916853,42.34971657909106],[-70.96172040165588,42.3496950355106],[-70.96166382974585,42.34965371707492],[-70.96161768168444,42.34961406795307],[-70.96154589046485,42.34956412536575],[-70.96145670865177,42.34951824265784],[-70.96137384876893,42.34947112907529],[-70.9612754441119,42.34942511299294],[-70.96118021605908,42.349390905618634],[-70.96111396271937,42.34937483992385],[-70.96105445762639,42.3493644776993],[-70.96096295379519,42.34933478909068],[-70.96087655741239,42.3493039539673],[-70.96081567811925,42.349283951982876],[-70.9607452693704,42.34927128772319],[-70.96064492526509,42.349239306655306],[-70.96055152992841,42.3492179816198],[-70.96045302492391,42.34918384829483],[-70.96036827355766,42.349145187908725],[-70.96033329012936,42.3491343101764],[-70.96028308140065,42.34911552837492],[-70.96023041080355,42.349086561622364],[-70.96026548097038,42.34908726642095],[-70.96030986713934,42.349091436067624],[-70.9603700178435,42.34909721018765],[-70.96043424510036,42.349108855344795],[-70.96051829504765,42.34913013663214],[-70.96061696818668,42.34915877887012],[-70.9606444615103,42.34916557004051],[-70.96062090608304,42.34910973107786],[-70.96056769740255,42.34904420983978],[-70.96049753684714,42.34898824223489],[-70.96043265349024,42.34892545708037],[-70.96037809411254,42.34889026947134],[-70.96032051751423,42.34883886230189],[-70.96025763472242,42.34878346888228],[-70.96015555181239,42.34872780136588],[-70.96007892197244,42.348676214588785],[-70.96001293397029,42.34862917922771],[-70.95995412192568,42.34859460165094],[-70.95991096602899,42.348560097581114],[-70.95985603708134,42.34851140350391],[-70.95981080886922,42.34847797001904],[-70.95974501096106,42.34843714745376],[-70.95968131082621,42.348406508081965],[-70.95963348503417,42.34836459951258],[-70.95958028863805,42.348312042157495],[-70.95952383010294,42.348257758876095],[-70.95947454277196,42.34821647357747],[-70.9594244544136,42.3481695126095],[-70.95937835653082,42.34812428094823],[-70.95934718513742,42.34806507479175],[-70.95930777567321,42.34800411932092],[-70.9593000156929,42.34797482312224],[-70.95927335220281,42.347942016894116],[-70.95923108647112,42.34791705991324],[-70.95918064367359,42.347869016808566],[-70.95912825120809,42.347836089529515],[-70.9590876939298,42.34781006017247],[-70.95904113162678,42.34777662009958],[-70.95900662334981,42.34775286991823],[-70.9589641749004,42.34773511436794],[-70.95898252230423,42.34777526399279],[-70.9590148519418,42.34781250841305],[-70.95902943276343,42.3478389557668],[-70.95901781675329,42.34786320918359],[-70.95898676690508,42.34786081234929],[-70.95895333828649,42.34785273243131],[-70.95891799683544,42.34785544708793],[-70.95886546563342,42.347852949134825],[-70.95882805252667,42.34785664434298],[-70.95879412969848,42.34786377710235],[-70.95877199761975,42.34786880463339],[-70.95875328496751,42.347885552140184],[-70.9587420388292,42.34785236820722],[-70.9587334693119,42.34783261132469],[-70.95872337104169,42.34782131005387],[-70.9586933603528,42.347825130093696],[-70.95866348281612,42.34778501617027],[-70.95863460429777,42.34772744114477],[-70.95860172546611,42.34766930709661],[-70.95856044336202,42.34761455460474],[-70.95852673478034,42.34756830057108],[-70.95850492404475,42.34750742768596],[-70.95848845910457,42.347460084454895],[-70.95846271166849,42.34740540508275],[-70.95841634264305,42.347349458188205],[-70.95839134041933,42.347321161066986],[-70.95837172132688,42.347287847623136],[-70.95835422820754,42.34726138646217],[-70.95833654745937,42.34724266698553],[-70.95821800122154,42.346431299167214],[-70.95685847249678,42.34495964802219],[-70.95677110090278,42.344986784428414],[-70.95677988819166,42.34502346813353],[-70.95675296214226,42.34503567502208],[-70.95671498243381,42.345063134767244],[-70.95665570779599,42.34508302138591],[-70.95661001442971,42.345104232578485],[-70.95657974359742,42.34512434625474],[-70.95655300219148,42.34514330621537],[-70.95652212380121,42.345149372332905],[-70.9564872885746,42.345135703179444],[-70.95649418522474,42.34510989718434],[-70.9565059222818,42.3450857346078],[-70.9565208386155,42.34505879612911],[-70.95651582822171,42.345034554389564],[-70.9565000888729,42.345001889149856],[-70.95647234520013,42.34495386207022],[-70.95645723201766,42.34491894903504],[-70.95646019112647,42.34488529182083],[-70.9564914041331,42.344868513737325],[-70.95652481161669,42.34485057562866],[-70.95657545037655,42.34481876430816],[-70.95660267243059,42.34480034679295],[-70.95656241887811,42.344753430999454],[-70.95651310150454,42.34468792617721],[-70.95646034827361,42.344640951261745],[-70.95640476375422,42.34458450978973],[-70.95633296697184,42.34452222971526],[-70.95629487346994,42.34447820499584],[-70.95622046508868,42.34440916025163],[-70.95616524029087,42.344367395244795],[-70.9561166637467,42.34434285738283],[-70.95609584312788,42.344322502150646],[-70.95605526833549,42.34438362061321],[-70.95601605641288,42.34442736972553],[-70.95598591774477,42.34446035815818],[-70.95594270214058,42.34453217765105],[-70.95594134605892,42.344492287959895],[-70.95594259326357,42.34446015316368],[-70.95594394634243,42.344429819467514],[-70.95594868288028,42.34438707764541],[-70.9559525940813,42.34432740628344],[-70.95595258221091,42.34428644259143],[-70.95596756162585,42.34422394263988],[-70.95597836009952,42.344153680326],[-70.95597154252498,42.34408558540919],[-70.95597141426504,42.344015811572596],[-70.95597044596866,42.34393081869429],[-70.95597295994885,42.34390661252574],[-70.95593049987028,42.34391883575165],[-70.95586664317123,42.34393536917332],[-70.95578391739424,42.34395865552797],[-70.95569629827148,42.34395824077441],[-70.95563611570243,42.343956785466034],[-70.95554348689804,42.34396030819659],[-70.95551777411792,42.34395847586621],[-70.955463950106,42.343951468719936],[-70.95542436815877,42.34393948732574],[-70.95538203842995,42.34392245122352],[-70.95534971928005,42.34391266492448],[-70.95532550077007,42.34390642816026],[-70.95530212834008,42.34391469022609],[-70.95529342494265,42.34393886705906],[-70.95529001826354,42.34398215534039],[-70.95528960673573,42.3440299593098],[-70.95528183044578,42.34407331691887],[-70.95528877825318,42.34412619743119],[-70.95527862319386,42.34414982720495],[-70.9552081299011,42.34417596202779],[-70.95509095886695,42.344210788568425],[-70.95500725654614,42.344220565241365],[-70.95494545733249,42.34422360340871],[-70.95490070580206,42.344234104823244],[-70.9548725270164,42.34423676215695],[-70.95483970726549,42.34421463923523],[-70.95479281844925,42.34414923520169],[-70.95474832859381,42.34407303892628],[-70.95470226587025,42.34399629499247],[-70.95465685845957,42.34392801696517],[-70.95461158228545,42.34384452447318],[-70.95454703550278,42.34375805958367],[-70.95447527431233,42.3436638178468],[-70.95441921242379,42.34356451884862],[-70.95436063147476,42.3434899661145],[-70.95432368136875,42.34341209486981],[-70.95425724631562,42.343305454123865],[-70.95420810717732,42.34321969237112],[-70.95415083296164,42.34314847683499],[-70.95410029588558,42.34309818021748],[-70.95406064738278,42.34305180656952],[-70.95402622606669,42.34303255676112],[-70.95399156206294,42.34301330578975],[-70.95397248551848,42.343030050807435],[-70.95396606354625,42.34307107399224],[-70.9540039112649,42.34312923305214],[-70.95403833238284,42.343190706937584],[-70.95409688316063,42.34326868084073],[-70.95414439156012,42.34334651225867],[-70.9541832347314,42.3434159297302],[-70.95422518951938,42.34347635895773],[-70.95426831002908,42.343556420240766],[-70.95431755121679,42.34363038851505],[-70.95436310346928,42.34369587644118],[-70.9543995629327,42.343774375549025],[-70.95443037879278,42.343859960233836],[-70.95444045215952,42.343944366129385],[-70.95443546183277,42.343988277083746],[-70.95442767642412,42.34403262492483],[-70.95438672993832,42.34405223722285],[-70.9543435565994,42.34404861120224],[-70.95427351981681,42.34403585466684],[-70.95422346236091,42.34401427995918],[-70.95416914872371,42.34397963067628],[-70.9540742432164,42.34389536217649],[-70.95403071956498,42.343862024477595],[-70.95399085716745,42.34385445272596],[-70.95395771208328,42.34384196121236],[-70.9539309699724,42.34381878653018],[-70.95388416503776,42.343771928691666],[-70.95381938671105,42.34376865000259],[-70.95377449973279,42.34375268151745],[-70.95374377719516,42.34374074163017],[-70.9537117680512,42.343737258441216],[-70.95363312481729,42.34372338026087],[-70.95358548576428,42.34373098648278],[-70.95354433142008,42.34373250146537],[-70.95352541794553,42.34375843024246],[-70.95349273054715,42.3437772712079],[-70.95344604288832,42.34380117732358],[-70.9533875144277,42.343818995119236],[-70.95333808373545,42.343837306290894],[-70.95329647269868,42.34386357726254],[-70.95327445361987,42.34389777399112],[-70.95326095355061,42.34391517561589],[-70.95318494110266,42.3439339004982],[-70.95310775781586,42.343961712790794],[-70.95306863594041,42.3439948377994],[-70.9529965807275,42.34399098385268],[-70.95291034001313,42.3439995765335],[-70.95286604959622,42.34401287028141],[-70.95288042310192,42.344048860646176],[-70.95290556505513,42.344158816872486],[-70.95293509499206,42.34435081128844],[-70.9529626982419,42.34452704127394],[-70.95298550482576,42.34472467556076],[-70.95303232916558,42.3450360419195],[-70.9530541439847,42.345334414986425],[-70.9530788252611,42.34551180139269],[-70.95312283874497,42.34561491498787],[-70.95316028806766,42.345719257764344],[-70.95316226151738,42.34588411200347],[-70.95318703669673,42.34602260586939],[-70.95325295158963,42.34620360943102],[-70.95329991194119,42.346302865663894],[-70.95337546869023,42.34650579226045],[-70.95342978358121,42.34663884462229],[-70.95346490361676,42.346844369847375],[-70.95352960738296,42.34703932209265],[-70.95356411202154,42.34713347732094],[-70.95358927730214,42.34722695794616],[-70.95362211604863,42.34737350265196],[-70.9536182168769,42.34750177676409],[-70.9536204729048,42.34774648880456],[-70.95364803056958,42.34792839014617],[-70.95368345762378,42.3481125796099],[-70.95368993299878,42.34826224008171],[-70.95370639550147,42.34885768602475],[-70.95370413655665,42.34900685482491],[-70.95370397176417,42.34902594037892],[-70.9537167783502,42.34904679812599],[-70.95373401185621,42.3490891040161],[-70.95376572758195,42.349126887175686],[-70.95383781369209,42.34914190446088],[-70.9538640629513,42.34913806782019],[-70.95389673450559,42.34913543206319],[-70.95393521297896,42.349134984590904],[-70.9539746079943,42.34914084355003],[-70.9540211783752,42.34914502599772],[-70.95397581637998,42.349155524159606],[-70.95395717045055,42.34916434857583],[-70.95392407573264,42.34917382461177],[-70.9538943411808,42.349187728061004],[-70.95386286319493,42.34920675492561],[-70.95383714846439,42.34921896688441],[-70.95381264738606,42.349231184602296],[-70.95377543638259,42.34925351531703],[-70.953709111431,42.349274087169285],[-70.95364117058052,42.34929906277],[-70.95354826170201,42.34933409305612],[-70.95346349433454,42.34935394691348],[-70.95337221201342,42.34936926824373],[-70.95331654296643,42.34940672611428],[-70.95329133298699,42.34944477892827],[-70.95329586638837,42.349496027486566],[-70.95331214283573,42.34956479767183],[-70.95333245796085,42.3496858944147],[-70.95337136192735,42.349861007415],[-70.95340138723388,42.349897792303395],[-70.9534321711119,42.349931069624006],[-70.9534580505942,42.34998413019776],[-70.95349588331818,42.350044449964905],[-70.95352906914293,42.350108798978965],[-70.95356543478003,42.350184416826465],[-70.9536230991099,42.350267338253495],[-70.95366793187634,42.350332282742485],[-70.95368526239112,42.35040555936048],[-70.95371730808652,42.35047548474799],[-70.95374143179156,42.350492975113106],[-70.95378085675353,42.35053763714519],[-70.95382513134412,42.35061104172262],[-70.95385098798405,42.3506527583266],[-70.95387896077406,42.35068836294412],[-70.95391922140075,42.35072060477451],[-70.95394549509106,42.3507562013061],[-70.95396370560837,42.35079788157344],[-70.95397697869184,42.3508209922428],[-70.95398526554277,42.35084524962233],[-70.9539802936149,42.3508728651786],[-70.95393018780605,42.35082815249898],[-70.95389050568707,42.350771065181114],[-70.95385501185493,42.350734974697176],[-70.95382440313455,42.35069539624056],[-70.95377991940961,42.35064620870294],[-70.95372850751608,42.3505841139647],[-70.95370383124661,42.35054627422382],[-70.95369990428263,42.350495028576425],[-70.95366496926371,42.350450477878134],[-70.95364380335124,42.350399690500595],[-70.95361487853326,42.35036192058196],[-70.95357795906669,42.35033635672768],[-70.95352965958732,42.35026527369732],[-70.95349743457291,42.350216144300234],[-70.95346850598668,42.3501647798142],[-70.95344415525467,42.350131443053314],[-70.95339402552308,42.35008961097036],[-70.95337339702532,42.35015928606052],[-70.95339101892209,42.35024093689048],[-70.95339196984985,42.35032755014379],[-70.9534214362748,42.35045715315648],[-70.9534439123336,42.35055296173371],[-70.95347341857898,42.35066392873393],[-70.95354330147971,42.35083585776105],[-70.95360957771571,42.350975718972535],[-70.95367139757377,42.35108350834114],[-70.95374352965165,42.35121997615218],[-70.95381915250739,42.351303612974085],[-70.95387053554417,42.35136912865574],[-70.95390825248396,42.3514008182233],[-70.9539503733019,42.35145665668782],[-70.95401148523764,42.351548147094796],[-70.95407298069816,42.3516233438869],[-70.95412248582045,42.351667423432616],[-70.95420025012199,42.35175620185683],[-70.95425328008514,42.35181380254903],[-70.9543128688536,42.35187089416102],[-70.9543615630312,42.351924602943114],[-70.95445250908504,42.352004980931184],[-70.95449993726453,42.35207885032673],[-70.95458596191908,42.352195126757685],[-70.95464568684866,42.35229282228393],[-70.95471937022323,42.35237644928428],[-70.9547798199769,42.35244641898895],[-70.95486502825615,42.35254486542328],[-70.95494504841632,42.35262564135733],[-70.95503716652172,42.352711066086876],[-70.95509781973522,42.352771583450505],[-70.95516930008338,42.35282927112531],[-70.95524654213816,42.35289445852258],[-70.9553290390606,42.35295552938514],[-70.9554177401394,42.353015009031786],[-70.9554913177233,42.35306883515117],[-70.95555550059463,42.35310010929398],[-70.95556079868194,42.35313326534303],[-70.95556613964344,42.35318964928183],[-70.95559839721676,42.353235357074055],[-70.95562273144176,42.3532849886593],[-70.95565349334895,42.35332114619635],[-70.95567971642468,42.353362864087735],[-70.95570105458609,42.35339393533607],[-70.95576878864644,42.353478073650145],[-70.95582469555079,42.35355432336347],[-70.95586487149637,42.353596737443894],[-70.95586692615679,42.35361187217002],[-70.95592622130766,42.35366112892783],[-70.95599627556047,42.353715478219726],[-70.95604206887688,42.35376809217452],[-70.95608697408609,42.35381106872308],[-70.95614404163254,42.353851221820925],[-70.95621192611794,42.35391798482491],[-70.95625953585088,42.353957012782466],[-70.95633592158013,42.35400914105372],[-70.95640118891954,42.35404150019578],[-70.95644031114482,42.35406536295324],[-70.95650175794732,42.35410445621144],[-70.95655855388407,42.35414802894602],[-70.95661867498542,42.35418603551817],[-70.95667191639512,42.354219508065455],[-70.95675558997455,42.35427113030597],[-70.95681901783534,42.354305731261164],[-70.9568879904209,42.35434485985591],[-70.95695149575644,42.35438459279913],[-70.95700701506762,42.3544214070462],[-70.95706058237911,42.35445938243677],[-70.95714673355987,42.354505254179884],[-70.95723418911199,42.354554733204075],[-70.957306706858,42.354590997323236],[-70.95736597364409,42.35461549500194],[-70.95742486630897,42.354641161271445],[-70.95749575309841,42.35468362962754],[-70.95757556783416,42.35473244213356],[-70.95764667267692,42.35476365770459],[-70.95773674679788,42.354819270712746],[-70.95782439791807,42.35486019737664],[-70.9579042910434,42.35489991701563],[-70.95796789504031,42.35494244077421],[-70.95802445923958,42.35498493131921],[-70.95810393098975,42.35504553573119],[-70.95819541541283,42.35510664683261],[-70.95828963696668,42.355174162864415],[-70.95838108784243,42.35523923496498],[-70.95848592400701,42.355314633410835],[-70.95859518977505,42.3553972549914],[-70.95870510629925,42.35548897253093],[-70.95883473034648,42.3555756510091],[-70.95892892556222,42.355646407449754],[-70.95903376382421,42.35572171536326],[-70.9591471863703,42.35580102485921],[-70.9592228709591,42.355836312315056],[-70.95930843118983,42.355866514458924],[-70.95939793333002,42.35588998284035],[-70.95949700386637,42.355901702231115],[-70.95958772171244,42.355896546728815],[-70.95968549095564,42.355904298534504],[-70.95976586457361,42.355916470024745],[-70.95986988716736,42.35593109330757],[-70.95998516429742,42.35593550595824],[-70.96013675070078,42.35596655768594],[-70.96021218019862,42.35597492440551],[-70.96029186951012,42.35598196062172],[-70.96039917494828,42.355995968623205],[-70.96047466824123,42.35599686300395],[-70.9605737950883,42.35598778486719],[-70.96063313868704,42.35597509893436],[-70.96067015693214,42.3559613179446],[-70.9607036358566,42.35593554639435],[-70.96074022763615,42.35591483109479],[-70.96078780489394,42.355886964916266],[-70.96085550094527,42.35584847950586],[-70.96093405887939,42.35581733737787],[-70.96101852595046,42.355790724376824],[-70.96108701563512,42.35577303941242],[-70.96115240234214,42.355749127818214],[-70.96119881381098,42.35571558413602],[-70.96122944600427,42.35568196651071],[-70.96123191833003,42.355648216952886],[-70.96125864998807,42.35564501108715],[-70.96130183061342,42.35563449983295],[-70.9613777972307,42.35562252159186],[-70.96144312801442,42.35561940643332],[-70.96150657880547,42.355608990028266],[-70.96155842014775,42.35559347756843],[-70.96163341454171,42.3555673599427],[-70.96171697388601,42.35554749440866],[-70.96178740516616,42.35552981811642],[-70.96184926410739,42.35552101460741],[-70.96192083636184,42.35551189639509],[-70.96198721576958,42.355513917527794],[-70.96204466481578,42.355495550133675],[-70.96210883829526,42.35548576698569],[-70.96219236830031,42.355469322098664],[-70.96227470896606,42.35544999063928],[-70.96236358487698,42.35543294041707],[-70.96244850473256,42.35542433442651],[-70.96252871658943,42.35542696008271],[-70.96259835194202,42.35541720218907],[-70.96268313660318,42.355410215928345],[-70.96280389122103,42.355398446003676],[-70.96287469961656,42.35540777971955],[-70.96295605341349,42.35541887320332],[-70.9630526634509,42.35543444931918],[-70.96316921699936,42.35544570699883],[-70.96325660543782,42.35546087977614],[-70.96337050393899,42.35549895370906],[-70.96343866964251,42.35553366311911],[-70.9635478788993,42.35558080799474],[-70.96363412103416,42.35561668196561],[-70.96372049914537,42.355650845941],[-70.96380551318912,42.35568842461901],[-70.96391586964147,42.355743497102516],[-70.96400631775367,42.35578443205996],[-70.96410013802613,42.35584284841871],[-70.96418303268449,42.35588707913406],[-70.96429123107299,42.35595339490704],[-70.96435240292674,42.355997074155596],[-70.96441166500021,42.356051277948986],[-70.96443755162197,42.356104876136186],[-70.96444944894535,42.35614769563874],[-70.9644363582777,42.35620282286733],[-70.96440363302312,42.356254437523226],[-70.9643538909006,42.356308763830235],[-70.96431250527374,42.35633666031712],[-70.96426714183873,42.356389926626434],[-70.96425765103817,42.356435617487044],[-70.96425066346424,42.35648672178842],[-70.96426163314673,42.35652440529425],[-70.9642908236216,42.356560553143694],[-70.96431944534312,42.35659219685257],[-70.96436713334646,42.356651478437314],[-70.96440413212628,42.35669729579853],[-70.96444107207434,42.3567357304406],[-70.96449240206216,42.35676630946817],[-70.96453677484735,42.356772728129044],[-70.96458130711929,42.35677464603213],[-70.96461071022269,42.35677136179446],[-70.96467303570111,42.35676489970836],[-70.9647331763131,42.35675842741926],[-70.96483403201269,42.356745932528824],[-70.96491755383556,42.356730565980406],[-70.96501086938662,42.356719746415536],[-70.9651101462599,42.356707333968345],[-70.96520255043383,42.35670380241177],[-70.9652905750018,42.356701420803375],[-70.96538398637371,42.356707977106076],[-70.96545081648762,42.35669991500607],[-70.96549391650852,42.35669894494942],[-70.9655724669801,42.35671164407374],[-70.96563065822411,42.356720377269085],[-70.96571196428253,42.35672300578034],[-70.96577998004881,42.356718280094945],[-70.9658237721197,42.356707229807895],[-70.96588279376333,42.356689498013665],[-70.96596129782867,42.35666456426021],[-70.96608997986395,42.356634191553916],[-70.96616067288518,42.35661426306142],[-70.96625091723048,42.35659334491371],[-70.96633453178885,42.356581308865934],[-70.96641445467526,42.35658960233095],[-70.96648119171243,42.35662133230861],[-70.96654915552773,42.3566515374335],[-70.9666219275729,42.35668734665684],[-70.96671554754204,42.35674116841154],[-70.96680211240566,42.35679675797132],[-70.9668959466233,42.35685400169635],[-70.96698121453436,42.35690508362404],[-70.96708199438496,42.35697361309157],[-70.96712813450615,42.357000835787645],[-70.96714708205867,42.35698507836407],[-70.9671742214676,42.35700555080814],[-70.96720667437576,42.35702928892977],[-70.96722899117071,42.35704586774327],[-70.96725000841526,42.357058209139055],[-70.96882079806298,42.355866370318935]]],[[[-70.98794266426735,42.362293968563975],[-70.98796388447552,42.362296943979544],[-70.98799475874618,42.362292039781885],[-70.98803853767838,42.36228260152061],[-70.98807607972894,42.362278807334526],[-70.98810969061998,42.362280757521255],[-70.9881724325752,42.36228319745875],[-70.98820998335862,42.36227832291504],[-70.98824748557708,42.36226444520301],[-70.98827606452696,42.36224314536593],[-70.98829584524005,42.362213973819635],[-70.98828297165383,42.36218465698717],[-70.98829150205032,42.36216560870763],[-70.98833622430992,42.36215959564772],[-70.98836727718975,42.3621626147322],[-70.98841238360164,42.362184152348206],[-70.988456798097,42.362201185398845],[-70.9884967540708,42.36219911237075],[-70.98853013323989,42.36218467605351],[-70.98854164100973,42.36215771840919],[-70.98852308012962,42.3621261255771],[-70.98848285430475,42.36208651380103],[-70.98843314963598,42.36206315517116],[-70.98837222532443,42.36204613869727],[-70.98829333930752,42.36204353701162],[-70.98821088440137,42.36203191645021],[-70.98813015840646,42.36200166743725],[-70.98804955752283,42.36197096877691],[-70.98795025730635,42.36191083722134],[-70.98785701734,42.36185190294708],[-70.98774249445002,42.36178279050962],[-70.98765904339552,42.361714356552795],[-70.98759656932111,42.36166393184723],[-70.98752011837168,42.36160057062085],[-70.98739977775459,42.36150046179045],[-70.98728761030509,42.36141047256155],[-70.98737015420313,42.361500869931476],[-70.98738842485334,42.36153822354678],[-70.98744597154179,42.361597449291985],[-70.9874964631094,42.36165844415715],[-70.9875330816602,42.36170866368376],[-70.98756405974706,42.36178082524381],[-70.98760239679744,42.36185869143289],[-70.98762304990653,42.36191667235629],[-70.98765579915921,42.36195003910232],[-70.98768510976942,42.36197330722755],[-70.98773702756245,42.361993164893086],[-70.98778810547529,42.361996813501044],[-70.98781562041512,42.36200197768433],[-70.9878617097136,42.36203702430667],[-70.98788681151161,42.36207035693137],[-70.98789419281074,42.3621182854417],[-70.98787023328964,42.36216877528159],[-70.9878621665337,42.3622205062685],[-70.9878986956479,42.3622668540071],[-70.98794266426735,42.362293968563975]]],[[[-70.86909402125457,42.36527653803694],[-70.86906733452636,42.36532302728203],[-70.86906394491504,42.36535857060931],[-70.86906953128067,42.36538272934185],[-70.86909593912112,42.36538854610135],[-70.8691421171542,42.36537187371919],[-70.8691979914128,42.36534463093608],[-70.86924586514088,42.36531617385883],[-70.86929226501589,42.3652894192531],[-70.86932823936324,42.365273321054296],[-70.86936053478286,42.3652487398358],[-70.8693398979101,42.3651755221747],[-70.86934332976493,42.3651479017264],[-70.86933922497768,42.36510907621035],[-70.86932883005498,42.3650679654486],[-70.86930625069401,42.36503128938185],[-70.86925723714526,42.36501580550371],[-70.86920904306157,42.36501554120019],[-70.86916460147012,42.36501637782024],[-70.86913011306983,42.36505391130299],[-70.86912362468239,42.36508367570511],[-70.86911097832284,42.36511007521232],[-70.86909117750241,42.365123471126815],[-70.86905098346028,42.36510011288287],[-70.86904222377399,42.36507764731307],[-70.86903646453713,42.365034311199246],[-70.86903381759133,42.36499540363756],[-70.86902482305621,42.36495997243035],[-70.8689834060537,42.364925353678416],[-70.86893296915261,42.36490653073486],[-70.86888143433313,42.36488824192556],[-70.86888295422155,42.364906256303655],[-70.86888939797065,42.364978315813495],[-70.8688883484331,42.36504700308827],[-70.86886946204697,42.36513909036585],[-70.86884532645033,42.36519756757487],[-70.86884477130296,42.36525320318247],[-70.8688626941735,42.36528202116144],[-70.86890019391768,42.365283397321754],[-70.86899177375234,42.36516965148311],[-70.86902574127501,42.365172178616646],[-70.86904561788658,42.36517552874341],[-70.86905467891586,42.3652042980783],[-70.86909471715971,42.36520676846303],[-70.86913017557873,42.36520588259668],[-70.86909402125457,42.36527653803694]]],[[[-70.99421702369484,42.3848234332936],[-70.99416450116917,42.384831034903705],[-70.99409373573415,42.38485719225719],[-70.99403751074588,42.384887374783084],[-70.99396751855437,42.38493829340696],[-70.99391603012559,42.384968406676975],[-70.99384667697859,42.385000151882714],[-70.993801723245,42.38501795989018],[-70.9937691558859,42.38503582238008],[-70.99374875870902,42.385050407342376],[-70.99373915629491,42.38506666032085],[-70.99374046936586,42.38508467187818],[-70.99375263055192,42.38509768955022],[-70.99377703438002,42.38511355198335],[-70.99382026576319,42.385128867042106],[-70.99387380909681,42.38514548785192],[-70.99394249659723,42.38516658666396],[-70.99400727546235,42.38517533428663],[-70.99408741429085,42.385176767044776],[-70.99415329502374,42.38516922420052],[-70.99424110660964,42.385167899689684],[-70.99431710246179,42.38515589977098],[-70.9943561826113,42.38514364754103],[-70.99434891470638,42.385126149994385],[-70.99433471130702,42.38511033251474],[-70.99432124084692,42.38509397808131],[-70.99430609765702,42.385074195196104],[-70.99428929470109,42.38504936339532],[-70.99428341661319,42.385025119785716],[-70.994282214988,42.38499315424597],[-70.994280025323,42.38496325502769],[-70.99428508072657,42.38493851930193],[-70.99430667337548,42.38492628025064],[-70.99433609280483,42.38489201851447],[-70.9943461764594,42.38487630777475],[-70.9943564885813,42.38486239861616],[-70.9943566059229,42.38484772442139],[-70.99434356797968,42.3848380340287],[-70.99430951676322,42.38482888147998],[-70.99427582050124,42.38482090085704],[-70.99421702369484,42.3848234332936]]],[[[-70.98974784003165,42.39201447066419],[-70.98984000140682,42.392017130026645],[-70.9899184209323,42.392021979119065],[-70.98999974652435,42.392027921383644],[-70.99007712623612,42.39204122846401],[-70.99014747574661,42.3920527937954],[-70.99022442294344,42.39207456156465],[-70.99028881717204,42.39208664059833],[-70.99034124630522,42.39210649910351],[-70.9904116397477,42.392127697545774],[-70.99046866631109,42.39213470223833],[-70.99052246382104,42.392135480620325],[-70.99057006308611,42.39213677170882],[-70.99062570409112,42.39213485734097],[-70.990685731757,42.392131161787354],[-70.99075050027318,42.39212694701137],[-70.9908188364736,42.39211707617386],[-70.99087256723318,42.392095977106],[-70.99091309160377,42.39208598315268],[-70.99095020194464,42.392062559795086],[-70.9909925041131,42.392042940600426],[-70.99101107333586,42.39201439359255],[-70.99103616018431,42.39199091702162],[-70.99103666107308,42.391958868994834],[-70.991027937975,42.39191093510407],[-70.99101446287857,42.391879995630255],[-70.99100264924448,42.39183880022389],[-70.9909831101461,42.39182187841025],[-70.99096041952008,42.39178909758688],[-70.99094221340015,42.39174238213815],[-70.99092158744133,42.39170961044045],[-70.99090647160739,42.391671281333366],[-70.9908672191647,42.391613849356915],[-70.99083704965568,42.391574733400375],[-70.9908178046816,42.39153638600868],[-70.99078902409263,42.39149070408363],[-70.99077247748423,42.39146416239522],[-70.990752686967,42.39144831977293],[-70.99071122875984,42.39143859323271],[-70.99066166872596,42.39143954424037],[-70.99059363012131,42.391457788977384],[-70.99052114289111,42.391470432192484],[-70.99044835396889,42.39149036635759],[-70.99037764702683,42.39150814900693],[-70.99031415263258,42.39152011169017],[-70.99023850327883,42.39153328089362],[-70.99017364459685,42.391548748578096],[-70.9900883381652,42.391554582563096],[-70.98999615058553,42.39155525434527],[-70.98994362252208,42.39154772918304],[-70.98990072080107,42.391536285405095],[-70.98983796995046,42.39151629090269],[-70.98977993743647,42.39149856800745],[-70.98971504866809,42.39148765686531],[-70.98966521744474,42.39150715217198],[-70.98961732871453,42.391541780909726],[-70.98957511737802,42.39156518121359],[-70.9895332376464,42.39159263426853],[-70.98949095355572,42.39162503709754],[-70.98945184451566,42.39165529330778],[-70.98939534289006,42.39167358852684],[-70.98933960118572,42.39168801585286],[-70.98929279280125,42.39170914493194],[-70.98926135230222,42.391752309229524],[-70.98923139604773,42.39179214904168],[-70.98921695822938,42.39183538879854],[-70.98924088426685,42.391880509396465],[-70.98927568761086,42.391917215562664],[-70.98932180316098,42.39195181123237],[-70.98939800606114,42.39200553647045],[-70.98941927702147,42.39200347016626],[-70.98945198814152,42.39199848366858],[-70.98951350372062,42.39200604892593],[-70.98958122627783,42.392012021165584],[-70.98965678114878,42.39201064574354],[-70.98974784003165,42.39201447066419]]],[[[-71.07048241609724,42.38985145091236],[-71.06912096237522,42.391778999108965],[-71.06901263703716,42.39188446672775],[-71.06740975134927,42.39347627436655],[-71.06697088633052,42.3942457159657],[-71.0670291698585,42.394531775059],[-71.06685972847657,42.394976237160265],[-71.0673653213089,42.39530116052336],[-71.06885695107896,42.394037270337535],[-71.06903726162506,42.393884537594786],[-71.06901099165361,42.39387192527503],[-71.06897407496454,42.393853241175144],[-71.06894446203623,42.39383215365992],[-71.06892024460882,42.3938035239743],[-71.06891109654138,42.393773600314496],[-71.06890798551035,42.39374892091082],[-71.06893572036526,42.39372480720389],[-71.06896706072214,42.39370628874932],[-71.06900421114227,42.39369067295289],[-71.06907335946273,42.393631333204624],[-71.06913402069536,42.39358762655714],[-71.06917718289772,42.393563120415045],[-71.06921004187072,42.3935356047515],[-71.06927345459424,42.39348020465407],[-71.06930762735142,42.39343810929804],[-71.06933873678305,42.39339996371142],[-71.06936501981899,42.39328581617992],[-71.0693549827052,42.3932080842037],[-71.06935516237083,42.39318170658718],[-71.06935654302121,42.39313948848607],[-71.06936980260313,42.39310073591535],[-71.06942849893615,42.39302443151461],[-71.06961895722637,42.392843376898114],[-71.06970121248737,42.392749604950716],[-71.06983928381675,42.39259212152183],[-71.06987020246619,42.392564058243146],[-71.06990542880185,42.392527638425165],[-71.06998665979953,42.392459340450955],[-71.0700389043258,42.392420733480456],[-71.07008841530815,42.39240903473569],[-71.07011910360883,42.392414821170746],[-71.07015787215006,42.39242901041405],[-71.07018212361145,42.39243477278692],[-71.07022080499826,42.392443920098465],[-71.07026395741136,42.39245641514172],[-71.07030053195355,42.392471766510695],[-71.07033909560067,42.39248037317278],[-71.07039766428709,42.392494096096314],[-71.0704457585727,42.39249427564428],[-71.07049006221604,42.39249822221157],[-71.07053634942778,42.39249623429728],[-71.07058280455624,42.3924874048404],[-71.07062762417473,42.392469026262376],[-71.07066773410989,42.3924466688495],[-71.07071087232254,42.39242549308829],[-71.07075150650623,42.392397465819215],[-71.07079623650638,42.39235648973809],[-71.07081694060214,42.392330188670705],[-71.07083808892702,42.39231001118077],[-71.0708673714671,42.39227239853245],[-71.07089392831111,42.39224269820253],[-71.07092923744935,42.39221186013478],[-71.07096403754069,42.3921844412336],[-71.0709821495303,42.39216425239566],[-71.07100390865978,42.39214353698237],[-71.07102871195308,42.39212166254566],[-71.07107227158075,42.39209202555908],[-71.07110932228902,42.39207298763538],[-71.07115396695146,42.39204452503006],[-71.07118677420792,42.392024390926686],[-71.0712206634976,42.39200588135544],[-71.07129015268366,42.3919673380751],[-71.071317984103,42.39194664522564],[-71.071361597183,42.39190908583753],[-71.07138422150105,42.391886122867156],[-71.07141600818005,42.39185527152819],[-71.07143534601481,42.39183337664625],[-71.07145282791102,42.391798600800875],[-71.07146550921574,42.391773260046705],[-71.07147625465161,42.39174683174185],[-71.07148072989528,42.391713717990385],[-71.0714655994009,42.391670358024896],[-71.07145350882296,42.39164438484272],[-71.07145536897242,42.39162080435295],[-71.07148168722205,42.391572467135646],[-71.07148199961837,42.391526373802805],[-71.07147961391567,42.39148414163902],[-71.07145790269735,42.39144408821009],[-71.07143448943275,42.39144012979195],[-71.07138710327166,42.39140727301324],[-71.0713501348392,42.391378416269546],[-71.07130111686118,42.391335470204005],[-71.07128109020671,42.391297763752135],[-71.07126014998713,42.39125150120199],[-71.07122925474603,42.39120466138242],[-71.07120321745688,42.39115783965733],[-71.07119725624625,42.391123516651426],[-71.07119310515426,42.391090910928725],[-71.07118273832154,42.39104360742448],[-71.07115659427696,42.39101254024594],[-71.07113479847705,42.3910029160094],[-71.07110538631015,42.39098813176513],[-71.0710718931088,42.39098413569971],[-71.07104083740884,42.39097888831485],[-71.07101659375729,42.390972045808404],[-71.07100106021655,42.39095236172022],[-71.07100729322488,42.39092870750831],[-71.0709839114451,42.39090224203235],[-71.07095690276567,42.390873332262984],[-71.07093528665472,42.39083724032891],[-71.07087536984552,42.390771836378164],[-71.07084633822593,42.39073679711052],[-71.07082321613512,42.39068998616524],[-71.0708209138526,42.39065342607406],[-71.07081590552623,42.390621897476],[-71.07082132266572,42.3905931986422],[-71.07080868505145,42.39057631620562],[-71.07076837719839,42.39055644964437],[-71.07073918865945,42.390544547044854],[-71.07067187837279,42.39051278599842],[-71.07089575607431,42.39018384729781],[-71.07101512843757,42.39002449209378],[-71.07115184731947,42.38986808232229],[-71.071104999482,42.38984558067709],[-71.0706327642686,42.38961964886038],[-71.07058490437412,42.38969257328326],[-71.07051651503157,42.38978405692874],[-71.07049126288659,42.389836359172556],[-71.07048241609724,42.38985145091236]]],[[[-70.99426134463451,42.393296509647534],[-70.99457954274557,42.39332878756427],[-70.99493078017686,42.393497513097685],[-70.99523626445229,42.39367720041319],[-70.99546221811966,42.393930271727285],[-70.99556454070088,42.39427336954783],[-70.99647578412379,42.396308047149496],[-70.9976700694093,42.39674144287261],[-70.99830625341971,42.39692940706975],[-70.99876818850659,42.3969736434494],[-70.99914578443146,42.39697753822248],[-70.99949456039842,42.396939623164485],[-71.00140722127973,42.39674032012977],[-71.00538520176912,42.394088138657274],[-71.00560043919687,42.39396185315773],[-71.00586175153573,42.39389212304883],[-71.00894539390539,42.395192102437335],[-71.0098945862805,42.39547532768136],[-71.01195446858654,42.39576767239978],[-71.01196569049448,42.39576150802221],[-71.01199177798436,42.395749194716075],[-71.01202555054489,42.395732592622075],[-71.01208467012212,42.395689449538324],[-71.01210198633527,42.39568052010185],[-71.0121357122856,42.3956699496916],[-71.01218086827262,42.39565771718345],[-71.01220101267769,42.395644298293156],[-71.01224703618765,42.39562981872244],[-71.01227956411697,42.39563283750518],[-71.01232552232491,42.39562682031122],[-71.01236455685039,42.39562086378802],[-71.01241089260058,42.39561313761726],[-71.01246453303996,42.395603191662005],[-71.01253143712535,42.39559006084103],[-71.01256362775884,42.395573812002404],[-71.01262502811792,42.39556560938489],[-71.01268695247032,42.39556821238104],[-71.01271960670175,42.39557060137443],[-71.0127668619825,42.39556963109641],[-71.0127995120551,42.39557256022081],[-71.01284530084999,42.39557275407303],[-71.01287484440917,42.39556900791138],[-71.012924294905,42.39556687649014],[-71.01295943859448,42.39556144346787],[-71.01300481912514,42.39553579733195],[-71.01309274871157,42.39552095459275],[-71.0131577273146,42.3955054745185],[-71.01323768858316,42.39548438598625],[-71.01329664648993,42.39547788322194],[-71.01335805497618,42.39546859990559],[-71.01340878852713,42.39545756087509],[-71.01349431074624,42.39542407173815],[-71.01359611922122,42.395404965920406],[-71.01364265437563,42.39538706687021],[-71.01375060544298,42.39535889399306],[-71.013800241586,42.395348390324536],[-71.01386224022052,42.39532551492068],[-71.0139220429268,42.39530389060751],[-71.01397929987874,42.39528162531127],[-71.01404137970339,42.39526397181047],[-71.01409347596092,42.395249427119715],[-71.01416321223265,42.39523117568322],[-71.01423750316862,42.39520502091814],[-71.01429757067415,42.395180516614154],[-71.01435681353516,42.39515267774187],[-71.01442035981243,42.39511801482803],[-71.01448829545443,42.39509696471131],[-71.014542147139,42.395075224939475],[-71.01459952097308,42.3950534999997],[-71.01463181359601,42.39503968178524],[-71.01469427550104,42.39500384377522],[-71.01473307081473,42.39498150024325],[-71.01483227845436,42.39490548431535],[-71.01483394385141,42.394878392739585],[-71.01485269492959,42.394856504826585],[-71.01487315049944,42.39483408392498],[-71.01489956986389,42.39479422261945],[-71.0149106948389,42.39476897149084],[-71.014927693117,42.39473807331983],[-71.01496692516652,42.394690433522584],[-71.01499620751055,42.39465733640409],[-71.01502474314582,42.394626576873684],[-71.01506211043403,42.39458451095548],[-71.01508523782455,42.39456210127505],[-71.0151395947999,42.39450606246827],[-71.01517681425362,42.39446741697495],[-71.0152021574497,42.39442530034955],[-71.01520402209277,42.39440388140549],[-71.01521798310407,42.394373060422446],[-71.01523371482205,42.39434890901143],[-71.01525211783988,42.39430901385111],[-71.01526824356792,42.39428099286628],[-71.01529791546061,42.394244566253036],[-71.01531801528724,42.39422097340072],[-71.01533038143022,42.39420806137183],[-71.01535575064027,42.39417836876383],[-71.01537888605887,42.394154878714204],[-71.01541747703409,42.394127402460896],[-71.0154501947701,42.39410557326355],[-71.01550568004672,42.39407654760491],[-71.01557214292804,42.3940414461906],[-71.0156049516705,42.39402357858972],[-71.01563262489616,42.39401019079147],[-71.01567767894701,42.393995165599286],[-71.01570913441682,42.393979542987324],[-71.01573632179065,42.393966153119415],[-71.01575011075313,42.393957748461844],[-71.01577724815851,42.393903305342604],[-71.01578235988455,42.393854351306175],[-71.01579499347972,42.39382235429355],[-71.01580308082009,42.3937813352915],[-71.01580336625275,42.39374406466012],[-71.01581759443742,42.39369415866624],[-71.0158245623665,42.39364071100697],[-71.01581841761507,42.39358666800143],[-71.01582186354305,42.39354905055242],[-71.01582220894323,42.39350394768432],[-71.01582765393346,42.39345904633029],[-71.0158374724338,42.39339813828877],[-71.01584912302722,42.39333588752523],[-71.01585399256,42.39330268746389],[-71.01585878889212,42.39326318509271],[-71.01586103198548,42.393224032092974],[-71.01587962121806,42.39317558489204],[-71.01588164414136,42.393133460021254],[-71.01587690591792,42.39310193007865],[-71.01587227191638,42.393072651288946],[-71.01584844122115,42.3930601270779],[-71.01583667610674,42.39302631685227],[-71.01580452865028,42.392989629974075],[-71.01579255180282,42.39296761259859],[-71.01578165009333,42.39294794048955],[-71.01575591831283,42.392929916514255],[-71.01572478746691,42.39290322706526],[-71.01568557876796,42.39286876114927],[-71.0156457201003,42.39283987425681],[-71.01559661399472,42.392813199136754],[-71.01555533662692,42.39277926463824],[-71.01552168100785,42.3927492334449],[-71.01547873722402,42.39271088050019],[-71.0154543857341,42.392687100436994],[-71.01541176360381,42.392654330594446],[-71.01535664113453,42.39262033771562],[-71.01531967617936,42.39259425378182],[-71.01528000829785,42.39257220973734],[-71.01523400848315,42.39255229969015],[-71.01518033117061,42.39251993332855],[-71.0151481408592,42.392488917881884],[-71.01509448090547,42.39245430083718],[-71.01505765478971,42.392441811722996],[-71.01501205816041,42.392416861682605],[-71.01497806064513,42.392399793005346],[-71.01490619943081,42.39234718345521],[-71.01486441483536,42.39231612747973],[-71.01484655291665,42.392301377506264],[-71.01480969737253,42.39227691438145],[-71.01477912060462,42.39225724923809],[-71.01474526679752,42.392237300180945],[-71.01470372923134,42.39222155005281],[-71.01467301587101,42.392203864934366],[-71.01469202154841,42.39218035759564],[-71.01469952530758,42.39216796529357],[-71.01472165010901,42.39213366767026],[-71.01474508387926,42.39210288667889],[-71.01477323755527,42.39207428627303],[-71.01481356179914,42.39202656108196],[-71.0148570690816,42.39199136327552],[-71.014883595593,42.39195321294775],[-71.01490257498652,42.39191728151249],[-71.01492449951508,42.39187740122993],[-71.01495433474591,42.391835393602435],[-71.01497422556845,42.3918072984872],[-71.01502074266726,42.39175968935439],[-71.01505683301762,42.39172554055407],[-71.01510042280891,42.391679539566894],[-71.01513341133915,42.39163808535193],[-71.0151706732397,42.39160952322727],[-71.01520637703113,42.39156240862802],[-71.01524385486259,42.391521513466714],[-71.01529029358015,42.391468232089466],[-71.01532759809619,42.39143408831782],[-71.01535584643948,42.391393064214746],[-71.01537938382339,42.39136453424358],[-71.01541646741417,42.391327508596035],[-71.01545851991469,42.3912601642105],[-71.01550869277334,42.391210859727806],[-71.01554587557234,42.39117671537206],[-71.01558671824607,42.39112458068438],[-71.01560985240097,42.391085245531045],[-71.01562230339137,42.39106117027017],[-71.01564450116628,42.391033084747605],[-71.01567539888968,42.390994952632575],[-71.01571450660639,42.39094731202764],[-71.01573790488537,42.390905187071326],[-71.01578311103135,42.3908541510198],[-71.01582226614782,42.390800298600496],[-71.01585659379317,42.390758309636624],[-71.01590802452019,42.39070324843636],[-71.0159472698686,42.39065344764213],[-71.01598742661302,42.39059563811848],[-71.01602047877223,42.390545721218395],[-71.01604555971569,42.39050585399081],[-71.0160809364793,42.390453696133655],[-71.01611547703062,42.390415579218],[-71.01615476701342,42.39037577171899],[-71.01618846631328,42.390336480871156],[-71.01621370316663,42.390307957871336],[-71.01625571739093,42.39027716465656],[-71.01628525230457,42.39024244773349],[-71.01632111612065,42.39020595683382],[-71.01634290074387,42.390184171442485],[-71.01635847098179,42.3901650607861],[-71.01639003592726,42.39013485380107],[-71.01642499108628,42.390153636642786],[-71.0164461930667,42.39016038786614],[-71.01646171768762,42.39017899900957],[-71.01648602493876,42.390192605452455],[-71.01651692054187,42.39020227831304],[-71.01653564860365,42.390199025944355],[-71.0165584277267,42.390190118788254],[-71.01660068872508,42.39015878631263],[-71.01663127373082,42.39012965548882],[-71.01666667453776,42.3901060366339],[-71.01668108457145,42.390079808796905],[-71.01668915536192,42.39005670533374],[-71.0166970039003,42.390030900076766],[-71.01669573166895,42.39000667702506],[-71.01669736104347,42.389984176705305],[-71.01667034248577,42.389959845507306],[-71.01665615375116,42.38994124000277],[-71.01660999061195,42.389927001606516],[-71.01655800708916,42.3899115683647],[-71.01658462699123,42.38987683911566],[-71.01659764261125,42.38985825786535],[-71.01662541603612,42.38981561093085],[-71.01664537943894,42.38979372780174],[-71.01667193042645,42.38976800110842],[-71.01670309215537,42.3897428339474],[-71.01672149806113,42.389718153374496],[-71.0167527932284,42.389675521200196],[-71.01677945318262,42.38965141545533],[-71.01679658299992,42.38961889701743],[-71.01681222657419,42.3895901535394],[-71.0168422679637,42.38955264770877],[-71.01686538769243,42.389515022778305],[-71.01689960626015,42.38947123246528],[-71.01694484827104,42.38941524452255],[-71.01698700734225,42.389365365569304],[-71.0170431532701,42.38929690937494],[-71.01708213333697,42.38924980793136],[-71.01712082714477,42.38920837707905],[-71.01716447350847,42.389154543039766],[-71.01719438960157,42.38911748673271],[-71.01722711122721,42.389078821673],[-71.01725511371214,42.38903788608787],[-71.01729584589741,42.38898394974237],[-71.01733650261365,42.38892398114433],[-71.01736137474381,42.388895366329365],[-71.01741111893661,42.38883813668272],[-71.017450150497,42.3888001282239],[-71.01750454301528,42.38873850662545],[-71.01753928564484,42.388689586680904],[-71.01757289127895,42.38864642379373],[-71.0176184627767,42.38859484836712],[-71.01765891233737,42.388546042339854],[-71.01768837700091,42.388520327622736],[-71.01772540862675,42.38852156319028],[-71.0177484998075,42.38851940925728],[-71.01780331821301,42.38852927207224],[-71.01783486016458,42.3885496607067],[-71.01786681382882,42.38856383907876],[-71.01788979381969,42.38857626929718],[-71.0179095202736,42.38858535481803],[-71.01794166816802,42.38858999094313],[-71.01796843080953,42.38856822609632],[-71.01797908965605,42.38854009177372],[-71.01798554602665,42.38852157291348],[-71.01799393311501,42.38850468265713],[-71.01800476070775,42.388486272136],[-71.01801543802985,42.38847164218883],[-71.01802209883796,42.38845816578875],[-71.01802671228413,42.38844243009514],[-71.01802821558542,42.38842046939446],[-71.01802530374302,42.38840416200612],[-71.01799968706504,42.388387129306096],[-71.01798106667671,42.38837633788875],[-71.01794739161876,42.38836494322474],[-71.01792873212304,42.388359283269814],[-71.01790451238813,42.388350178925045],[-71.01786561124027,42.38833930251194],[-71.01786577873531,42.38831733621526],[-71.01788922260253,42.388284844065915],[-71.01791453543129,42.3882461477632],[-71.017941141533,42.38821303865147],[-71.0179733682322,42.38817545164602],[-71.01800808754342,42.38812950240526],[-71.01803633678863,42.38808793745771],[-71.01807668964877,42.38803579981407],[-71.01811727297502,42.38798528363751],[-71.01814713031816,42.38793985416324],[-71.0181813684118,42.38789327265266],[-71.01820796119203,42.387861873967054],[-71.018252751519,42.38781704716516],[-71.01829806115138,42.38776781111388],[-71.01834038001685,42.387728555709394],[-71.01836200661302,42.38769542565295],[-71.01839471856043,42.38765784055835],[-71.01843661529442,42.38761021068256],[-71.01847400153297,42.38756481263213],[-71.01851148574809,42.38750654087582],[-71.01854159505905,42.38745985194893],[-71.01859904329446,42.387395361691354],[-71.01865509937743,42.387338247933876],[-71.01868928537579,42.38729841820312],[-71.01871408620725,42.38726305063943],[-71.01872366129311,42.38724958638642],[-71.01876706924524,42.38722672060187],[-71.01880097952305,42.38720714614181],[-71.01883555246819,42.38718028211826],[-71.01886135159401,42.387157342657986],[-71.01890058234112,42.387124826284065],[-71.01893776912465,42.38708960048975],[-71.01897003870809,42.38706218662287],[-71.01900767350857,42.38703191425752],[-71.01902603937752,42.38701227474749],[-71.01905130375323,42.38697978996631],[-71.01907790872679,42.38694668058202],[-71.019107306772,42.38691358286531],[-71.01914010918755,42.38687995919667],[-71.01916660084868,42.38684576897343],[-71.01918674753723,42.38681551349218],[-71.01921029517916,42.386785182190195],[-71.01923516562009,42.38675656695597],[-71.01925404241854,42.38673359848169],[-71.01928501897552,42.386700507314245],[-71.01930848919223,42.386680348912265],[-71.01933163750778,42.386654607380756],[-71.01935649073455,42.3866282427657],[-71.01937834219198,42.38659736417066],[-71.019395744523,42.38657664023122],[-71.01941118261647,42.38655869897456],[-71.0194311611321,42.386534564699275],[-71.0194529482081,42.386512148519586],[-71.01947788787544,42.386490375703175],[-71.0195058641662,42.386468525534056],[-71.01953091292317,42.386448373678505],[-71.01955719314664,42.386425976241895],[-71.01958516938141,42.38640412605317],[-71.01961130213915,42.38638514907947],[-71.01963669394239,42.38636778952316],[-71.01964456035685,42.386355398402934],[-71.01967811378806,42.386334741849154],[-71.01971234043701,42.38632138042161],[-71.01975423475591,42.386305800271174],[-71.01980509836817,42.38629250825758],[-71.01983295892452,42.386285872378316],[-71.01987471056155,42.38627308247878],[-71.01991740771113,42.38626371760045],[-71.01995634915964,42.386253166663394],[-71.02000435127847,42.38624886549433],[-71.0200398965445,42.38623776018843],[-71.02009219133151,42.38622789510945],[-71.02013721281621,42.38621628912684],[-71.02016784997687,42.38621182543608],[-71.02023628706354,42.386203197983825],[-71.02027759297445,42.386201119496626],[-71.02031887839445,42.38620174177054],[-71.02037779209216,42.38619982668328],[-71.0204235399835,42.38620451881376],[-71.02046066989658,42.38620863483555],[-71.02050526956391,42.386220614473366],[-71.02055595410808,42.386230908904416],[-71.0205837251427,42.386236066231724],[-71.0206283200751,42.38624867600286],[-71.02064850191907,42.38626172422091],[-71.02068794189789,42.38628151478863],[-71.02071103281598,42.38629529534402],[-71.02073720063392,42.386303686989],[-71.02076935166941,42.38630778217131],[-71.02080343343607,42.38631350590265],[-71.02082591651575,42.386311348822076],[-71.02083097188863,42.38633333688041],[-71.02083374518381,42.38635198437234],[-71.02083544736847,42.3863677464848],[-71.02085103443828,42.38639418980827],[-71.02086397921433,42.38641675089173],[-71.02087945508546,42.386425818208],[-71.02090393853335,42.386432132140186],[-71.02092693741598,42.386426015924606],[-71.02095970659255,42.38641264805856],[-71.02100885285448,42.38640159908122],[-71.02103689409755,42.38638713116588],[-71.02108313467613,42.38637489968777],[-71.0211079721372,42.386366540371455],[-71.02115278065519,42.3863509718428],[-71.02117251292839,42.386343221466376],[-71.0212171701872,42.386363663764776],[-71.02123152294931,42.38634463740455],[-71.02125492016292,42.38633402134585],[-71.02129949460577,42.38631728141305],[-71.0213428744086,42.38629792566069],[-71.0213893092122,42.38627606179642],[-71.02143402613846,42.38625653151448],[-71.0214776030876,42.38624320845461],[-71.02152061097816,42.38622484140426],[-71.02156859438644,42.386206945170876],[-71.02162083898571,42.38618762617545],[-71.0216799201572,42.386163564056645],[-71.02173574289498,42.386136787501854],[-71.02178645455982,42.38612745524554],[-71.02184536243627,42.386110234503256],[-71.02189474478344,42.386083971278325],[-71.02193198674402,42.38605720744489],[-71.02195695192194,42.38603192307964],[-71.02199127766887,42.38598930205808],[-71.02200376159611,42.385976479817735],[-71.02201746873818,42.38596249228453],[-71.02204444724183,42.385943968417116],[-71.02208750987809,42.38591830905723],[-71.02213834513873,42.38589259193487],[-71.02218042395981,42.385868548970876],[-71.0222174017113,42.38584457483752],[-71.02226572069027,42.38581434577428],[-71.0223028286562,42.385789201780874],[-71.022349413433,42.38576346691769],[-71.02238914262803,42.38574499590288],[-71.02242499261979,42.38572560848547],[-71.02247272368139,42.385708881201374],[-71.02250249906854,42.38568982866243],[-71.02253641144455,42.385669712939176],[-71.02255836726245,42.38565692994509],[-71.02259542540212,42.385638357746416],[-71.02263263282174,42.38561609497798],[-71.02267631509095,42.385588727423084],[-71.0227130795167,42.38556079098201],[-71.02274729442335,42.38553275392499],[-71.02277550320088,42.38551207430006],[-71.0228032187409,42.385492382938345],[-71.02286520936913,42.3854527573114],[-71.02293188974737,42.38541927304937],[-71.02295355634172,42.385412610733056],[-71.02299243440716,42.385394226009815],[-71.02303096987156,42.38537295893432],[-71.0230575570362,42.38535794432661],[-71.02309755783766,42.38533560295856],[-71.0231300126015,42.38531548101848],[-71.02319206590742,42.38528359794466],[-71.02324324279597,42.385260762668935],[-71.02329261032514,42.38523629935691],[-71.0233683938665,42.38520339273133],[-71.02341333533147,42.385186113329006],[-71.02352030806054,42.38513983148607],[-71.0235851282433,42.38511138075021],[-71.02363316040989,42.38508682173407],[-71.02371961833954,42.385039374420884],[-71.02377095899014,42.38501086777952],[-71.02381266755171,42.38498745288714],[-71.0238904612744,42.384945551366215],[-71.0239519154682,42.38491249503035],[-71.02401247143663,42.38488582698462],[-71.02407270167046,42.38485402592273],[-71.02413498811109,42.38482331367844],[-71.02421214443827,42.384785370567464],[-71.02426335848445,42.38475749338398],[-71.02431426777731,42.38472169239042],[-71.02439166267986,42.38468429031783],[-71.02444430399262,42.38466038021752],[-71.02448612606153,42.384637955866175],[-71.02457150972991,42.38460400778127],[-71.02460398056976,42.38458163477393],[-71.02464293411897,42.38455307655993],[-71.02469090288864,42.3845206843418],[-71.0247324467235,42.38450294024505],[-71.02476831423704,42.384481031365965],[-71.02480536156702,42.38446371881341],[-71.02484097669344,42.38444306927138],[-71.02488107201627,42.38442414876537],[-71.02493642776884,42.384394487811285],[-71.02499246067869,42.38437167180927],[-71.02507165057096,42.38433769778189],[-71.02511801436107,42.38432492502211],[-71.02519655504638,42.38429653001017],[-71.02526342109273,42.38427033749092],[-71.02531864969083,42.38424139605829],[-71.0253872003554,42.384201075907946],[-71.02544745897275,42.38416531298011],[-71.02549550591047,42.38413859255859],[-71.02555156878796,42.38411172511568],[-71.02562569485185,42.384088983416035],[-71.02568876229333,42.3840672764241],[-71.02576472191345,42.38404292167695],[-71.02581588876777,42.384021165561705],[-71.02590214178758,42.38400063435393],[-71.02595148233324,42.38397950085387],[-71.02602147601574,42.38394098684611],[-71.02608321145438,42.38391873397856],[-71.02614633658823,42.383905489674135],[-71.02618989472171,42.38387812027435],[-71.02630885200863,42.38382009143365],[-71.0263643610948,42.38380222418785],[-71.02642953820661,42.38377440352209],[-71.02646513151547,42.383756544278505],[-71.02652412825789,42.383726987575834],[-71.02657316687738,42.38371368506632],[-71.0266353579794,42.38369539504207],[-71.02667993722415,42.3836775727032],[-71.02673275771163,42.38366194493737],[-71.02678179152082,42.38364927252039],[-71.02682169763494,42.38363926340487],[-71.02686504041692,42.38364061202804],[-71.0268931506858,42.38363280509647],[-71.02693494136884,42.383598135820066],[-71.02696004588535,42.38357006004949],[-71.0269690034113,42.383557672914],[-71.02697243294504,42.38353752057923],[-71.02698182210435,42.38351613234447],[-71.02699155804655,42.383497086281494],[-71.02701302760171,42.38346791520979],[-71.02703320268336,42.38344945223137],[-71.02705968887581,42.38343146533626],[-71.02708632947608,42.38340906766192],[-71.02710199468716,42.38339283685184],[-71.02712206107779,42.3833726628651],[-71.0271391834589,42.38335643803915],[-71.0271536639402,42.38333624108853],[-71.02717219812438,42.38330984881318],[-71.02717328738359,42.38329409826161],[-71.02717828333978,42.38327557287458],[-71.02717527756097,42.38325530405685],[-71.0271897415831,42.383221062551264],[-71.02718989370942,42.38320071668259],[-71.02719342775748,42.38318281548782],[-71.02719159092872,42.383152378226896],[-71.02719048605871,42.38312149383009],[-71.02718757721357,42.383088261272256],[-71.02718775424594,42.38306458444203],[-71.02719299304329,42.383046060051456],[-71.02719014639725,42.383020750277666],[-71.02718400898269,42.38299704749712],[-71.02717504472277,42.38296162936252],[-71.0271588917797,42.382929422717254],[-71.02714951747288,42.38290012484914],[-71.02713559635687,42.38287801059172],[-71.02712513617136,42.38286401314426],[-71.0271487323884,42.38282647811201],[-71.02715990960495,42.38279330344336],[-71.02717526554859,42.38276968899378],[-71.02720499976827,42.38275576670567],[-71.0272512610127,42.38275649697814],[-71.02730961931643,42.38274719371506],[-71.02737278438475,42.382744662324434],[-71.02745955754891,42.3827354757106],[-71.02749464375187,42.382736610129626],[-71.0275485416962,42.38273917222087],[-71.02759912401389,42.38274667225347],[-71.02765774164801,42.38275141436241],[-71.0277334515058,42.38276018786884],[-71.02779464543615,42.38276142936242],[-71.02785824043397,42.38276637185528],[-71.02791336213977,42.382767678395126],[-71.02797673243485,42.38277018912445],[-71.02804713297989,42.382774439204205],[-71.02811052881573,42.38277352887255],[-71.02814927343883,42.382772607436166],[-71.02820125473616,42.382771650239924],[-71.02824957563331,42.382773018758286],[-71.02829517938017,42.382780498070225],[-71.0283401706097,42.38278869508279],[-71.02838635333548,42.38279995793891],[-71.02843397445552,42.38281374747663],[-71.0284750268923,42.38282904056191],[-71.02850993193009,42.3828544816867],[-71.02854122694168,42.38287549659939],[-71.02857028251505,42.3829037046257],[-71.02859456809888,42.382920189364896],[-71.02862203638215,42.3829495612474],[-71.0286418384225,42.38296476720427],[-71.02867080953392,42.38300431847814],[-71.02868913697701,42.38302185913251],[-71.02871669391365,42.3830393475624],[-71.02875642289182,42.38305301460719],[-71.0287935092338,42.38306279957958],[-71.02882100784069,42.383071825044894],[-71.02885509194569,42.38307709626551],[-71.02888101530739,42.38308566512193],[-71.02888552914398,42.38311548311389],[-71.02889459032916,42.38315432259841],[-71.02889703577206,42.38316837709297],[-71.02890321546585,42.3832027933698],[-71.02890768770008,42.38322189777157],[-71.02890693369939,42.38325790617354],[-71.02891600292487,42.383279370144464],[-71.02891705368711,42.38333393185233],[-71.02891977960611,42.38335924108436],[-71.02892796126713,42.383385743027894],[-71.02893800264842,42.383407120948085],[-71.02895003663228,42.383438140098455],[-71.02896086099656,42.38346852409388],[-71.02896199959696,42.38349499719858],[-71.02895228844149,42.38352709769135],[-71.02895849027843,42.3835422479074],[-71.02897505950118,42.38355131861525],[-71.0290089137522,42.38355487830197],[-71.02905084164627,42.383566843698105],[-71.0290784867482,42.38357253863691],[-71.02912460572695,42.38357614849008],[-71.02919547219915,42.3835831906595],[-71.02925869244142,42.38358966132806],[-71.02931518415987,42.383586471362776],[-71.02936339700155,42.38358612842285],[-71.02941398021197,42.38359362765611],[-71.02947529507479,42.38359504880417],[-71.0295557003441,42.3835931268905],[-71.02961434435743,42.38359444701465],[-71.0296619413345,42.38359527180491],[-71.02971874712141,42.3835988350788],[-71.02975453633137,42.383603482799636],[-71.02979736865154,42.38360815929388],[-71.02983745019209,42.38360715272232],[-71.02987935255472,42.383606243605676],[-71.0299116617217,42.383605295277434],[-71.02994559234394,42.38359859172734],[-71.02996294390181,42.383567782769916],[-71.02996890218164,42.38353404634549],[-71.02996785983223,42.383510904708295],[-71.02996685830331,42.383482271486265],[-71.02996566976338,42.38346246031385],[-71.02996838245612,42.383440594419156],[-71.02996849086196,42.38342601021047],[-71.02997519476327,42.38340632131025],[-71.02997537476774,42.38338210432157],[-71.02997554674216,42.38335896764454],[-71.02997099423177,42.383334281177966],[-71.02996522405623,42.38331003987992],[-71.02996083545435,42.38329597747078],[-71.02996205415035,42.38327905705111],[-71.02996073048955,42.38324475070219],[-71.02998427931092,42.38322972208375],[-71.03000136344811,42.38321853828638],[-71.03003223631163,42.383198407940704],[-71.03005551814913,42.383186619250885],[-71.03009580380494,42.38317444986305],[-71.03011764885733,42.38317624962877],[-71.030148187517,42.38318474701927],[-71.03017577368973,42.383198363981656],[-71.03020024849339,42.38322214147731],[-71.03021220777786,42.38324694820819],[-71.03021676438911,42.38327109450989],[-71.03021519015944,42.38328684310698],[-71.03021505171388,42.383305478485546],[-71.03021640456552,42.38331952848904],[-71.03022642162614,42.383344237258434],[-71.03023255553322,42.38336857005662],[-71.03024756738832,42.383391138528964],[-71.03026455599996,42.383425508831245],[-71.03028751193828,42.38347394797207],[-71.03032361139432,42.38351856952984],[-71.03034837939032,42.383535596035244],[-71.0303740776604,42.383541822887516],[-71.03042370152669,42.38354769724388],[-71.03045258580528,42.38355006584755],[-71.03047951045096,42.38355467716447],[-71.03050970576419,42.383560382166195],[-71.03054487514792,42.38356673765716],[-71.0305711592278,42.38357584777414],[-71.03059267402146,42.38358943986191],[-71.03061246738048,42.38360590584106],[-71.03063386076047,42.38361949742562],[-71.0306566826121,42.383636966067755],[-71.03067081074953,42.38364773711727],[-71.03068763580625,42.38365509807538],[-71.03072455994514,42.38367046353929],[-71.03076304551273,42.383671790881756],[-71.03078605512987,42.383663962197986],[-71.03079793833392,42.38364996618269],[-71.03080180696085,42.38363593748178],[-71.03079913090254,42.38362017154513],[-71.0307864726359,42.38360769596058],[-71.03077430812179,42.38359414204379],[-71.03076069510401,42.38357941184478],[-71.03074230695455,42.38355358863709],[-71.03073330839622,42.38353887725541],[-71.03071993775909,42.38350785284392],[-71.03071706896931,42.38348533396558],[-71.03071730748323,42.38345319468971],[-71.03070985299051,42.38342678587166],[-71.0307039818027,42.383399753310364],[-71.03070886348276,42.38336376173875],[-71.03071215434721,42.383345769419975],[-71.03072186391339,42.383313758803354],[-71.03074825177234,42.38327614440279],[-71.03075150520986,42.38326319353784],[-71.03076992044706,42.38323626003132],[-71.03079349860774,42.38320088487852],[-71.03081219460898,42.38318520609922],[-71.0308507381196,42.38316231592611],[-71.03089590170559,42.38313099003363],[-71.03093814687506,42.38310019239728],[-71.03098118259838,42.383077410523796],[-71.03102608717164,42.38304824421338],[-71.0310476887529,42.38303374761276],[-71.03106184627042,42.38302417224618],[-71.0310802659103,42.383012993732486],[-71.03111272094706,42.38299232937401],[-71.03114700210959,42.382971042247185],[-71.03118721203913,42.38295266018799],[-71.03121328182523,42.382941512825916],[-71.03124115639159,42.382932623529236],[-71.03126612059705,42.382923182196286],[-71.03129642778198,42.38291376262477],[-71.03134730692267,42.382897674692444],[-71.03138820797601,42.382884336986535],[-71.03142820095536,42.38287882806605],[-71.03148504355057,42.382877349012496],[-71.03152651841847,42.38288490025627],[-71.03157891012603,42.38289411644975],[-71.03163742476708,42.382896425334536],[-71.03166955744061,42.382902858150146],[-71.03172503497198,42.38290533468466],[-71.03177895856174,42.38290447380592],[-71.0318204801396,42.382905723123606],[-71.03187629265005,42.382912162211696],[-71.03194246550133,42.382913421756555],[-71.03199808114108,42.382913648003395],[-71.03205321838333,42.38291288196171],[-71.0320949193577,42.382906299412085],[-71.0321352592658,42.38290313240347],[-71.03218104760315,42.38290214822444],[-71.03223874421786,42.38290013209884],[-71.03228019364514,42.38289471883266],[-71.0323433380224,42.38289497551936],[-71.03240165043694,42.38289179144202],[-71.03244965714477,42.38288640476541],[-71.03250334649786,42.382884372222094],[-71.03256092631295,42.38288172525949],[-71.0325959987146,42.38288474866891],[-71.03264336164854,42.38288431087513],[-71.03267762195786,42.38288219932434],[-71.03269922811144,42.382883457457496],[-71.0327468711584,42.38287797915119],[-71.03277954420476,42.38287703149692],[-71.03281160211127,42.382877161679964],[-71.0328484760426,42.38288289318917],[-71.0328744790042,42.38288074805126],[-71.03290131535948,42.382880857008715],[-71.03291639454818,42.38289442253464],[-71.03295439147281,42.38292896775501],[-71.03298493547308,42.382953219437134],[-71.03304151151724,42.382987840043185],[-71.03306039702464,42.38299574919002],[-71.03309098231068,42.38301441923127],[-71.03313699390135,42.38304899691527],[-71.03317046900914,42.383071009723494],[-71.0331890778,42.38308350918987],[-71.03321449657197,42.383111161104765],[-71.03324545206355,42.3831454975999],[-71.03326215568661,42.383169332941065],[-71.03327378110241,42.383190176731986],[-71.03330770469786,42.38323370817727],[-71.03332119000605,42.38326581309458],[-71.03333036621808,42.38328943783407],[-71.03333306348928,42.38330241290698],[-71.03334059863995,42.383334493686384],[-71.03334621147492,42.383363775778484],[-71.0333524136842,42.3833790157842],[-71.03336030067096,42.38339633328289],[-71.03337073575166,42.3834139312017],[-71.03337795181066,42.383439888732376],[-71.03338206164348,42.383475376705846],[-71.03338825257919,42.38349214715122],[-71.03339580372342,42.38352206730167],[-71.03339842595331,42.383545215310036],[-71.03340161881337,42.3835733172104],[-71.03339964905298,42.383609860870024],[-71.03340114982726,42.3836368755633],[-71.03340518408837,42.38366615124824],[-71.03340815003408,42.38369209153882],[-71.03340969664896,42.38371289443796],[-71.03341353388723,42.38373595734361],[-71.03341967370864,42.38375965978772],[-71.03342589776953,42.383788404179406],[-71.03342837068976,42.38381533278488],[-71.03342532518249,42.38386600658381],[-71.0334197536079,42.383896953856286],[-71.03341653111296,42.38392223884782],[-71.03341006710987,42.38394246908713],[-71.03340405163672,42.38396774275118],[-71.0333991828691,42.383985728742125],[-71.0333946823854,42.384003176054335],[-71.03337691241346,42.38402507098345],[-71.03337384786681,42.38404540503629],[-71.033370265695,42.384070058366206],[-71.03337006639427,42.384097066161836],[-71.0333732426613,42.38412741870905],[-71.03338823057362,42.384153407755036],[-71.03339553042608,42.38416802200622],[-71.03341716401354,42.3841985394338],[-71.03343388989964,42.38421940388685],[-71.033452315874,42.3842402752313],[-71.03348712683353,42.38426238338397],[-71.03349073711146,42.384398521378],[-71.03518185417086,42.38478240599644],[-71.03518237994648,42.3847604411287],[-71.03517716055318,42.384743584683605],[-71.03517503362033,42.38470252302344],[-71.03517656396572,42.384676060781],[-71.03517976130999,42.384654106706016],[-71.03519900293584,42.38461367154515],[-71.03520992477281,42.38458166546493],[-71.03521178631888,42.384559705992324],[-71.03521992771552,42.38452597813393],[-71.03522645736908,42.38449674519694],[-71.0352282054127,42.38447370492118],[-71.03522842046334,42.38444444647495],[-71.03523027239022,42.38440727211858],[-71.03522737117129,42.38437241930622],[-71.03521715841178,42.38432448280082],[-71.03521581533532,42.38429242717052],[-71.03521045532982,42.38424514046799],[-71.03521683340631,42.384203482961404],[-71.03521843783314,42.384166937804],[-71.03522195211532,42.38413490179494],[-71.03522826731252,42.38410179675626],[-71.03522540152217,42.384078647811485],[-71.03521606830387,42.38404322884073],[-71.03526172738374,42.38404341328327],[-71.03529959419622,42.3840463571235],[-71.03533227640796,42.38404423840661],[-71.03537077949835,42.38404322353173],[-71.03540794946231,42.384041843146015],[-71.0354585926152,42.38404132740709],[-71.03551369839585,42.384044970981115],[-71.03554681674184,42.384049606114175],[-71.03560965793135,42.38405823244561],[-71.03564180482124,42.384062863630106],[-71.0356891553958,42.38406422510259],[-71.035754089414,42.38406898856816],[-71.03579253831997,42.38407535568408],[-71.03583228665983,42.384086679606185],[-71.03585983282018,42.38410596684079],[-71.0358903699136,42.38413138808299],[-71.03590880460168,42.38415117872246],[-71.0359380778457,42.38418334700325],[-71.03595164264996,42.384204828537435],[-71.03596548798816,42.384221179567604],[-71.03600045031601,42.38423932630585],[-71.03602636257175,42.38424960404387],[-71.03604938155317,42.38425698919178],[-71.03606944847213,42.38426949406506],[-71.03609403356144,42.38427859606353],[-71.03613113100309,42.38428711830394],[-71.03613386381296,42.38431188720338],[-71.03614150748852,42.384329383580486],[-71.0361385659108,42.38434962816911],[-71.03613183477057,42.384373278567935],[-71.03612849586389,42.38439802298705],[-71.03612833934618,42.384419359147785],[-71.03613116453717,42.38444808967985],[-71.03613726325979,42.38446098836626],[-71.03614142819961,42.38448918412735],[-71.03666936325224,42.38453299465002],[-71.03680723630877,42.384162721766636],[-71.0372646820185,42.38416402232488],[-71.03725968724173,42.384000240107895],[-71.03811033004659,42.38400365824624],[-71.03810989472395,42.3840632554674],[-71.03829134111956,42.38406065269949],[-71.03829306648488,42.38409045910717],[-71.03829726982877,42.38411352330988],[-71.03830012885743,42.3841377524901],[-71.03830135354423,42.38415297224657],[-71.03831050528633,42.38419685292393],[-71.03831770308632,42.38422560094639],[-71.03831587943729,42.38424251901435],[-71.03831139278066,42.38425825602361],[-71.03830648857712,42.38428128367752],[-71.03830331337134,42.38430035700899],[-71.03830622170908,42.38431783423735],[-71.03830743391197,42.38433476448729],[-71.03831227731428,42.38435332982423],[-71.03832738085703,42.38438039902479],[-71.03833505012408,42.38439447426761],[-71.03834073503576,42.384414213352045],[-71.03834458200213,42.38443619577744],[-71.03835115836905,42.3844502666336],[-71.03837745890706,42.38447395966557],[-71.0384183723627,42.384492129541876],[-71.03843855482143,42.38448887945023],[-71.03845549599872,42.38448048471989],[-71.03847414119795,42.3844715566507],[-71.03848832222373,42.38445864941119],[-71.03849581974582,42.384446345561614],[-71.03850203536224,42.38442665422083],[-71.03851092253261,42.38440697359554],[-71.0385148801628,42.3843805210486],[-71.03852778319751,42.38435968615728],[-71.03854186180524,42.38434416766951],[-71.03855544021584,42.38433062780402],[-71.03856960411309,42.38432006123037],[-71.03858971499993,42.38430996864825],[-71.03860972875044,42.38429654461322],[-71.03861592789494,42.384279103915894],[-71.03862430825302,42.38426230216564],[-71.03862719976698,42.384248809464],[-71.03863351245391,42.384232449564664],[-71.03863524676885,42.38421111973004],[-71.03863843434993,42.38419033589476],[-71.0386446577787,42.38416956423294],[-71.03864478914417,42.3841515590301],[-71.03865296404827,42.384129624820545],[-71.03865925569893,42.3841161457518],[-71.03867501130681,42.38410378497443],[-71.03869060803929,42.38409655519085],[-71.03871019566652,42.38409159212246],[-71.03878419024441,42.38408621696647],[-71.03881832103046,42.384085273439105],[-71.03884769160423,42.38408764188188],[-71.03888469609997,42.384092291629344],[-71.03893220167737,42.38408906092698],[-71.03898292820519,42.38409376563241],[-71.03902934874938,42.38408945019841],[-71.03906622523155,42.384078344361285],[-71.03908498312916,42.38407058701701],[-71.03912045553324,42.384052183217165],[-71.03914959761585,42.38403591473758],[-71.03917111834637,42.38404896506357],[-71.0391885352669,42.38405857786024],[-71.0392161237675,42.384072192652184],[-71.0392464002236,42.3840835674858],[-71.03926821305343,42.384089866814676],[-71.03929420383137,42.38408943072079],[-71.03931739769541,42.38408952359382],[-71.03935434243972,42.38408571025819],[-71.03939107316549,42.384077934793496],[-71.03941166498925,42.384068474193896],[-71.03943337003761,42.384056227158965],[-71.0394548820413,42.38403713717011],[-71.03948331903138,42.384017624752616],[-71.03950646274801,42.38399124896487],[-71.03952485873442,42.383966474686275],[-71.03954391825106,42.38393396059648],[-71.03956414472275,42.38389127793624],[-71.03957973637837,42.3838513676126],[-71.0395913285807,42.383810360938],[-71.03960358382149,42.38377835978021],[-71.03961654339784,42.38374969249942],[-71.03962128894567,42.38373170575853],[-71.03962463431563,42.38370588092191],[-71.03962794083296,42.38366871231939],[-71.03962861186923,42.38362658159485],[-71.03962715544557,42.38357642980677],[-71.03962273762559,42.38354940353255],[-71.03961560026507,42.38351228316617],[-71.03961113901967,42.383474543307166],[-71.03960560913792,42.383433468110965],[-71.03960418192419,42.38341266577982],[-71.0395934784763,42.383381653089245],[-71.03959362595667,42.38336139723114],[-71.03959289915773,42.38334446893472],[-71.0396247188593,42.383327310762496],[-71.03964968721189,42.38331714740305],[-71.03968166914183,42.38331106338932],[-71.03970822048522,42.38328362084799],[-71.03972409252597,42.38327189059265],[-71.03974082310488,42.3832589933971],[-71.03977663317026,42.383260847193476],[-71.03980886863414,42.38326997900223],[-71.03983003739064,42.38328131725536],[-71.03984870086116,42.38330317883773],[-71.03986413676684,42.383318005273246],[-71.03988067081181,42.383332115869045],[-71.03989737935436,42.38333893483898],[-71.03991392520246,42.38335142496126],[-71.03994168698848,42.38337458331271],[-71.03996007071578,42.38338483006094],[-71.03997702214586,42.38339164999031],[-71.03999213637418,42.38340062325931],[-71.04001222410201,42.38341033664018],[-71.04004903351463,42.38342506844459],[-71.04006585109141,42.38343359837008],[-71.04010016347976,42.383441027854666],[-71.04011857605971,42.38344731343179],[-71.04014282984859,42.383451911808805],[-71.04016573544361,42.38345821533666],[-71.0401980846417,42.38346842783375],[-71.04019781036051,42.38350614874326],[-71.04019959356008,42.383528122860994],[-71.04020210143014,42.383550640046636],[-71.0402049127228,42.38358153110927],[-71.04020820614424,42.383596218941236],[-71.04021351058493,42.38363495245944],[-71.04020564690798,42.383664270373],[-71.040224306357,42.38367001674725],[-71.04024237404047,42.38369034539483],[-71.04025599387242,42.38370444428931],[-71.04027275853652,42.38372026629264],[-71.04029255511144,42.38373664057981],[-71.04031444812897,42.38374861183605],[-71.04033257737937,42.383760478022104],[-71.04035132689063,42.38377054611034],[-71.04038906225433,42.383791583508085],[-71.04041990080711,42.38380917225534],[-71.04044905174099,42.383825043709095],[-71.04048117400684,42.38383309453087],[-71.04051248680538,42.383835560334916],[-71.0405461899132,42.3838266020382],[-71.04057110163555,42.38380752541783],[-71.04058637890837,42.38379408212576],[-71.04061143689181,42.38377158499217],[-71.04063796317362,42.383747563228496],[-71.04065483539794,42.383731875579194],[-71.04067201522,42.38370727631951],[-71.04068168383395,42.383680216297186],[-71.04068518289696,42.3836498906124],[-71.04067760736272,42.383622851774554],[-71.04067493034881,42.38359016068785],[-71.0406736320598,42.383568278543],[-71.04067534690249,42.38353281410149],[-71.04067554700494,42.38350526613351],[-71.04069756052442,42.38348392719811],[-71.04070705404222,42.383464248822804],[-71.04071775338005,42.38344574563266],[-71.04072552590625,42.38342894130237],[-71.04073349766861,42.38340142435725],[-71.04073982149518,42.3833834438704],[-71.04074292025572,42.383358068159936],[-71.04073836811877,42.38333275193731],[-71.040731164743,42.38330463424268],[-71.04071587818608,42.38328593728829],[-71.04070349293498,42.38326905248725],[-71.04068096100319,42.38324474482684],[-71.04065694639846,42.38322394235979],[-71.04061998500364,42.38319669615918],[-71.04059683746682,42.38317355639617],[-71.04058530687234,42.383156044793814],[-71.0405614922553,42.3831244396657],[-71.0405588262131,42.38310696345944],[-71.04055630188114,42.38308669693047],[-71.04056556036849,42.38306593728257],[-71.04057819474117,42.383048522175],[-71.04058740023773,42.383035054635116],[-71.04060485219131,42.38300640517908],[-71.04062310902525,42.38298397091167],[-71.04064663645603,42.38295480553529],[-71.04067194806555,42.382930778910946],[-71.04069129381475,42.38290888915182],[-71.04071669870427,42.38288873412241],[-71.04074284458939,42.38286687150068],[-71.0407632622561,42.382847866925424],[-71.04079310008265,42.38281926687916],[-71.0408190193928,42.38279515261904],[-71.04083623223475,42.3827659620007],[-71.04084254747067,42.38274915184428],[-71.04085210227801,42.38272101100432],[-71.0408553668415,42.3826895139997],[-71.04085723421535,42.38266647411348],[-71.04085451989022,42.382638914509066],[-71.0408576427537,42.382610207826964],[-71.04086124741633,42.38258204323943],[-71.04086723624594,42.38256001011564],[-71.04087868357806,42.38253880903249],[-71.0408925165216,42.382506814027636],[-71.04090651911062,42.38248490290896],[-71.04093285154909,42.38245403812029],[-71.04095209654416,42.38242926699642],[-71.04096766854451,42.38240862253337],[-71.04097840879706,42.38238444767248],[-71.04098505699794,42.38235521487878],[-71.04099459926654,42.38232878451971],[-71.04100235209002,42.38229793561558],[-71.04100882983218,42.38227545429047],[-71.04101369238312,42.38225800812692],[-71.04101210278927,42.382242786939294],[-71.04105536072824,42.38223899824683],[-71.04111549290016,42.38223590704453],[-71.04118195577121,42.38223059034112],[-71.04124805107473,42.38222572227705],[-71.04131429195965,42.38221752369459],[-71.04135633490762,42.382213820073694],[-71.04142388669037,42.38220904774366],[-71.04146565869583,42.38220921423583],[-71.04150718000828,42.382210460057856],[-71.04157922077923,42.382206245698114],[-71.0416486880145,42.382205262072596],[-71.04170258542625,42.382207907559405],[-71.04175968243318,42.38220471390139],[-71.04179962580756,42.38220586330423],[-71.04185522324963,42.38220851549013],[-71.04189519141097,42.382206243869035],[-71.0419322550255,42.38220261023957],[-71.0419821550295,42.38220388924962],[-71.0420233277058,42.3822029728093],[-71.04207295273513,42.38219191675765],[-71.04210639949981,42.38218466752933],[-71.04213922606928,42.38217921639644],[-71.04219408037827,42.38216710075945],[-71.04218122226649,42.38214841365881],[-71.04215444402372,42.382123549211734],[-71.04213802274367,42.382110609761],[-71.04199468339834,42.38077590413348],[-71.04196837471063,42.380770127586295],[-71.04193318877948,42.380766116261896],[-71.04189650255533,42.380751295508716],[-71.0418916831591,42.380729309315335],[-71.04188021840159,42.38068595985744],[-71.04186786530674,42.38066466389249],[-71.04185862628243,42.38064932222145],[-71.04184783675446,42.38063010314078],[-71.04183450900277,42.38060925343402],[-71.04182228258364,42.38058723773851],[-71.04179291528557,42.38055110929594],[-71.04180239954249,42.380532601156375],[-71.04181224416108,42.38051463462337],[-71.04181683871474,42.380500608443654],[-71.04182169699271,42.38048370239546],[-71.04182515880547,42.38045841811582],[-71.04182628480608,42.380437085796615],[-71.04182649287674,42.38040836746759],[-71.0418195464489,42.38036152487473],[-71.0418139253909,42.380332873358704],[-71.0418109116972,42.38029630970005],[-71.04180660220608,42.380270994468994],[-71.0417917298218,42.380228711770044],[-71.04178588736598,42.38018034308185],[-71.04178155105292,42.380141973578915],[-71.04177897537821,42.38009523841756],[-71.04177350505066,42.38004579086474],[-71.04177030082043,42.38001876948746],[-71.04175756069418,42.37998387762896],[-71.0417542002981,42.3799281364678],[-71.04174095549283,42.379879108087486],[-71.04170403872045,42.379862665832356],[-71.04167974632665,42.37984681403184],[-71.04164733930448,42.37982804897759],[-71.04165859985815,42.37981575990575],[-71.0416677968243,42.3798033725829],[-71.04167583238065,42.37978368830594],[-71.0416803257121,42.37976687083578],[-71.04168520419623,42.37974717398069],[-71.04169202606649,42.37971064949615],[-71.04169214872573,42.379693724584854],[-71.04168749918772,42.379665076928056],[-71.0416812143612,42.3796442552552],[-71.04167575537454,42.379626767934745],[-71.04167281885158,42.37959632652685],[-71.04166797091227,42.37957830146783],[-71.04165784160254,42.37955179266712],[-71.04164729119888,42.37951636934361],[-71.04163701633952,42.379493191023656],[-71.0416242999372,42.379471803549244],[-71.04161703592035,42.37945205831506],[-71.04160164818495,42.37943066019414],[-71.04158182847294,42.37941761708278],[-71.04156812895855,42.37939784620135],[-71.04156191275999,42.37938431712105],[-71.04155742065872,42.379367463847785],[-71.04154872499772,42.37932745643916],[-71.04154115545485,42.37928286205174],[-71.04154121677307,42.3792576542509],[-71.04156816519901,42.37925884198433],[-71.04159549747692,42.37925733037895],[-71.04162183095022,42.37925959599426],[-71.04166020503453,42.37925920871261],[-71.04170066290904,42.379256128857385],[-71.04168534565727,42.37922500792427],[-71.04168888386165,42.3792059359284],[-71.04169045179962,42.37917389194557],[-71.04169205177647,42.379154182026745],[-71.04168168359065,42.37912713210126],[-71.04167588575476,42.37908938696314],[-71.04166847678783,42.37905613684246],[-71.04166869275522,42.37902633819097],[-71.04167947138038,42.379013507023025],[-71.04169630286535,42.378986475426714],[-71.04171658068383,42.37898655620678],[-71.0417707847403,42.37898001996487],[-71.041813671564,42.378976859716445],[-71.04180644798586,42.37895153287135],[-71.04179447713832,42.378927807635066],[-71.04178554581122,42.378903554331345],[-71.04178250294328,42.37888778718225],[-71.04178583543293,42.378863582724605],[-71.04178295051967,42.37884277459502],[-71.04177388930516,42.378819691146155],[-71.04176618398,42.37879382220616],[-71.04176341388677,42.37875716947449],[-71.04177293049918,42.37873416002251],[-71.04176724111277,42.378714961238714],[-71.0425783358209,42.37866984366333],[-71.04287680341996,42.378653024268104],[-71.04286976070637,42.37841784121338],[-71.04272347921622,42.3784126683916],[-71.04271607156356,42.378211244642216],[-71.04286582205067,42.37820679818414],[-71.04286078573557,42.37789563880968],[-71.04218406303792,42.377931750118854],[-71.0421742946628,42.37762057184952],[-71.04208085360493,42.37761281758671],[-71.04207004782278,42.3774282156036],[-71.04207210120758,42.37739617353584],[-71.0420751417754,42.37737872005792],[-71.0420780485351,42.37736297659386],[-71.04208011708045,42.37734560927529],[-71.0420832666791,42.377329866777615],[-71.0420896018999,42.377310175694134],[-71.0420960872187,42.3772865239418],[-71.04210560348868,42.37726351445454],[-71.04211217762642,42.37724436449319],[-71.04213058124544,42.37723489469297],[-71.04213667751132,42.377214662482885],[-71.04213829294237,42.37719279192075],[-71.0421418882528,42.377165797598344],[-71.04215121900206,42.37713486483637],[-71.04325757514512,42.37710946320216],[-71.04325270973473,42.37699294665789],[-71.04134037496296,42.37703089268109],[-71.04133282342272,42.377017358256],[-71.04131922503215,42.37700046865585],[-71.04131460197924,42.37696821991923],[-71.04130401106194,42.37693846819255],[-71.04130424351798,42.376906418872785],[-71.04130338384668,42.37687427516943],[-71.04130994904548,42.37685638561873],[-71.0413208181325,42.37683104083883],[-71.04132232939237,42.37680682912141],[-71.04133039993351,42.37678228344123],[-71.0413309000018,42.376763559447625],[-71.04133520782781,42.376738818707025],[-71.04133718060082,42.376717939894064],[-71.04133578887962,42.3766921861122],[-71.04133593186883,42.37667247037785],[-71.0413316952651,42.37665390755601],[-71.04132734964993,42.376633633752306],[-71.0413275181059,42.37661040699649],[-71.04133076057066,42.37658188079834],[-71.04132783934719,42.37656611411295],[-71.04132601938777,42.376549181444034],[-71.04131882892926,42.37651935324483],[-71.04131898432927,42.376497927012174],[-71.0412885851417,42.37648718240328],[-71.04126521717914,42.37647799631417],[-71.04123154818129,42.37646606827681],[-71.04119898437787,42.37645243409027],[-71.04116249794495,42.37644391589004],[-71.04113936574514,42.37641897567655],[-71.04114141426847,42.376404399182945],[-71.04114020218712,42.376370633550316],[-71.04114356817679,42.37632509240593],[-71.04115135669743,42.37630594733845],[-71.04115621025889,42.37628967148545],[-71.0411609874673,42.37626718334068],[-71.0411701644874,42.37624075147724],[-71.04117392918913,42.37622393110756],[-71.04117681267236,42.376194683248876],[-71.04118342747432,42.37616995171188],[-71.04119139420375,42.376142974846374],[-71.04119497744941,42.37611769104481],[-71.04120089246189,42.37608899544824],[-71.04120104790077,42.37606756921364],[-71.04119813136481,42.37603442698293],[-71.04120345168523,42.376004018466745],[-71.04120227478735,42.37598213677403],[-71.04120572941736,42.37595784277515],[-71.04121195119282,42.37593707093518],[-71.04121833552624,42.37591062792851],[-71.04121847397876,42.37589154237418],[-71.04123270998959,42.3758707124654],[-71.04124041684507,42.375846075307415],[-71.04125907934917,42.375834355957],[-71.04128057033644,42.37583444165584],[-71.04218940746202,42.37603612547321],[-71.04231793233787,42.37577609354566],[-71.04182310974652,42.375629447512424],[-71.04180150915091,42.37562774095955],[-71.04182052454657,42.375600808055374],[-71.04183561412958,42.37557944129851],[-71.04185132644196,42.37555591632829],[-71.04186080993259,42.37553740816274],[-71.04187775673552,42.375527842570456],[-71.04189985523269,42.37551109518622],[-71.04191208695975,42.37549871991932],[-71.041927762056,42.37548032643236],[-71.04193719660917,42.3754685702261],[-71.04195872971266,42.37544605873537],[-71.04198099065222,42.37542364016726],[-71.04200105824324,42.375402293208076],[-71.04201477496883,42.375386052603574],[-71.04204136695378,42.375352397665075],[-71.04205220224307,42.37533164414437],[-71.0420600993977,42.37531420999249],[-71.04206353280192,42.37529279680309],[-71.04206091148521,42.37525236343141],[-71.04205435610955,42.37523541191861],[-71.04204726666516,42.375208375052146],[-71.04203658703872,42.37519086694673],[-71.04202744525702,42.375162201389585],[-71.0420231929053,42.37514579921608],[-71.04201720747398,42.37513398161217],[-71.04200635805338,42.37510638960021],[-71.04199635073459,42.3750798812856],[-71.04197805450197,42.37505784140826],[-71.04195515619212,42.37503416268487],[-71.04193208823119,42.375017145413736],[-71.04190456439258,42.374995068779896],[-71.04188447839486,42.37498544573685],[-71.04185860941661,42.37496958767058],[-71.0418262041883,42.374950912672],[-71.04178638867243,42.37493274832042],[-71.04175395934902,42.37491740427155],[-71.04173447656602,42.37490832377783],[-71.04172204375729,42.374898191020705],[-71.04169766838328,42.37487729725378],[-71.04168222497418,42.374863731402726],[-71.04165483901686,42.37483940453648],[-71.04163032661204,42.37482067090065],[-71.04161820191902,42.37480153647725],[-71.04161119035808,42.37476378646044],[-71.04161578514012,42.374732924882316],[-71.04161806644031,42.37468620901179],[-71.04161465625664,42.37465414516068],[-71.04160908478603,42.374635486992354],[-71.04160275546134,42.37462087710099],[-71.0416016528382,42.37458873241543],[-71.0416021880448,42.37456514699492],[-71.04160809881216,42.37453699152466],[-71.04160819668851,42.37452348759018],[-71.04159492315743,42.37449534570182],[-71.0415858300073,42.37447676352672],[-71.04156882463427,42.37446094071348],[-71.04154260801869,42.37444283046686],[-71.04152284666068,42.37442195504829],[-71.04149870261855,42.37440268267692],[-71.04148026053778,42.37438406322988],[-71.04146670771091,42.374360961827],[-71.04145905593431,42.374344546078504],[-71.04144401742178,42.37432540001926],[-71.04142864339465,42.374302291351704],[-71.04141335423786,42.37428422463507],[-71.04139962324793,42.374268955022096],[-71.04139054650823,42.37424812217478],[-71.04138461481163,42.37422892238429],[-71.04140638203326,42.37420758229979],[-71.04142935359874,42.37420434280846],[-71.04145596826075,42.37420102780579],[-71.04149115897599,42.374187123577194],[-71.04153134856709,42.3741703583382],[-71.04156261286356,42.374162110255796],[-71.04160541220878,42.37415381810215],[-71.04166720450485,42.3741551446649],[-71.0416936194329,42.37416263227196],[-71.04172232559247,42.37417228969291],[-71.04174751007821,42.37418202310655],[-71.04176541424626,42.37419109731211],[-71.04178523692401,42.37420351022379],[-71.0418131572319,42.37422108702908],[-71.04183441212476,42.374236926732415],[-71.04186345780303,42.374250006565745],[-71.04188315910343,42.37426241897684],[-71.04191148870285,42.37427378539828],[-71.04193086228969,42.37428115488136],[-71.04195254262686,42.37427178818329],[-71.04195265346956,42.374256483722945],[-71.04194204589065,42.3742458180825],[-71.04192853348546,42.37423388047024],[-71.041908630436,42.37421579544685],[-71.04188434015988,42.37419994366906],[-71.04186728978917,42.374190332709404],[-71.04184565435506,42.37417674221725],[-71.04183838239906,42.37415816731427],[-71.04183515822187,42.37413393671583],[-71.04182158901386,42.37411308600939],[-71.04181739744129,42.37408831138402],[-71.04182369253024,42.37405736653697],[-71.04183191002788,42.37402922024014],[-71.04184423474163,42.37400397122366],[-71.0418565509676,42.37397989254686],[-71.04186936979721,42.37395347512048],[-71.04188660452814,42.37392086328861],[-71.04189938616423,42.37389957735446],[-71.04191156528486,42.3738776588176],[-71.04192594615424,42.3738534983259],[-71.0419415202894,42.373832223506774],[-71.04195184165788,42.3738153391831],[-71.04196956080546,42.37379965468948],[-71.04198350372049,42.3737856657058],[-71.04200348473508,42.3737762022029],[-71.0420449808008,42.3737634032552],[-71.04206503432435,42.37376069219351],[-71.0421020903727,42.37375741860735],[-71.0421358512931,42.3737564726437],[-71.04217021993428,42.37375543906005],[-71.04219000194834,42.3737566881651],[-71.04221459230303,42.37376461853641],[-71.0422422538533,42.373767609537495],[-71.0422729637886,42.373768812084855],[-71.04232430214881,42.37375497185329],[-71.04234265195282,42.373752794137864],[-71.04236258860615,42.37374945235755],[-71.04238727603716,42.37374396878066],[-71.04240580456992,42.37373386922811],[-71.04241972718225,42.37372267100511],[-71.04243207531634,42.373710926344614],[-71.0424189792824,42.37369178813721],[-71.04242777878618,42.373667065207854],[-71.04243608872001,42.373642880503425],[-71.0424454913713,42.37361870014468],[-71.0424440325633,42.37358538366975],[-71.04244750091401,42.373559109042674],[-71.0424645734464,42.37353207826619],[-71.04247875902003,42.37351809018742],[-71.04249281926653,42.373504641781516],[-71.04251312043712,42.37348446603079],[-71.0425466921278,42.37345930143487],[-71.04256543117063,42.3734368687415],[-71.0425998211453,42.37339928340296],[-71.04262682016218,42.37337634336984],[-71.04263593885925,42.373357833682924],[-71.04263762334985,42.37334316567807],[-71.04263446693614,42.373326317733614],[-71.04262802846232,42.373309996912646],[-71.04260735634487,42.373280745370764],[-71.04261363143499,42.37325250126264],[-71.04262119193145,42.37323119448641],[-71.04263551574287,42.37321486618727],[-71.04264935715014,42.37319808582411],[-71.04266368875862,42.373180677206236],[-71.04266988113876,42.373163866429906],[-71.0426687415435,42.37313676321473],[-71.04266265104373,42.373122694499656],[-71.04264739437035,42.37310012662891],[-71.04262768970796,42.37307141910867],[-71.04260206839722,42.37303818661602],[-71.04257159581887,42.373004214595376],[-71.0425439151101,42.372970343697794],[-71.04252136986014,42.37294828699717],[-71.0424889137419,42.37291997888316],[-71.04246744430755,42.37290026720063],[-71.04244347472633,42.37287370337603],[-71.04241423949448,42.37285333059136],[-71.04239792218151,42.37282634705225],[-71.04261804988836,42.37255758607889],[-71.0426416027838,42.372574605152906],[-71.04267853572591,42.37258825631998],[-71.04269496636114,42.37259957524881],[-71.04273056770444,42.37261268093211],[-71.04276899863301,42.37262066620625],[-71.04278873279483,42.372628487126796],[-71.0428254903755,42.372649609944794],[-71.04284860716832,42.372659785049045],[-71.04287485985722,42.372672853533956],[-71.04291311998048,42.372687680274275],[-71.04293167194089,42.37269108505833],[-71.04295178209131,42.37269728692507],[-71.04297477685934,42.37270755154772],[-71.04300550190588,42.3727065932692],[-71.04303756248363,42.37270564028791],[-71.04306695264648,42.37270458666129],[-71.04309181804517,42.37270801649775],[-71.04311452989694,42.37270702636122],[-71.04313507323995,42.37270368685738],[-71.04315792666038,42.37269990637995],[-71.04318733307471,42.37269660206569],[-71.04322922021414,42.37269676840006],[-71.0436268484046,42.37286607038294],[-71.0440055866511,42.37284335459081],[-71.04402574952832,42.372842264141084],[-71.04470839584513,42.3731561977685],[-71.04488703945907,42.37298188862316],[-71.04389308022562,42.372517094125854],[-71.04412370986415,42.37220524809706],[-71.04503232599133,42.372583545524314],[-71.04510560268132,42.37247345995054],[-71.04399916249233,42.37199984873809],[-71.04397482775444,42.3719902092081],[-71.04395650316403,42.37197213078697],[-71.04393979781882,42.37194838696384],[-71.0439290532869,42.371923046252],[-71.04392529474123,42.371905475720325],[-71.0439254641781,42.37188197885676],[-71.04392642376281,42.37186676778212],[-71.04393480560978,42.37184933541324],[-71.0439635837407,42.37183207393551],[-71.04398881758958,42.371818039439475],[-71.04401182060778,42.3718102981158],[-71.04403495346814,42.371801386926855],[-71.04405808632188,42.37179247573324],[-71.04408898163787,42.371784675647575],[-71.04412959300994,42.371776463915026],[-71.04415697130592,42.371768109699644],[-71.04418781339551,42.3717676917441],[-71.04422305933937,42.37176269975705],[-71.04425243607005,42.37176344635335],[-71.04430019114956,42.371757963729934],[-71.04434816439506,42.371755903048],[-71.04436824571964,42.37174923042629],[-71.04438352316387,42.371735246435115],[-71.04441906442135,42.371722963219206],[-71.04445216399905,42.371729396327936],[-71.04448246077547,42.37173725879001],[-71.044510085887,42.3717452006938],[-71.04454985526675,42.37175274053135],[-71.04458218233125,42.37176529250696],[-71.04462554218443,42.37178004884287],[-71.04465421076613,42.37179483703668],[-71.04469593118404,42.371801214171334],[-71.04472167816749,42.37181707113046],[-71.04473920184954,42.3717946332693],[-71.04475150487903,42.37177217474395],[-71.04476399823305,42.37175700930884],[-71.04478710739895,42.37173450351602],[-71.04480759671189,42.371704875070606],[-71.04482062427259,42.37168295957788],[-71.04478356221126,42.371670388930966],[-71.04476030785888,42.37166246439046],[-71.04472035984772,42.371646011060115],[-71.0446941033152,42.371633483151186],[-71.04464813345409,42.37161025379441],[-71.04465771685226,42.37159453667778],[-71.04468278799732,42.371569337805425],[-71.04469803335382,42.37154292966076],[-71.04470162336203,42.37151647538152],[-71.04470900515634,42.37150300026804],[-71.04472196379166,42.37147379217385],[-71.04473153095,42.37146032570836],[-71.04475087178568,42.371438435209235],[-71.04477038633166,42.371443013883734],[-71.04479145458345,42.37145101980066],[-71.04481299681669,42.371460648109114],[-71.04483771967914,42.37146695793064],[-71.04486524339072,42.37147210845362],[-71.04487787426349,42.37145469282767],[-71.04488542600853,42.37143446620968],[-71.04489036698452,42.37140585657632],[-71.04490296156108,42.3713934824209],[-71.04491337076188,42.37138109961816],[-71.04492610617113,42.37136602515103],[-71.04493397353778,42.37135255194392],[-71.04490336642746,42.37133721597507],[-71.04488507377208,42.37133156181082],[-71.04490361712037,42.37130237579144],[-71.04491174414454,42.37128656286216],[-71.04492095866608,42.371271474465615],[-71.04493167090216,42.371250720174174],[-71.04493849350268,42.37123058069625],[-71.04495045738518,42.371204609679474],[-71.04495932838472,42.37118663899659],[-71.04497930042119,42.37114449445731],[-71.04498579957107,42.37111868187718],[-71.04500243683536,42.37110128208447],[-71.04499392171995,42.3710866637237],[-71.04496555672334,42.371080339527005],[-71.0449413319417,42.37107232115355],[-71.04491651566809,42.37106213974162],[-71.04489227470468,42.371056372015765],[-71.04486457702497,42.37104167774815],[-71.04485371151573,42.37101624661078],[-71.04485896033705,42.370995470707115],[-71.04486347163294,42.37097595228932],[-71.04483758022418,42.37096333582603],[-71.04481153437357,42.37095531021887],[-71.04478881451105,42.37094063563046],[-71.04479269545588,42.37092435576042],[-71.04479476758077,42.37090635818334],[-71.04480766514993,42.3708856125499],[-71.04481080597307,42.370870950270266],[-71.04481846676826,42.37085243463456],[-71.04482934507942,42.37082546901473],[-71.04483613980808,42.37080920067286],[-71.04484388571629,42.370795726989805],[-71.0448569089289,42.370757516243195],[-71.04487695695911,42.37072167404081],[-71.04488921217184,42.37068895201365],[-71.04489723714632,42.37067043781299],[-71.0449065655898,42.37063950478182],[-71.0449159506562,42.37061757486286],[-71.04492849620988,42.370595117273254],[-71.04493774366085,42.37057543753024],[-71.04495512090163,42.3705564201501],[-71.04496265243623,42.37053898433914],[-71.04493209781278,42.37053328167273],[-71.04489990437641,42.370519109798344],[-71.04487725811967,42.37051109765479],[-71.04485874750794,42.370502021524025],[-71.04483419048388,42.37048959039555],[-71.04481434893464,42.370479878788736],[-71.04478010393161,42.370463988212954],[-71.04475747326143,42.37045381541375],[-71.04473399728074,42.37044300906217],[-71.04470685056386,42.37043614944796],[-71.04468699608923,42.370428238345674],[-71.04467132693614,42.37044609207178],[-71.04466041211911,42.3704612637491],[-71.04464961481574,42.37047697606391],[-71.04463226148697,42.370492662424056],[-71.0446182302369,42.37050223996848],[-71.04460326486132,42.37052351756938],[-71.04459039193142,42.37054084218113],[-71.04457580631885,42.370559960588366],[-71.0445607272866,42.37058015738681],[-71.04454226049039,42.37059872024916],[-71.04452028581724,42.370615468640416],[-71.04450782504733,42.370626132736675],[-71.0444831511747,42.370613070868586],[-71.04445457993678,42.37060170410936],[-71.04442977235615,42.37059035224911],[-71.04440668459867,42.37057621629946],[-71.04436671012674,42.370563543947995],[-71.04433097067798,42.37055286899485],[-71.04431001575935,42.370546033815145],[-71.04429118964383,42.37053020417571],[-71.04431639424445,42.37050329535787],[-71.04428713161279,42.37048679417034],[-71.04425512861546,42.3704799152099],[-71.04422596665867,42.37046629533024],[-71.04418929754968,42.37044985479943],[-71.04416142633582,42.370442452011964],[-71.04413245077973,42.37043666536129],[-71.04408972755381,42.370417950082604],[-71.0440746126018,42.37040942745693],[-71.0440328483407,42.37039242650692],[-71.04401578244396,42.37038506651561],[-71.04399352458543,42.37037372466751],[-71.04398898051987,42.37034723815604],[-71.04400958013099,42.37031914077237],[-71.04402207727009,42.37030343525486],[-71.04403274874919,42.37028835270139],[-71.04404415385932,42.370272552823714],[-71.044062911545,42.370247329053875],[-71.04408485435765,42.37021815663357],[-71.04410480142437,42.37019635866929],[-71.0441225190242,42.37018067383116],[-71.0441364729937,42.37016497407468],[-71.04415678100291,42.37014362767623],[-71.04418602827187,42.370111693287],[-71.04420194548325,42.370093120377156],[-71.04422107116613,42.370067357865736],[-71.04423187239843,42.37005110543164],[-71.0442475182243,42.370036492711954],[-71.04426463649372,42.370019725130135],[-71.04427748994691,42.37000510134291],[-71.04429292861244,42.36998553620627],[-71.0443099345299,42.36996750776784],[-71.04432282363497,42.36994793252671],[-71.04433545824419,42.36992997679629],[-71.04434492005882,42.3699142592188],[-71.04435452338056,42.36989575130485],[-71.04437481890781,42.36987611536706],[-71.04438617508437,42.369850232022884],[-71.0443953940615,42.36983451347918],[-71.0444175346467,42.369811553772074],[-71.04443439443484,42.36979694583469],[-71.04444371793959,42.36978356845265],[-71.0444596265635,42.36976616584819],[-71.04447625129761,42.36975047662678],[-71.04449072701765,42.369729737273694],[-71.04450322456924,42.36971394167549],[-71.04453146326185,42.369687134850885],[-71.04454092952943,42.36967078707197],[-71.04455021326903,42.369646065880595],[-71.04455702414933,42.36962754689218],[-71.04456799913402,42.36960400277151],[-71.04457629150984,42.36958206854887],[-71.04458428837343,42.36955059009055],[-71.0445972181454,42.369525343156866],[-71.04461269807848,42.369500016288825],[-71.04461147604579,42.36948425639046],[-71.04458867165232,42.36946453980137],[-71.04456251282365,42.36945543333818],[-71.0445425625521,42.36944401070088],[-71.04451662143637,42.36945525162457],[-71.04447792556937,42.369467432350135],[-71.04445905903904,42.369474109802525],[-71.04442933097106,42.36948857674992],[-71.04439570947093,42.36950419864417],[-71.04436913338817,42.36951930826303],[-71.04433648310442,42.369534933987055],[-71.0443129622506,42.369547264799515],[-71.04429478779144,42.369558986586064],[-71.04427773841238,42.369566211381375],[-71.04425553678445,42.369580798131636],[-71.04421198009678,42.36961042511843],[-71.04418892080999,42.36962608880437],[-71.04417185907336,42.3696350240844],[-71.04414714095873,42.36964500936662],[-71.04411741209009,42.36965956625917],[-71.04410048017641,42.36966733166731],[-71.04407723448705,42.36967516207638],[-71.04405243517228,42.36967956522366],[-71.04401038773305,42.36968507036723],[-71.04398176052939,42.36968153578001],[-71.0439598145651,42.36967748750125],[-71.04393569562578,42.369671720053326],[-71.04389407732076,42.36966822396424],[-71.0438741907272,42.36966481403739],[-71.04383116879819,42.36965392998837],[-71.04377894339447,42.369639768379216],[-71.04374806275969,42.36962884242469],[-71.04372977524783,42.36962255789016],[-71.04368995019918,42.36960610467594],[-71.04365339598921,42.3695906547425],[-71.04363939343486,42.36957943560269],[-71.0436044409168,42.36956075096699],[-71.04357526328239,42.369549381578096],[-71.04354438597542,42.36953800543696],[-71.04351702555259,42.369527183417894],[-71.04348340011698,42.36950967438749],[-71.04345591441204,42.36949939203005],[-71.0434300271378,42.36948632511402],[-71.04339878112091,42.36947557767234],[-71.0433748448101,42.369461348112175],[-71.04335164084458,42.36944658128082],[-71.04330877696165,42.369430656042546],[-71.04327405898363,42.36941314261235],[-71.0432522670693,42.369404593363214],[-71.04322804639743,42.369396124494145],[-71.04318188837233,42.36938243685003],[-71.04314312830614,42.369369858917835],[-71.04312206485804,42.369361312537144],[-71.04309617315691,42.36934887572997],[-71.043054657223,42.36933124520084],[-71.04302892402761,42.369313677359095],[-71.0430467671756,42.369280617598925],[-71.0430468408922,42.369253609212905],[-71.04304699178653,42.36923272310059],[-71.04306190079684,42.36921927798815],[-71.04307194123184,42.369207524083535],[-71.04308286466816,42.36919118221012],[-71.04309816974303,42.36917332724858],[-71.043115991803,42.369159983729155],[-71.04314095419758,42.36913298416972],[-71.04314900094496,42.36911149921503],[-71.04315365029552,42.36908973067938],[-71.04311876387203,42.369061953232624],[-71.04309695974337,42.36905511445407],[-71.04307259765964,42.369049435886204],[-71.0430419270741,42.36904310204909],[-71.0430020420757,42.369035021045136],[-71.04298030692176,42.369018639451255],[-71.04294519707258,42.36900499560613],[-71.04291344949148,42.368996496760595],[-71.04288257712784,42.36898449025592],[-71.04285044610333,42.36896185532599],[-71.0428549429084,42.36894440758407],[-71.0428632396958,42.368921933323556],[-71.04286254797431,42.36890005354256],[-71.04283629294967,42.368887525201785],[-71.04282398710758,42.36887676284801],[-71.04280263644142,42.368857591850634],[-71.04279836739288,42.368843530367435],[-71.04278621941367,42.368827727016296],[-71.04279112143881,42.3688046090638],[-71.04280664161418,42.36877379082705],[-71.04281818377933,42.36875583091555],[-71.04282908638044,42.36874236990791],[-71.04284371244457,42.368717670080244],[-71.04286116332972,42.36868848003016],[-71.042879188688,42.368663793707505],[-71.04289481821779,42.36865143182615],[-71.0429012854318,42.36863012066711],[-71.04290745778532,42.36861601065144],[-71.0429229453289,42.368589693715634],[-71.04293239948728,42.36857505656587],[-71.04292168300233,42.36856277004511],[-71.04292485277254,42.36854414664945],[-71.04292982343324,42.36852832130716],[-71.04292847197722,42.36851373124769],[-71.04293186763626,42.368497449501824],[-71.04293198148468,42.368481694888686],[-71.04293031070655,42.368460891562925],[-71.04292157378568,42.368443481257984],[-71.04291829743825,42.36842645276742],[-71.04290324752964,42.368409017374134],[-71.0428892707443,42.36839428711188],[-71.04287745450785,42.3683829865343],[-71.04285398352111,42.36837163963577],[-71.04282408205246,42.36835972700004],[-71.04280182483451,42.36836522032857],[-71.04278191463084,42.36836514118734],[-71.04276332815327,42.36836668782576],[-71.04273121575041,42.368375112919615],[-71.04271837073223,42.368388566196764],[-71.04269476537227,42.36841260010853],[-71.04266253121031,42.368437860112564],[-71.04264833444824,42.36845355873095],[-71.04263149543736,42.36846528556749],[-71.04261115588899,42.368474207584434],[-71.04259446626443,42.3684820637648],[-71.04257885364548,42.368492084920504],[-71.04256470958849,42.36850049139331],[-71.04254800823135,42.36850996804137],[-71.04251087844325,42.36852386488531],[-71.04248592550698,42.368532768531026],[-71.04246270022277,42.368537807798766],[-71.04244326385866,42.368539351005],[-71.04240889024044,42.36854146498773],[-71.04237054285547,42.36853906170303],[-71.04234127602047,42.36854011563574],[-71.04231219638453,42.36853207738209],[-71.04228130742308,42.368522411400065],[-71.0422603944443,42.36850990418336],[-71.04224274634909,42.368499210534964],[-71.04223094649765,42.368485659232306],[-71.04222156690997,42.36847319790813],[-71.04221429158981,42.36845516316303],[-71.04220531987838,42.36843667152097],[-71.04220535856031,42.36839777916785],[-71.04267724786139,42.36784651842339],[-71.04261602610937,42.36780072033871],[-71.04262718376275,42.36778554981174],[-71.04263849926785,42.36776533828942],[-71.04264949547425,42.36773891349788],[-71.04266524263947,42.36771025687128],[-71.04267943857951,42.36769464827456],[-71.04269648860141,42.36767049827171],[-71.04272501941645,42.367636850838934],[-71.04274082284172,42.367617197321714],[-71.04274997712074,42.36759364612444],[-71.04277389335411,42.3675937411967],[-71.04279127888607,42.36757355378769],[-71.04279637509778,42.36754035335645],[-71.04277056135504,42.367534038747316],[-71.0427457103733,42.36752889833613],[-71.04273690624892,42.36750401534138],[-71.0427618704583,42.367493491164325],[-71.04279167540945,42.36746831150202],[-71.04281648268635,42.367445902865576],[-71.04283693184126,42.36742176635174],[-71.04286440628944,42.36738307306234],[-71.04288655893387,42.3673584031359],[-71.04290359642482,42.36733596360185],[-71.04290993429275,42.36731573227019],[-71.04292143973097,42.367302813819954],[-71.04294179146774,42.36727534582798],[-71.04293494143597,42.36724885009053],[-71.04292872613904,42.36723532104671],[-71.04291062586006,42.36722003422233],[-71.04288225526278,42.367197954406265],[-71.042861176847,42.36715798779945],[-71.04284044704552,42.367120183269336],[-71.04279968216323,42.36708283927272],[-71.04277547119395,42.36705636454352],[-71.04274332101194,42.36703652039189],[-71.04271706678443,42.36702399201863],[-71.04269144756097,42.367007594917915],[-71.04266747946788,42.366981121130905],[-71.04265243908551,42.36696242532964],[-71.04264519245828,42.36694042944447],[-71.04263305269453,42.36692354575364],[-71.04261465248669,42.366916180238526],[-71.04258394717404,42.36691479772778],[-71.0425697253429,42.366934007371036],[-71.04256040967478,42.3669463042931],[-71.0425508225531,42.366962561409906],[-71.04251661547379,42.36695855411386],[-71.04249064412959,42.36695728043599],[-71.04245478916326,42.36696289966778],[-71.04214394213214,42.36732222877653],[-71.04210601984084,42.36732828981571],[-71.04204386951218,42.36734379745281],[-71.04177355486024,42.36721893103991],[-71.04230796978136,42.366549172525865],[-71.04229885388057,42.36651708593103],[-71.04227656511725,42.36651024506065],[-71.04232149849514,42.366441191570985],[-71.04235026719546,42.366408175372754],[-71.04234213446026,42.36639121756291],[-71.04229882834342,42.366369618341885],[-71.04226244530253,42.36634759651092],[-71.04222601407263,42.366332236622036],[-71.04219364920216,42.36632535563208],[-71.04215839941699,42.36631450187371],[-71.04213566945523,42.366301537247516],[-71.04210963368759,42.366292430703275],[-71.04207466323312,42.36627653640728],[-71.04205468964545,42.3662685343335],[-71.04202675925202,42.36626959350354],[-71.0420022011684,42.36625761189056],[-71.04198858079263,42.36624405330514],[-71.04196805303302,42.36622875666067],[-71.04194857173056,42.36623660163219],[-71.04192388210832,42.36625955072945],[-71.0418872048293,42.36622789450389],[-71.04185885068377,42.36620365379683],[-71.04182943211275,42.366192282989374],[-71.04179746938043,42.36618018180721],[-71.04177770865687,42.36617632186683],[-71.04175263701353,42.366168209401046],[-71.04173005671471,42.36616811943703],[-71.04170994875999,42.366161917347526],[-71.04171790552488,42.366136110727496],[-71.04172797833272,42.366119855611906],[-71.04169587005005,42.366094339499924],[-71.04167469040284,42.366085252205714],[-71.04164035853996,42.36608178432301],[-71.04160252697933,42.36607542155437],[-71.04156988297096,42.36607358089937],[-71.0415423494791,42.36607014008327],[-71.04151928753375,42.36606950798391],[-71.04150023113236,42.36608572727078],[-71.04148103309113,42.36610473688895],[-71.041469021748,42.36612044408113],[-71.04144883682146,42.36612486506121],[-71.04141353049371,42.36610509797641],[-71.04138979889592,42.36607961517625],[-71.0413434609265,42.366074388781854],[-71.04130058743004,42.36606017328474],[-71.0412577022003,42.366047578246835],[-71.04121788788126,42.36603004384663],[-71.04118426559413,42.36601244410387],[-71.04113681231632,42.36599361879687],[-71.04104678075063,42.36595337673476],[-71.0408785129696,42.36590372940234],[-71.04077735025601,42.365858311040924],[-71.0407193472841,42.3658378229168],[-71.0406182571519,42.365799156879746],[-71.04184232783759,42.36441192051969],[-71.04073748263635,42.36385842699702],[-71.04071159823224,42.363845359452576],[-71.04068263778059,42.363837951448325],[-71.04063908031272,42.36385128184971],[-71.04062039246175,42.363866962294786],[-71.04058423918309,42.363897157680945],[-71.04049093498918,42.36400707053849],[-71.03943507872064,42.3651811474829],[-71.03938917984303,42.36516574877429],[-71.03935655734828,42.365161026645744],[-71.03932599271481,42.36515712301144],[-71.03929948740722,42.36516259864819],[-71.03928250692668,42.36517711533555],[-71.03926985937349,42.36519678103188],[-71.03925367095296,42.36521922344263],[-71.03924614700321,42.36523548855742],[-71.03923464578097,42.365247776461196],[-71.03921025665413,42.365246058232266],[-71.03909057815864,42.365209567094624],[-71.03904845119757,42.3651930129876],[-71.03898694527122,42.365170259217514],[-71.03894096579795,42.36514927820625],[-71.0389028194377,42.36513625113434],[-71.03887673737955,42.365116970385316],[-71.03884943676904,42.365098314947836],[-71.03881244732598,42.365093125010475],[-71.03877447231314,42.36507325637566],[-71.03873661872144,42.36505338821509],[-71.03869081005573,42.36502565560956],[-71.03867241939471,42.36501711911743],[-71.03860203930343,42.36499604009706],[-71.03855907071336,42.36497840208416],[-71.0385411656723,42.36496986751905],[-71.03850258317642,42.36495008638506],[-71.03855943748408,42.36487820123062],[-71.03972027101466,42.3634097972011],[-71.03891391158783,42.36306499706696],[-71.03772843406232,42.36453167355259],[-71.03787500495018,42.36459249199108],[-71.03784826098752,42.364630646881224],[-71.03783066083636,42.36464687141883],[-71.03780232383934,42.36467043519021],[-71.03777741092458,42.364690591611144],[-71.03775277368189,42.364706247681966],[-71.03773402136332,42.36471400484324],[-71.03770213319581,42.3646919095877],[-71.03766849219971,42.364677099630626],[-71.03765000472899,42.36466523150923],[-71.03763029474504,42.364654528847936],[-71.03759878951324,42.36467970035605],[-71.03758748940308,42.36469766073643],[-71.03756183559435,42.36468630396347],[-71.03752951514277,42.36469013528913],[-71.03750276077817,42.364713075147264],[-71.03747154921881,42.364747880910045],[-71.03745893476243,42.36476295506249],[-71.03743136966666,42.36479714527504],[-71.03740804026329,42.36483315309764],[-71.03742802346197,42.36488950162408],[-71.037379040979,42.36488084188674],[-71.03728762533767,42.36484779361327],[-71.03723412400979,42.364826241480046],[-71.03719918523181,42.36480629450835],[-71.03716070206612,42.364773008962985],[-71.0371319367856,42.36475551759753],[-71.03710357787546,42.36473226600068],[-71.03704809746381,42.364715747441835],[-71.03699926094578,42.3647037570541],[-71.03697009926032,42.36469067547565],[-71.0369088334085,42.36466846172759],[-71.03685682603289,42.36464187380467],[-71.03680953338491,42.36461800571675],[-71.03675025088017,42.36459021806881],[-71.03666715100601,42.3645655754927],[-71.03812555140942,42.36271693242482],[-71.03735092799135,42.362384042464235],[-71.03593602630984,42.36415929767175],[-71.03594331189471,42.364175622329604],[-71.03595782891931,42.36421565380919],[-71.03595442773243,42.36423247552327],[-71.03593426930973,42.36424985982988],[-71.03589528476732,42.364251953255405],[-71.03584975557634,42.36423601444232],[-71.0358085287701,42.364212800620116],[-71.03577628989434,42.36418899285658],[-71.0357174636207,42.364148782499306],[-71.03569272159514,42.36412905628234],[-71.03567323507497,42.364121055056785],[-71.03560112043085,42.36410500881367],[-71.03549659432203,42.364105216924465],[-71.03542351029503,42.36410546191778],[-71.03537288839308,42.36410525743232],[-71.03529738439317,42.36410441222065],[-71.03525458603936,42.3640968569082],[-71.03520537358412,42.364086574787265],[-71.035162516046,42.36407055646778],[-71.03512752739366,42.36405754089674],[-71.03509734794193,42.36403437146806],[-71.03506643617052,42.36401173924548],[-71.03504853981515,42.364002123817976],[-71.03503492604787,42.363987934217434],[-71.03502280542638,42.36396879905204],[-71.03501120811485,42.363944534343204],[-71.03501329536816,42.36392482641231],[-71.03502264845591,42.36390757864072],[-71.03503201609725,42.36388835028729],[-71.03504344215385,42.363869850487006],[-71.03503331416532,42.36384388116701],[-71.03502698346865,42.36382981103668],[-71.03501118463521,42.363815612599],[-71.03512949378155,42.363723901059906],[-71.035150133867,42.36370705901332],[-71.03516891762992,42.3636785056793],[-71.03519752143119,42.363635227257156],[-71.03522298547436,42.36358968541259],[-71.03524854904745,42.36354711492427],[-71.03530090494596,42.36347647357804],[-71.03532938254205,42.36343382481559],[-71.03534270237284,42.36338886408223],[-71.03534071000959,42.36334609221382],[-71.03535849692067,42.36330448060135],[-71.035385134702,42.36328091055943],[-71.03543464911662,42.36326652585551],[-71.03548886944,42.363256031387394],[-71.03554742224414,42.36325068604775],[-71.0355801375523,42.36322606015389],[-71.03559030665183,42.363196841759816],[-71.03557841977312,42.36316240264723],[-71.03556047621858,42.36314270384746],[-71.03552890246006,42.36311106616065],[-71.03547337495851,42.363101208791896],[-71.03541608911812,42.36309935688335],[-71.03536038375937,42.36311371656893],[-71.03529661781995,42.36315118113801],[-71.03528227160268,42.36318713481149],[-71.03528123304561,42.36322935426152],[-71.03526218948205,42.36326024732272],[-71.03522958582093,42.36326965866054],[-71.03518807475284,42.36328524599917],[-71.03514561069882,42.363314874010065],[-71.03511377965299,42.363351297166346],[-71.03508556921886,42.36339061588007],[-71.03506014750658,42.36343039600547],[-71.03504064033062,42.36347479151905],[-71.03502184730543,42.363504605203275],[-71.03499770960217,42.363534847421434],[-71.03494550554883,42.36358478255336],[-71.03490660887853,42.36362450815785],[-71.03488152838243,42.36365087528786],[-71.03484507144071,42.36368899021387],[-71.03481213490177,42.36372711936682],[-71.03481280098929,42.36368606879611],[-71.0348201940931,42.36363820322192],[-71.03482886270052,42.36358197009995],[-71.03485273562086,42.363538222482454],[-71.03487388487585,42.363501666172546],[-71.03556606652334,42.36264585581083],[-71.03554471047892,42.362611468481234],[-71.0355253110416,42.36259167376451],[-71.03550120176851,42.362568528945985],[-71.035467504238,42.36256164066468],[-71.03542412612696,42.362567047258686],[-71.03449344905691,42.36377867704894],[-71.03452070607658,42.36380300518953],[-71.03456018293222,42.36383296457844],[-71.03458643024526,42.36384603498096],[-71.03461972708784,42.363857963523614],[-71.0346490132722,42.363870506033145],[-71.03459389584674,42.36392033918738],[-71.03455494691016,42.36395061140615],[-71.03450359426967,42.363967239019544],[-71.0344677960903,42.363981768870666],[-71.03443054578996,42.363995662629065],[-71.03439455593968,42.36401973476467],[-71.0343667618431,42.36403537733525],[-71.03433730995133,42.36404534135488],[-71.03430374574926,42.364036742724736],[-71.03428058234692,42.36401702259337],[-71.03426429663436,42.36398652681706],[-71.03424904118378,42.363964497944366],[-71.03424027876932,42.363950958097796],[-71.03421494613605,42.36391259314691],[-71.03418053741657,42.363870320180695],[-71.03415927526096,42.36383971420401],[-71.03413550102312,42.363820531742604],[-71.03411124984027,42.363800176965974],[-71.03410845500102,42.36376757511369],[-71.03410233792741,42.363691565780606],[-71.03410244912028,42.36361054004592],[-71.03409271685953,42.36356386555074],[-71.03408678440135,42.36354520549609],[-71.03408146550373,42.36350917231071],[-71.0357315644788,42.36145021707508],[-71.03557894928355,42.361387210718156],[-71.03392717665247,42.36344219574424],[-71.03365064984571,42.36332457718375],[-71.03393414523605,42.36050277290699],[-71.03376506363172,42.360500377037404],[-71.03352701595215,42.362738886599935],[-71.03278502277388,42.36269203063058],[-71.03278033189457,42.36263682372296],[-71.03271061028518,42.362625827004464],[-71.03263061323379,42.36255969066427],[-71.03258559725309,42.362556716824265],[-71.03257642669634,42.36248348587495],[-71.0325245040518,42.36247877338774],[-71.03262746537916,42.361326278687685],[-71.03251841485759,42.36131512201432],[-71.03239149382537,42.362703305497746],[-71.03211937660059,42.362696076848415],[-71.03211232190887,42.362648692829076],[-71.03204022268069,42.36264731914787],[-71.03206835813211,42.36238859987431],[-71.03199787526435,42.36238210108089],[-71.03193411352156,42.36286178688841],[-71.0319552027613,42.36288275946907],[-71.0319624205601,42.362908087024906],[-71.0319604244737,42.362931756560975],[-71.03192059828447,42.36331016692482],[-71.03179879344634,42.36329958788369],[-71.03180767889558,42.363165210583716],[-71.03171363283383,42.363160236222654],[-71.0317063786246,42.36328741782882],[-71.03161075932711,42.36321617554868],[-71.03150815513888,42.3632849000144],[-71.03150780258034,42.363135810358095],[-71.03139800204703,42.36306162919875],[-71.0314550205577,42.36246037689275],[-71.03139494806184,42.3624578814219],[-71.03133731603505,42.362879703156],[-71.03132128343566,42.36299550530834],[-71.03129011004282,42.36299204719538],[-71.03125326250077,42.363000719880446],[-71.0311392101901,42.362992512490216],[-71.03106716531731,42.36298375603391],[-71.03099152463297,42.362985158160555],[-71.03090196578007,42.36298083163622],[-71.03085740176941,42.36298236042079],[-71.03080520266879,42.36298214748774],[-71.03076950904446,42.362982542045756],[-71.03074825654245,42.36298362571682],[-71.03072309925771,42.36300377962678],[-71.03071145853077,42.363034702149555],[-71.03070317189164,42.36308805560922],[-71.03068392207085,42.36317917656493],[-71.03068764067886,42.363234289562186],[-71.03067110655988,42.36328661904305],[-71.03064708296513,42.363252129884664],[-71.03063379596746,42.36322677747837],[-71.03063091142778,42.36320650915389],[-71.03063009058185,42.363186249251164],[-71.03063221658381,42.36316149991816],[-71.03063072616204,42.36313331471971],[-71.03063814289078,42.3630990438902],[-71.03063684849428,42.36307716153025],[-71.03062772298166,42.363047234619266],[-71.03063022117597,42.363021406454905],[-71.03063536129613,42.36299946032449],[-71.03064308358462,42.36295672800261],[-71.03061864194399,42.362978595363835],[-71.03059670765164,42.362989759486815],[-71.03056381100696,42.363022215765874],[-71.03052775342309,42.363055289336764],[-71.03048108868688,42.363078146303984],[-71.03043121288592,42.36310837253083],[-71.03038145909927,42.363138509205136],[-71.03035404143297,42.363185122367966],[-71.03033339262603,42.363219339145914],[-71.03032667426444,42.36324127881737],[-71.03032453142896,42.36326827880415],[-71.03030832401636,42.36330926589832],[-71.0302815462247,42.363335084928295],[-71.03027076327947,42.36334854525867],[-71.03021809940617,42.36336183453072],[-71.03013479406701,42.36338175078812],[-71.03007274901637,42.36338320785353],[-71.03001882532246,42.363386318596184],[-71.02998039760053,42.36337886920408],[-71.02993502969066,42.36337418233753],[-71.02993405884209,42.36339047364116],[-71.02991874268335,42.36344217778871],[-71.02990732382702,42.363492187309674],[-71.02990611010443,42.36354115819106],[-71.02991156073247,42.36357548156401],[-71.02989685118919,42.36361089291547],[-71.02979411373647,42.36359921930758],[-71.02977818149887,42.36355413961136],[-71.02978358991244,42.36351247823934],[-71.02978812272593,42.36349061969404],[-71.02978919934972,42.36346010422289],[-71.02978984727919,42.363421934523274],[-71.02978754026007,42.363389334548444],[-71.02978792157595,42.363370700078534],[-71.02978716725049,42.36334152755794],[-71.02978293533343,42.363306578955545],[-71.0297834668205,42.36328407384676],[-71.02978546774794,42.36325986419197],[-71.02978889126864,42.36324025183855],[-71.02979204322386,42.363224509627216],[-71.02972633216321,42.363212897293884],[-71.02967518324877,42.36321835997794],[-71.02964943104875,42.363220505395226],[-71.02961510608654,42.36321640373622],[-71.02959776307232,42.36323046737864],[-71.02958190264218,42.36327370652003],[-71.02957374871268,42.36329275934463],[-71.02954625906267,42.36326734871916],[-71.02954100122933,42.36323977829889],[-71.02952270874374,42.363218276540124],[-71.02951270050195,42.36319284738517],[-71.0295203639785,42.36315812748942],[-71.0294947753782,42.363154601706015],[-71.02946880451897,42.36315350513957],[-71.02944266387146,42.36314259469725],[-71.029424530518,42.36313234721473],[-71.02941901321856,42.36310702645451],[-71.02941643481617,42.36307829661146],[-71.0294137430598,42.36304848595479],[-71.02940503203905,42.36302819375754],[-71.0293866470682,42.36300282034441],[-71.02937001201117,42.36298699717711],[-71.02934872248989,42.36297673676711],[-71.02932143379745,42.36297329401675],[-71.0292966153161,42.36298048480755],[-71.02929298571566,42.36299514470216],[-71.02927352956186,42.36303215707764],[-71.02924860599187,42.36306977727553],[-71.02921722374656,42.36311070210886],[-71.02919323831516,42.36313644228883],[-71.0291448688357,42.36315992194126],[-71.02908170261819,42.36316524513413],[-71.02902837717514,42.3631369376937],[-71.02900724250398,42.36310588112474],[-71.02899259198077,42.36306809892067],[-71.02897646732542,42.363032651434764],[-71.02896003353285,42.3630061155648],[-71.02893083205548,42.36299870360582],[-71.02890351856887,42.36299859173282],[-71.02887467262575,42.363024942142516],[-71.02885895860014,42.36304846540676],[-71.02884282137343,42.36307990949914],[-71.02882950101126,42.3631243293244],[-71.02881674198227,42.36315857815516],[-71.02880065097926,42.363183810420104],[-71.02878360088562,42.36320741822889],[-71.02875818735562,42.36322928121469],[-71.02873376642667,42.36323197205647],[-71.02870115377404,42.36322616658706],[-71.0286661588686,42.363214229364644],[-71.0286277984971,42.36319777688174],[-71.0285988021866,42.36319540731145],[-71.02855499580197,42.36320927230152],[-71.02851146097682,42.36323556240887],[-71.02848180325711,42.36325677773124],[-71.02843514165976,42.363279093709],[-71.02839958526371,42.363293622669104],[-71.02836835741368,42.36331375117447],[-71.02834594968081,42.36333949764784],[-71.02832667658085,42.36338443317743],[-71.02833978614086,42.36343346278728],[-71.02835708622186,42.36347404684088],[-71.02837203361794,42.363504537981406],[-71.02836526017511,42.36353376967346],[-71.02834453577324,42.36356168374747],[-71.0283275605928,42.36357520853248],[-71.0283004887411,42.363607778082205],[-71.02828909756387,42.363637621034826],[-71.02827585713631,42.3636875328971],[-71.02827460076986,42.36370949485128],[-71.02826006282744,42.36372176921445],[-71.02827417310432,42.3637668416509],[-71.02827671811868,42.363799982807336],[-71.02826678766237,42.36382929157288],[-71.02825219047733,42.363865783526315],[-71.02823159066902,42.36389324794397],[-71.02820112748513,42.36394101847995],[-71.02819128546352,42.36397473902802],[-71.02820044420294,42.36400007478138],[-71.02821970359825,42.36402212088845],[-71.02825469470886,42.36405089367309],[-71.02830205877747,42.3640809775986],[-71.02835358054195,42.36410702724351],[-71.02839341424767,42.36412132515492],[-71.02843457988276,42.36415237392919],[-71.02844322363312,42.36418166883133],[-71.02845863191232,42.36423178819173],[-71.02846023868487,42.364276809336715],[-71.02777090111317,42.36515914734709],[-71.02771931689118,42.36514137987076],[-71.02765050906578,42.365121560998915],[-71.02757397959573,42.3650953183034],[-71.02747881352417,42.36506116646203],[-71.02739389536451,42.36502030446744],[-71.02732163184021,42.36499182840356],[-71.02727270919668,42.36497533207078],[-71.0272407646675,42.364961246260826],[-71.02721003546834,42.36494698537939],[-71.02715946447701,42.36492364000998],[-71.02718300310563,42.36490915206022],[-71.02718838333142,42.36488774724931],[-71.02717150957248,42.36487138261461],[-71.02715668207097,42.36485736714651],[-71.0271231396987,42.36482968033853],[-71.02706526887502,42.36480846561271],[-71.02700874893705,42.36478518574327],[-71.02697185355598,42.36476756836213],[-71.02694601740673,42.364748375931136],[-71.02690410951044,42.364767919935964],[-71.02687570624947,42.36478355819695],[-71.02685972786327,42.36479357572913],[-71.02683331604939,42.364737739055165],[-71.02681111376954,42.364719641892194],[-71.02678487174177,42.36470602955987],[-71.0267486460924,42.36468004215401],[-71.02671979669056,42.36465795634121],[-71.02667565944664,42.364634727258945],[-71.02662374937552,42.36459571107318],[-71.02660169824735,42.364573653209575],[-71.02654340076872,42.364528398687014],[-71.02651629350852,42.364500648158604],[-71.02646623356682,42.36445776826375],[-71.02642562235836,42.36441762812531],[-71.02640186433622,42.364380348271915],[-71.02635918072592,42.364341369954104],[-71.02631397410487,42.364282664850286],[-71.026273698266,42.36423019204636],[-71.02623804091759,42.36417701801862],[-71.0262215317593,42.36414444949849],[-71.02620126136769,42.36409539015059],[-71.02618799821549,42.36405086112195],[-71.02617965226662,42.36401436494126],[-71.02617634488499,42.36395349162155],[-71.02616825185368,42.363899440799656],[-71.02616650104228,42.36384145482302],[-71.02616151034097,42.36377841386621],[-71.02616072530688,42.36373735734482],[-71.02616017497054,42.36369738213963],[-71.0261534078836,42.363644597184035],[-71.02617513411636,42.36362893159173],[-71.02621913957773,42.36360480500401],[-71.02623402116981,42.36359532321592],[-71.02625388256469,42.36355309133022],[-71.02625766797725,42.363517725469315],[-71.02626458937495,42.36346886815337],[-71.02626659165497,42.3634446585608],[-71.02626719586239,42.363412610674025],[-71.02626631030431,42.3633849680789],[-71.02626837464302,42.36336868130636],[-71.02626550026059,42.36334724253029],[-71.02620176845187,42.36334698000632],[-71.02619941536061,42.363272156091256],[-71.02620181687239,42.363210856133946],[-71.02620341515258,42.363143340855466],[-71.02621249801346,42.36308143821562],[-71.02621713920247,42.363012855120154],[-71.02622796871195,42.3629284523838],[-71.0262277372966,42.36286209994282],[-71.02622837590634,42.36282546070668],[-71.02623817227142,42.3627979521381],[-71.02626668402235,42.36276772975391],[-71.02624531613593,42.36273559135826],[-71.02624168104298,42.3627022655959],[-71.02624097083915,42.36266742138561],[-71.02625003671021,42.362591564146584],[-71.02624684196235,42.362531861652485],[-71.02626871396085,42.3624318393141],[-71.02627822484493,42.362345180402166],[-71.02629014133063,42.362277707608804],[-71.0263181988474,42.362210841466926],[-71.02634925329177,42.362132824042476],[-71.02638799030643,42.362033951477386],[-71.02639935243467,42.36200806986383],[-71.02643805028136,42.361930624061905],[-71.0264742104499,42.36188404780489],[-71.02651856229171,42.36181346747033],[-71.02657527579966,42.36176184413043],[-71.02662355813166,42.361733773705026],[-71.02661167855223,42.36171526882778],[-71.02659065008952,42.36168646296468],[-71.02657897333188,42.36164086013586],[-71.02659398567124,42.3615976178951],[-71.02661989943054,42.3615413662912],[-71.02664874200639,42.36148305606392],[-71.0266827770856,42.36139595785979],[-71.02672483660956,42.36130718211117],[-71.02677787093835,42.36121178934359],[-71.02682284355822,42.36112302554274],[-71.0268483961177,42.361066322251006],[-71.02689059273898,42.360975386300474],[-71.02690817542779,42.36092927365315],[-71.02694079041632,42.360853423172124],[-71.0269719378551,42.36082771290569],[-71.02698719563861,42.36081652200999],[-71.02698948274596,42.36078664172424],[-71.02698222073074,42.3607675256677],[-71.02698436894705,42.36073998556949],[-71.02699596866452,42.36071473507299],[-71.0270152751046,42.36068159370072],[-71.02703583714445,42.36064287567844],[-71.02705703682832,42.360583813675824],[-71.0270874108494,42.36053163161264],[-71.02711965586899,42.36045649978817],[-71.0271326470263,42.36040748728897],[-71.02715418917158,42.36035130760854],[-71.0271912653178,42.36027943667554],[-71.02722817059619,42.36019793190258],[-71.0272688385096,42.360100237325646],[-71.02729954773457,42.36003563254973],[-71.02736239793454,42.36002346682573],[-71.0273874199127,42.360021408952434],[-71.02740903900258,42.36001987726586],[-71.02743870867562,42.36001315696092],[-71.02746157122638,42.3600076690887],[-71.02748383187053,42.35998525324811],[-71.02749341876968,42.35995315220899],[-71.02751155253317,42.35991442412101],[-71.02751945983931,42.35989591058947],[-71.02753213015725,42.359873545368636],[-71.02754937283873,42.359856600682136],[-71.0275746889206,42.35983140646974],[-71.02758750210722,42.35980616089471],[-71.02759582866727,42.359780266684574],[-71.02760413774118,42.35975671316137],[-71.02760147626347,42.35973923656235],[-71.02760314736719,42.359710524107996],[-71.02760733801394,42.35968578328784],[-71.02761387265494,42.35965601045933],[-71.02762697898278,42.35962401389221],[-71.02763460205536,42.359594785707976],[-71.02764818584005,42.35956387144973],[-71.02765503044355,42.359525096969726],[-71.0276167105978,42.35951980791498],[-71.02758318265381,42.359506796018664],[-71.02755385686007,42.35950001339088],[-71.02757992017784,42.359423505591735],[-71.02759606180561,42.35939143146563],[-71.0276239659882,42.359312230340024],[-71.02766529756975,42.35923929637016],[-71.02768415249774,42.35916897095504],[-71.02768738005592,42.359143145823296],[-71.02769695328122,42.35911284529042],[-71.02770869127703,42.3590852545233],[-71.0277345808368,42.35903197350994],[-71.02775864217718,42.35897967530473],[-71.02778611864869,42.35890893512512],[-71.02780375026448,42.35887236562368],[-71.02782702831416,42.35881115129305],[-71.02784459224858,42.3587673791685],[-71.02786060391615,42.35870388426691],[-71.02788206084999,42.35865895773793],[-71.02790475332029,42.35859486004998],[-71.02792111605817,42.35854937242574],[-71.02792924904799,42.35853311051887],[-71.02796297129935,42.3584712187939],[-71.0279839378415,42.358426920436024],[-71.02801088174489,42.358378685319266],[-71.02802896033529,42.35834724928097],[-71.02804489227435,42.35831067276385],[-71.02805825296315,42.358277056657556],[-71.02807387493922,42.3582494817878],[-71.02809462811129,42.358201221246055],[-71.0281059801226,42.35817650978599],[-71.02812666660317,42.358153457151545],[-71.02814962898984,42.35815076045932],[-71.0281820761095,42.35814585194401],[-71.0282055327552,42.3581419868883],[-71.02824147529255,42.358124128485244],[-71.02824804693863,42.35810560941908],[-71.02822073181329,42.35807344695868],[-71.02819320334622,42.35805361762238],[-71.02814451667906,42.35802244781526],[-71.02809565763711,42.35799811950231],[-71.02804407061521,42.35796522719506],[-71.02797854133269,42.357930026909536],[-71.02793127317558,42.357903994499594],[-71.02784479911317,42.35786141579178],[-71.02779453623158,42.35791135571472],[-71.0277633079972,42.3578993436272],[-71.02770255832546,42.35787433611423],[-71.0276377943112,42.35785048246082],[-71.0276115462157,42.35783804064054],[-71.02767661418689,42.35777240648338],[-71.0275972395602,42.35773822946443],[-71.02742288864432,42.35766224869327],[-71.02724489032252,42.35757085765826],[-71.02686523352942,42.357370691793534],[-71.0266069665271,42.35725142054097],[-71.02637385555431,42.35712838104764],[-71.02606881738537,42.3569819971871],[-71.02562200293079,42.356770836896736],[-71.02525067167639,42.35659482781687],[-71.02470477434122,42.356324195626605],[-71.02417056682347,42.35606540301706],[-71.02365030943147,42.355808376234464],[-71.02286916735125,42.355427554990264],[-71.02247417972184,42.355235773572254],[-71.0220944377839,42.35505071630869],[-71.02135718773265,42.354694735090874],[-71.02086476265684,42.35445194598326],[-71.02052777087314,42.35429695133324],[-71.02030449894164,42.35419194625806],[-71.02004181281363,42.35406651964136],[-71.01985114614726,42.353967771750014],[-71.01956151882705,42.353825936213596],[-71.01914374884225,42.353615952115156],[-71.01874851093488,42.353428117975966],[-71.01823267293649,42.35318620978532],[-71.01793256256087,42.353035233203144],[-71.01770480032093,42.35293128454371],[-71.01758424090112,42.352871719556475],[-71.01745596117456,42.35280591001595],[-71.0173204904573,42.35274403144109],[-71.01722119935589,42.352696889367415],[-71.01710695224952,42.35263735037364],[-71.01694463224696,42.35256293454031],[-71.0167880859178,42.3524795397945],[-71.01663143100922,42.352394523846236],[-71.01647334935896,42.35228978523779],[-71.01631848448251,42.35217713734796],[-71.01622546210592,42.35211993747259],[-71.01595126547461,42.35196231245087],[-71.01575224357846,42.3518309318365],[-71.01548627571856,42.3516610063039],[-71.01513940462188,42.35143672137652],[-71.01502656100847,42.35136881346012],[-71.01484575802267,42.35125209285173],[-71.01468570158406,42.351152385052885],[-71.01451290682499,42.351036147855595],[-71.01427253670904,42.35086866829359],[-71.0139228737701,42.350645538211076],[-71.0136036605614,42.350440451713524],[-71.01330694522096,42.3502614780572],[-71.01306229939587,42.35009838925883],[-71.01286929746524,42.34997486160881],[-71.01268068702919,42.34984856132491],[-71.01249175206252,42.349732972859655],[-71.01234924872853,42.34964017840269],[-71.01217130804675,42.349531298208596],[-71.01199484590843,42.349419633094044],[-71.01175161449079,42.34926284951746],[-71.01155694355643,42.349136071470966],[-71.01137894964386,42.34901872702573],[-71.01119300152139,42.34890990129128],[-71.01099878346595,42.3487876256822],[-71.010814887808,42.34866467341699],[-71.01064287225977,42.34855932717034],[-71.01042805142941,42.34843345174412],[-71.01012448609706,42.34823238331517],[-71.00988892729771,42.3480890428087],[-71.00954809480446,42.34785801419323],[-71.00928041792534,42.34769364855973],[-71.00907554634908,42.3475532282291],[-71.00887872782526,42.347438680407734],[-71.00869036166013,42.347314175076875],[-71.00852603903817,42.347203726786134],[-71.00840327756418,42.347117673907476],[-71.0082740317389,42.347038345383204],[-71.00816434616324,42.34697206463994],[-71.00799243929029,42.34686950573266],[-71.00786180514503,42.34676595283679],[-71.00778349646,42.34670709841047],[-71.00773588161215,42.34668096605104],[-71.00769473207824,42.3466662050816],[-71.00765290149816,42.346660984317836],[-71.00759438761571,42.34666298449219],[-71.00753880757398,42.346677871433734],[-71.0074535324058,42.34668767952179],[-71.00735044725934,42.34670911508776],[-71.00728411779114,42.34671729365992],[-71.00723595465993,42.34671483652608],[-71.00717878275957,42.34673151706389],[-71.0071784957019,42.346690462339204],[-71.00716253615155,42.3466515011506],[-71.00711983708193,42.34661755702942],[-71.00708353094797,42.34658868195509],[-71.0070419445766,42.34656770683605],[-71.00699345816227,42.34654445137709],[-71.00694899284389,42.34653471757975],[-71.00689672532341,42.346529451785734],[-71.00685344768347,42.34652305413979],[-71.00679715494228,42.346504806774426],[-71.00676632216468,42.34648999969293],[-71.00672824977043,42.34648533489047],[-71.00670169337941,42.34648243004414],[-71.00667294827396,42.34648005597874],[-71.00664334451537,42.34647884860673],[-71.00661539208092,42.34648377032571],[-71.00659355386478,42.34651392656311],[-71.00659454703941,42.34654220011932],[-71.00659713195607,42.346568679913716],[-71.00658681393014,42.34660005596776],[-71.00656775223545,42.34663211473574],[-71.00654756115678,42.34665336510197],[-71.00653799383618,42.346666288305386],[-71.00652072384555,42.34668647084772],[-71.00648612578472,42.346703157891234],[-71.00643712848243,42.34671429131149],[-71.00635615680035,42.346732489811664],[-71.00628355904415,42.34675072421123],[-71.0062167144384,42.34676268119961],[-71.00613531269599,42.346773765359515],[-71.00604975838819,42.34680373783889],[-71.0059525366184,42.346820245713886],[-71.00585321972953,42.346856370955415],[-71.00565209321788,42.34689034788561],[-71.00555141186246,42.34691467312349],[-71.00545374196913,42.346941892172936],[-71.00539761802234,42.34696415816955],[-71.00534056325534,42.34698128844735],[-71.00529075430171,42.347003041381186],[-71.0052411412971,42.347015251999174],[-71.00519006840379,42.347027906461456],[-71.00516234496104,42.347034539375954],[-71.00512870995816,42.34703664536162],[-71.00516176472024,42.3470621759656],[-71.005188860071,42.3470893014476],[-71.00513776643382,42.347089081565024],[-71.00507593162594,42.34709664800228],[-71.00502226753638,42.347099207921964],[-71.00496629755347,42.34710175788928],[-71.00491004660238,42.347093683126865],[-71.00484996138096,42.34707928975366],[-71.00482521610554,42.347077562658896],[-71.00481102813684,42.34709154617565],[-71.00480472379789,42.34710619385003],[-71.00479923675422,42.34714047149654],[-71.00481135575394,42.34717374461044],[-71.0048278105338,42.34719578269491],[-71.00482858838689,42.34722045415438],[-71.00482186710798,42.347241852253596],[-71.00482165573726,42.34726886022229],[-71.0048303658629,42.34728798400631],[-71.004846220388,42.34732469432647],[-71.00486555571291,42.347366371260506],[-71.00487706797506,42.347399641752865],[-71.00488724948082,42.34743236633609],[-71.00490325944922,42.34748024098562],[-71.00492234720134,42.347522547049465],[-71.00492488778391,42.34755460852227],[-71.00494359005963,42.34763067401779],[-71.00494175584518,42.34770998218738],[-71.00496474184632,42.347781474610805],[-71.0049604287426,42.34785185917706],[-71.00495154394177,42.34791709237346],[-71.00495471665822,42.347992460792945],[-71.00496230710384,42.34806163618938],[-71.00495914754072,42.34812419314424],[-71.00496136887054,42.348181551548684],[-71.00496532150025,42.34821929095825],[-71.00496741844407,42.3482615238571],[-71.00496532467413,42.34829644631837],[-71.00495931080643,42.348351518527124],[-71.00494943628253,42.3483881180513],[-71.00495312315184,42.34844431237771],[-71.00495864360666,42.34852986423728],[-71.00497230894696,42.34861374059775],[-71.00497900251948,42.348673459017526],[-71.00497478960557,42.34874654488904],[-71.00496678757321,42.34882303557018],[-71.00496935091871,42.34891424655365],[-71.00496933719238,42.34899356253867],[-71.00496129990275,42.349074554541644],[-71.00496161885022,42.3491268630886],[-71.00496044124895,42.34918429687688],[-71.00496533923595,42.34925634160871],[-71.00495319304433,42.34933506517847],[-71.0049490918499,42.34937835173749],[-71.00494156862881,42.34944016965108],[-71.00492882591332,42.34961063075871],[-71.00491996045642,42.34971988846067],[-71.00489518643198,42.34981476296588],[-71.00487036263843,42.349884969154765],[-71.00485540605361,42.349935051208426],[-71.0048577931076,42.3499867384446],[-71.00485440929694,42.35007792379925],[-71.00483512198022,42.35016958084728],[-71.00482124106047,42.35025279839554],[-71.00480587038834,42.35032475583333],[-71.00479276095787,42.35037142470694],[-71.00478228709638,42.35042251637618],[-71.00477464449858,42.35049954874279],[-71.00475620126792,42.35056086945327],[-71.00472689779114,42.35064510091499],[-71.00469578285553,42.3507281541816],[-71.00467526900829,42.350774881174345],[-71.00465410726508,42.350811342006075],[-71.00464080576535,42.35086701298349],[-71.00461132974424,42.35094224071559],[-71.00460107088973,42.35099684444061],[-71.00457823264128,42.35106138724561],[-71.00457047387191,42.35112221377483],[-71.0045802799586,42.35118743739593],[-71.0045710647293,42.35124825764866],[-71.00457198951327,42.35130065881268],[-71.00456431178138,42.35135113229313],[-71.00455607441754,42.35139557138385],[-71.00455471147376,42.35144562192223],[-71.00456133645463,42.35149858782039],[-71.00455049116698,42.35156606322848],[-71.00454540095727,42.351611596230214],[-71.0045390880775,42.35168926449853],[-71.00454329280015,42.351756804747275],[-71.0045343168838,42.35184904631916],[-71.00451991647208,42.351921007876975],[-71.00450012278043,42.35199969840555],[-71.00449620452282,42.35203506311697],[-71.00446768245472,42.35209688051062],[-71.0044523377281,42.352165416866285],[-71.00442399491571,42.35225082274923],[-71.00439381585015,42.35232271628519],[-71.0043579138602,42.35239692591272],[-71.00432065129225,42.352474370725275],[-71.00428593036688,42.35253724170319],[-71.00425037316403,42.35259839850441],[-71.00422778304386,42.35264664695245],[-71.0042158596301,42.35269674197417],[-71.00417048449856,42.35281808614932],[-71.00413198090281,42.35289894666518],[-71.00411341568164,42.35296017669028],[-71.00409551868704,42.35301357702799],[-71.00406663660422,42.35307476255347],[-71.00403401161222,42.35314889617403],[-71.00401602841207,42.35319779465168],[-71.00397774949077,42.35328090681706],[-71.00393782840229,42.35335671949676],[-71.00391790585358,42.353420734544194],[-71.00389655929007,42.35346511701772],[-71.00389701640306,42.353515175379734],[-71.00387748824544,42.35357532085222],[-71.00385490596425,42.35362248889942],[-71.00383840582269,42.35366797262391],[-71.0038020021613,42.35372858544682],[-71.00377248355977,42.35380894442253],[-71.00374358040919,42.35385725555359],[-71.00371170548823,42.35392851136701],[-71.00368301683923,42.35396493951764],[-71.00366195424353,42.35401949649941],[-71.00364744461031,42.35405877675142],[-71.00363053334485,42.354125685681566],[-71.0036088114981,42.354186901987056],[-71.003589079665,42.35424200487447],[-71.00352686238806,42.35423552425004],[-71.00352247814743,42.35422191087271],[-71.00352722905578,42.35418880054009],[-71.00353420075926,42.35415110829181],[-71.00355929929354,42.354092697490394],[-71.00349016302971,42.35408627700535],[-71.00343906641265,42.35410118133064],[-71.0033774277249,42.35411378937037],[-71.00331853542733,42.35413217112509],[-71.00325392993683,42.35415160852459],[-71.00321512259745,42.35416269456801],[-71.00317653183816,42.35417711262445],[-71.00310805494816,42.35419491268598],[-71.00305859519038,42.35421774650858],[-71.00298922969036,42.354240494280404],[-71.00294709204196,42.354258318050356],[-71.00289629279251,42.35428168619045],[-71.00283914160792,42.35431015852707],[-71.00277501389462,42.354345983086965],[-71.0027086581642,42.35438728977387],[-71.00265694610121,42.35444954659089],[-71.00263324225531,42.35448482565424],[-71.00261587120983,42.35451743121911],[-71.00261078361704,42.35456242394699],[-71.00259633725044,42.35460899672529],[-71.00258865437122,42.354644435102756],[-71.00259142585489,42.35466245298312],[-71.00259343719664,42.35471539900682],[-71.00260846705284,42.35476444004213],[-71.00262218266843,42.35479537946914],[-71.0026448788081,42.35482653779331],[-71.00266913659931,42.354859773543865],[-71.0026901964843,42.354882912160406],[-71.00272556973442,42.35490728305032],[-71.00275927485957,42.354927685420236],[-71.00278642136993,42.35494859959989],[-71.00281994785128,42.354976293565144],[-71.00285855454015,42.355006260218666],[-71.0029075728747,42.35503969298381],[-71.00295020208837,42.35506751628653],[-71.00298370014066,42.355114296323634],[-71.00300944941083,42.35514312700202],[-71.00304741642071,42.355161837144394],[-71.00309496312758,42.355181759050716],[-71.00314546937048,42.35521123684547],[-71.0031898518294,42.355232225394204],[-71.00326087955872,42.35526071143764],[-71.00333472166895,42.35528632864945],[-71.00341104211716,42.35532095945986],[-71.00348776705792,42.355350460287134],[-71.00353376226579,42.35536704422195],[-71.00356596485979,42.35537789674362],[-71.00360399786966,42.35538823424673],[-71.00365226694535,42.35539348423927],[-71.00372921171923,42.35539498669674],[-71.00378141364584,42.35539404157537],[-71.00383255705579,42.35538877045017],[-71.00387694491769,42.35537815842107],[-71.0039394703884,42.355360962436],[-71.00400590251968,42.35534090232444],[-71.0040826284793,42.35532385753723],[-71.00413526504047,42.35531391118577],[-71.00418771104003,42.35529730181004],[-71.0042605993932,42.355289783479336],[-71.00433778463744,42.35527607159142],[-71.00440737880976,42.35527069967601],[-71.00451205551174,42.35526493870454],[-71.00459099507559,42.355259696972915],[-71.00465367064996,42.3552542951035],[-71.00470773681876,42.35524777576701],[-71.00473571512207,42.355240063702816],[-71.00478651516632,42.35521660472876],[-71.00483013977191,42.35519491542486],[-71.00486279433588,42.35516354572265],[-71.00489707347701,42.355141726125915],[-71.00493104361543,42.35512836795604],[-71.00495450478874,42.35512396748172],[-71.00499927564987,42.35512641093782],[-71.00503433627604,42.35512881258318],[-71.00510076524462,42.35512459700826],[-71.00513776977952,42.355111251835986],[-71.0051580241456,42.35509783457685],[-71.00519389021534,42.35507485133781],[-71.0052258313317,42.35505707290825],[-71.00526246082195,42.35502959146039],[-71.00528850296133,42.355005575603876],[-71.005348085449,42.35497657233772],[-71.00538627022563,42.354951978482326],[-71.00545429448826,42.354945518829346],[-71.00550075785284,42.35493329457065],[-71.00556855691833,42.354924583145824],[-71.00555747462332,42.354944792121294],[-71.00550487939117,42.35498057774898],[-71.00546279718436,42.35500686544246],[-71.00542111426616,42.35502865336591],[-71.00537765077213,42.35504530193785],[-71.005321515386,42.355068108015956],[-71.0052518316788,42.355100488929786],[-71.00520702616355,42.355133517021365],[-71.00516518719145,42.35515971562318],[-71.00511218492176,42.35518541602286],[-71.00504458460105,42.35519970986011],[-71.00499969041554,42.355213021042594],[-71.00494356319825,42.35523474661852],[-71.00491289507474,42.355260453040565],[-71.00488927954879,42.355284569288564],[-71.00485363416318,42.35531034429523],[-71.00480702294496,42.355325898745654],[-71.00475773910387,42.35532622669298],[-71.00470887225872,42.35531980420733],[-71.00466267997608,42.355312853044445],[-71.00460864053557,42.35531595135646],[-71.00453454616593,42.35532247438778],[-71.00445551907674,42.35533887935416],[-71.00436592144527,42.355356589150524],[-71.00425621307554,42.35538483565863],[-71.00417010705864,42.35539067646859],[-71.00409596456909,42.355403321012226],[-71.00400325393593,42.35543101037035],[-71.0039502206131,42.355460581367915],[-71.00390676274198,42.355491904208016],[-71.00386631740926,42.35552603094102],[-71.00381004830484,42.35556576124046],[-71.00375912827472,42.35560443424125],[-71.00370301864676,42.35562381852369],[-71.00364292890714,42.355639944540364],[-71.0035706074111,42.35565250657655],[-71.00347785590805,42.355685327013646],[-71.00339445508402,42.35568667745254],[-71.00332514765407,42.35568637814066],[-71.00326780373372,42.355692882670816],[-71.00320172050927,42.3556993494191],[-71.0031307205933,42.355713627447685],[-71.00303139475771,42.35573345488118],[-71.00290957834572,42.35575768648724],[-71.0027555701672,42.355785109865614],[-71.00268214778445,42.355814141971464],[-71.00261452183297,42.35581610023945],[-71.00249634475016,42.35582513217367],[-71.00237986340335,42.35583462147143],[-71.00233337115365,42.3558503554954],[-71.00230228441424,42.35588281162008],[-71.00227260126003,42.35589114592106],[-71.00224121028594,42.355900553175736],[-71.00219235577929,42.355923389243976],[-71.00212727109752,42.35594174358463],[-71.00207221765739,42.35596563311794],[-71.00195388004103,42.35599501045444],[-71.00188388599122,42.356004790599144],[-71.00180684111746,42.3560004955639],[-71.0017255075504,42.356001313573174],[-71.00165129141033,42.35600774419356],[-71.00156771625475,42.356015754732944],[-71.00147360232978,42.35602101864332],[-71.00138873874182,42.35600768648928],[-71.00130162790512,42.356002267118406],[-71.00121689427579,42.355987855047445],[-71.00105481424407,42.35596122347513],[-71.00100597781861,42.35595092828319],[-71.00092322843385,42.355900422796196],[-71.00085504106559,42.35586582563725],[-71.00079429048857,42.35584251440133],[-71.00074331970228,42.355841212777],[-71.00071820898847,42.35585460817741],[-71.0006806870151,42.35587182095097],[-71.00064010153685,42.355877316581285],[-71.00061694934386,42.35587325475056],[-71.00058527231977,42.35585736203632],[-71.00054172643723,42.35583808667636],[-71.00050969455224,42.35582102201693],[-71.00046097970294,42.35581072712045],[-71.00041905978384,42.355816126846726],[-71.00037446880266,42.35582160498262],[-71.00031970165028,42.35583991309773],[-71.00029307976033,42.35584483907097],[-71.00023439404595,42.35583675148829],[-71.00018104974617,42.355828597061375],[-71.00009889260174,42.355810774242705],[-71.00003991082511,42.355809437482726],[-70.99995133416738,42.355789876089794],[-70.99987184320935,42.35577260487824],[-70.99978668662581,42.35575035734775],[-70.99970467635468,42.35571398881642],[-70.99963990408385,42.35570812518669],[-70.9995917446955,42.35571970949647],[-70.99951141555721,42.35573169396226],[-70.99946778276865,42.35573879644723],[-70.9994213888817,42.355742015630184],[-70.999361628773,42.355731672187844],[-70.99927292677958,42.355712649901776],[-70.99919366460837,42.35569717980536],[-70.99913413878431,42.3556879176182],[-70.99903717388318,42.35567002954436],[-70.99888389349044,42.35565135582869],[-70.99872676818524,42.35561240851847],[-70.99860971162742,42.3555719251362],[-70.99855356099381,42.355550343325504],[-70.9985117016244,42.35551748009574],[-70.99845903460628,42.35548519992232],[-70.99839305817869,42.355478159953776],[-70.9983461439338,42.355485787877036],[-70.99827692242783,42.35548998737016],[-70.99820313779645,42.355487954877034],[-70.9981606988697,42.355466972879796],[-70.99812203988083,42.35542854164488],[-70.99807479154931,42.35541708175063],[-70.99803579059635,42.3553911630907],[-70.99799998337451,42.355360486796364],[-70.99795096174539,42.355312467141665],[-70.99791762012502,42.3552617250108],[-70.99790839412694,42.355231254765705],[-70.99794301896289,42.355242659619215],[-70.99798886846715,42.35524682107447],[-70.99803697921574,42.35524135922733],[-70.99806917513591,42.35523762848815],[-70.99813151853466,42.35522826742405],[-70.99818828350271,42.35523355678933],[-70.99822488114464,42.355241098898716],[-70.99827155746435,42.35523283978088],[-70.99829824636463,42.35521945179678],[-70.99834253507424,42.35520614058303],[-70.99838145671973,42.355196137032316],[-70.9984019452754,42.35516867737983],[-70.9984255031974,42.355121514654904],[-70.99844349983017,42.35507153675602],[-70.99845860197262,42.35503451047553],[-70.9984462820216,42.354996194214465],[-70.99842227767866,42.35494657330429],[-70.99838728655523,42.35488952204787],[-70.9983352169989,42.35484319981702],[-70.998276446068,42.35481539439901],[-70.99818501184984,42.354789066954055],[-70.99813770045468,42.35477031441821],[-70.99802028438052,42.3547753837727],[-70.99793960058514,42.35478628523717],[-70.99784171752918,42.35480782505239],[-70.99772592604938,42.35485287429413],[-70.99761900711381,42.354896431679094],[-70.9975310021939,42.35494268246358],[-70.99741433894098,42.355005733480894],[-70.99733835870222,42.35505095631582],[-70.99725393437564,42.35507426501995],[-70.99714488503861,42.35511088038089],[-70.99706858858751,42.355134764666644],[-70.99691537573618,42.355184150905416],[-70.9968358513078,42.35520180888107],[-70.99672831605663,42.355231138084115],[-70.9966367614713,42.35525045383437],[-70.99656259512729,42.355250669353495],[-70.99647017261984,42.355257016925435],[-70.99633130669415,42.355257579193115],[-70.99623413225717,42.35525094151647],[-70.99616447482695,42.35524892579325],[-70.99610248945574,42.355198057630965],[-70.99603807303957,42.35514762892819],[-70.99599227647494,42.35510637477436],[-70.99592446094523,42.355056021138196],[-70.99585819603634,42.35499388039449],[-70.99580580501,42.354942423920974],[-70.99575358076243,42.35490051128101],[-70.99567230136775,42.354849018100666],[-70.99562297239702,42.354809368834644],[-70.99555045972275,42.354769707881395],[-70.99551040513951,42.35473910219886],[-70.99545176119446,42.35469554072419],[-70.9953812360293,42.354650216523275],[-70.99532233227208,42.3546240295362],[-70.99525004049707,42.35457194528714],[-70.9952041234862,42.35453069028149],[-70.99517769930164,42.35451085782338],[-70.99513545968003,42.354434687481245],[-70.99511389856505,42.35439867104501],[-70.99508172460715,42.35435405520315],[-70.99505240552405,42.35431674427817],[-70.99501528174572,42.354283990578345],[-70.99495866179358,42.3542302643968],[-70.9949249905503,42.35419077361545],[-70.99487150856402,42.354139311909286],[-70.99482395611186,42.3540901269637],[-70.99479251999523,42.354059558883286],[-70.99475435804307,42.35402004832083],[-70.99470067371206,42.35397875897941],[-70.99464026920644,42.35394302191093],[-70.99455865569482,42.35390323029355],[-70.99443839452891,42.353869570783516],[-70.99436153241835,42.353857979156224],[-70.99428504813537,42.35384467857788],[-70.99419892988317,42.35383700743525],[-70.99411909221784,42.35383323512703],[-70.9940263974102,42.35382832583946],[-70.9939293824644,42.35383240041868],[-70.99384899089503,42.35383717829098],[-70.99375931715119,42.35384911760799],[-70.99366841127689,42.353848177206636],[-70.99358613201758,42.35386131933055],[-70.993496367807,42.35386938677442],[-70.99339464651491,42.35387001905131],[-70.99329398082658,42.353875247395855],[-70.99316040989603,42.35386673616933],[-70.99296274282744,42.353874327571745],[-70.99281797797607,42.35386918771353],[-70.9927074684568,42.35386077766855],[-70.99263057057466,42.3538536862021],[-70.99255069681469,42.35383928915955],[-70.99246574406169,42.353807403914054],[-70.99240512426195,42.35378354861349],[-70.99234754394577,42.35375907649169],[-70.99229694491619,42.35374192755618],[-70.99223784025838,42.35372591142633],[-70.99216306016966,42.35371207678111],[-70.99209683053212,42.35370665260002],[-70.99202797040958,42.35369626513604],[-70.99196161364156,42.353691560551724],[-70.99187039368618,42.35369953026568],[-70.99183340608964,42.35369540552389],[-70.99172841575373,42.35371015651915],[-70.99162512880245,42.35373949973621],[-70.99155956720699,42.353756675615934],[-70.99148016879532,42.35377379027216],[-70.99139900377848,42.35379926980858],[-70.99133126503594,42.35383057056881],[-70.99128144659765,42.353852227374645],[-70.99123027319384,42.35389143392641],[-70.99115530242253,42.3539164005185],[-70.99110130176535,42.353960005950526],[-70.991050965053,42.35398571169283],[-70.99099100340159,42.354015876288194],[-70.99094008692502,42.35405328325707],[-70.99089496488754,42.35407955219228],[-70.99083739001645,42.354114768928824],[-70.99080432034276,42.35413658971376],[-70.99074505443141,42.35418584352558],[-70.99066430050114,42.3542355423131],[-70.99061971261453,42.35427081646071],[-70.9905730181969,42.354296358068375],[-70.99051729797013,42.35434238640589],[-70.99044272515856,42.354393192776854],[-70.99035342748968,42.3544637403423],[-70.99029572503645,42.3545147114121],[-70.99021593577336,42.354580169330106],[-70.99014395582428,42.35464053013246],[-70.99008761378361,42.35470339102811],[-70.98999736058444,42.35480202329514],[-70.98991726910074,42.35487477205702],[-70.98986330045629,42.35494430555451],[-70.98993608509544,42.35490465529192],[-70.99001050125295,42.3548583500329],[-70.99007617325623,42.35482767109247],[-70.99012880652703,42.35481836133511],[-70.99015104178255,42.3548155789729],[-70.99018677479945,42.35482483037417],[-70.99013183360503,42.354864469879345],[-70.99006522196773,42.35490630834725],[-70.98997964576733,42.35496678881347],[-70.98989287522609,42.35502483312063],[-70.989788030257,42.35509648166263],[-70.98963903281178,42.355209437785206],[-70.98954088490792,42.355293449868526],[-70.98945164889751,42.35535607440466],[-70.98935609960483,42.355433885828745],[-70.9892744083014,42.35547907799964],[-70.98921089605103,42.35552777198128],[-70.98917573038275,42.35555345425685],[-70.98910488658039,42.35559311266026],[-70.98903332672573,42.355646272267734],[-70.98898039735958,42.35569213219828],[-70.9889075159379,42.35574357529366],[-70.98884532012481,42.355794525661764],[-70.98878001418392,42.35583979031027],[-70.9887056984331,42.35588843598614],[-70.98861969724855,42.355956115911276],[-70.98856957999614,42.356014412231126],[-70.98850464213719,42.356059138182744],[-70.98845362645535,42.356108427503315],[-70.98839190326478,42.35614587529932],[-70.98833740818348,42.356190107435886],[-70.98827100468189,42.35623590708867],[-70.98817965502595,42.356319408079585],[-70.98810660568586,42.356376431749226],[-70.9880018559759,42.35645077996976],[-70.9879379863734,42.35649839130141],[-70.98788369334952,42.356547575745466],[-70.98782768633494,42.356598553120584],[-70.98775613811996,42.356650001422324],[-70.98767362905801,42.35670590232579],[-70.9876016522857,42.35676527121937],[-70.98748444315379,42.35684910658181],[-70.98737359076794,42.35692738833041],[-70.98730022546866,42.35697828807128],[-70.98722253434909,42.3570387116054],[-70.98714666065635,42.35708455841096],[-70.98706558955067,42.357142625998534],[-70.98695331605543,42.3572163995276],[-70.98687358345593,42.3572740228034],[-70.98673751655677,42.357362904943415],[-70.98663960838711,42.35741648563888],[-70.98654879082001,42.35749377566885],[-70.98641213294559,42.35759552900448],[-70.98637680560061,42.357625891234804],[-70.98634052762796,42.357653728382125],[-70.98630584736766,42.35769408675571],[-70.98629070092476,42.35773561272988],[-70.9862720475172,42.35777550250495],[-70.98626774505897,42.35781203526357],[-70.98626372413098,42.35785874261301],[-70.98627608553575,42.35790606332008],[-70.98629276847817,42.35794440037909],[-70.98630890373808,42.35797544259957],[-70.98633159155844,42.35802172906992],[-70.98635327987864,42.3580864671178],[-70.98637804883478,42.35813060216466],[-70.98639793689685,42.358177866440194],[-70.98642178460777,42.35823082025254],[-70.98644430079018,42.358283317965665],[-70.98645527450341,42.35832216967913],[-70.98647117754274,42.3583818402142],[-70.9864929911673,42.35844612864141],[-70.98650713042935,42.358483824099366],[-70.98652468828206,42.358534048917065],[-70.98655921386344,42.35861748033538],[-70.98658259781448,42.358712655864636],[-70.98661158078035,42.35879102086829],[-70.98664767282091,42.35886095482506],[-70.9866895720684,42.35897818016389],[-70.98672663199324,42.359078458344854],[-70.98672959483838,42.35914716405594],[-70.98676023668223,42.3592305780667],[-70.98678093139684,42.35929819252152],[-70.9868059162937,42.359360694435935],[-70.98683013771381,42.35941256946008],[-70.98684338841227,42.359470067384166],[-70.9868462202052,42.359510053101836],[-70.98684883494826,42.3595618317103],[-70.98685278494636,42.35961361627584],[-70.98686214565838,42.35968676196441],[-70.98686811632724,42.35975881217205],[-70.98687524302291,42.359823034973125],[-70.98687486402333,42.35986975857054],[-70.98687442587283,42.35992377428948],[-70.98687606826424,42.359990673502445],[-70.98687589147596,42.36007232942814],[-70.98689047846122,42.36020455774374],[-70.98690519573792,42.360215967114684],[-70.98691061088996,42.360236788076406],[-70.98691752230366,42.36026769901125],[-70.98693389721588,42.36032917214635],[-70.9869666149921,42.360396209978205],[-70.98698632971275,42.36046499038696],[-70.98700160548329,42.36051232398373],[-70.98702276266609,42.360552931602925],[-70.98704230845202,42.360612618272164],[-70.98705815276101,42.360679670842586],[-70.98708061319175,42.36072424555695],[-70.98709586208734,42.36077491010722],[-70.98712121642436,42.36083687339944],[-70.98718543371693,42.36100155350157],[-70.98720824538293,42.361047750282786],[-70.9872243069656,42.36110300993597],[-70.98726753597984,42.36117630656222],[-70.9873049125898,42.361237783226855],[-70.98733420258566,42.36127851706396],[-70.98737893566069,42.36133102355181],[-70.98741768861042,42.36138746466366],[-70.98746339732791,42.361439435288474],[-70.9875128207579,42.36148241950499],[-70.98757686901146,42.36153330141995],[-70.98763486171171,42.36158244576236],[-70.98770665071062,42.36163687323451],[-70.98775060933255,42.36166515820882],[-70.98781255894842,42.36170540717074],[-70.98786734660176,42.361745624207344],[-70.9879333420298,42.361795974412416],[-70.98799915642087,42.36185370618427],[-70.98807199411596,42.36191362988471],[-70.988134193055,42.361938124632694],[-70.98819037712471,42.36195584037475],[-70.98827171246263,42.36197078705813],[-70.98834951293658,42.36198751854644],[-70.98841687018238,42.36200465367681],[-70.98850497860825,42.36203772623175],[-70.98858336596093,42.36204194608411],[-70.98864777879082,42.362047904339846],[-70.98873825507252,42.36205838986308],[-70.98881063900859,42.362069425107606],[-70.98889339577576,42.36207375419827],[-70.98899177638062,42.36208256408927],[-70.9891204067211,42.362073592418376],[-70.98924809206326,42.36207641025823],[-70.98931801918133,42.36206096562975],[-70.9893765551807,42.36207310941049],[-70.98942650512639,42.36208116372258],[-70.98954449459713,42.36211211739045],[-70.98961043764879,42.36210898892898],[-70.98969264203609,42.36210656278819],[-70.9897760472589,42.36210576244505],[-70.9898517859544,42.36210726880009],[-70.98995175482743,42.36209978959395],[-70.99012373987145,42.36208875832578],[-70.9902239057583,42.36208695160838],[-70.99030421353412,42.36207884477256],[-70.99041773287914,42.36206197212648],[-70.9905308981412,42.36204383738857],[-70.99061722898182,42.3620415188958],[-70.99068500219667,42.36203722754241],[-70.99075176731081,42.36203752318429],[-70.9908287336274,42.36203732377352],[-70.99092598602597,42.36203550354667],[-70.9909518782368,42.36204624161777],[-70.99101168784753,42.36205100779237],[-70.99108243136266,42.36205474196537],[-70.99112860896999,42.36206394922703],[-70.99121731814405,42.362082887741636],[-70.99127854420188,42.362077576752085],[-70.99130131337054,42.36205399973462],[-70.99131593990654,42.36203155708087],[-70.99134907121827,42.362017659028275],[-70.99140293701126,42.36202185853577],[-70.9914575258924,42.362041816357575],[-70.99150918839354,42.36206338174401],[-70.99160176756374,42.362099262595464],[-70.99167735205513,42.36213506826082],[-70.99176676656977,42.36217201534354],[-70.99186021892706,42.362205018903246],[-70.99208350887805,42.362275237805044],[-70.99215045267286,42.362298670972244],[-70.9922126001101,42.36231470051529],[-70.99228440038532,42.36233806501616],[-70.99234062210937,42.36236640235466],[-70.99239148458311,42.36239696674655],[-70.99245145514689,42.3624422460971],[-70.99251105656472,42.36248815399224],[-70.99256369026878,42.362524938148184],[-70.99262410179615,42.36256067623903],[-70.99269528615574,42.362585208144864],[-70.99275806046519,42.36259880936252],[-70.99281875958444,42.362613841864395],[-70.99288188296931,42.36262933517009],[-70.99294228611637,42.362666153407154],[-70.99310610057854,42.362765907796785],[-70.99317662480412,42.36278197373266],[-70.99321613531005,42.36279007041884],[-70.99327816691985,42.36279034373308],[-70.99333340559308,42.36278995688366],[-70.99341512515224,42.3627875259436],[-70.99348607637437,42.36279576101596],[-70.9935376548303,42.36281282364392],[-70.99358760547901,42.362836091106644],[-70.99365780175864,42.36284765383466],[-70.99376032418213,42.362870072303416],[-70.99384303335037,42.362880519612204],[-70.99390470519505,42.362880250828724],[-70.9939775718197,42.36287670018032],[-70.99407873764005,42.362856258424735],[-70.9941506335301,42.36286782832768],[-70.99425291769415,42.362889705132304],[-70.9943360489791,42.362923291484776],[-70.99436004423846,42.36294365358243],[-70.99440257665235,42.3629685986329],[-70.99447172601812,42.36297448441147],[-70.9945010937587,42.362975783871825],[-70.99454718279509,42.36298102807337],[-70.99460225060331,42.36298685188778],[-70.99463474739734,42.36297637121956],[-70.99466541049279,42.36295228805427],[-70.99469114536046,42.362922061233284],[-70.99476720127953,42.362914382746794],[-70.99481663476547,42.36291126880292],[-70.99485946414737,42.362914247828144],[-70.99490536851653,42.36292741365755],[-70.99497162242416,42.36293103568622],[-70.99502066945507,42.362930710867396],[-70.9950767077401,42.362921413786],[-70.99513351959413,42.362921663183435],[-70.99516400713027,42.362934761234015],[-70.99518341631274,42.36295177194288],[-70.99524874435322,42.36298014781689],[-70.99527600820545,42.36298647948917],[-70.99532558179038,42.36298102517842],[-70.99536556462176,42.3629908337541],[-70.99540057609762,42.36299990027034],[-70.99543155357487,42.36299724526438],[-70.995456672552,42.36298331088258],[-70.99546235065513,42.36295632698917],[-70.9954694588998,42.362932680454605],[-70.99550552114934,42.36291654333305],[-70.99554992867432,42.362919529023344],[-70.99560089572505,42.36292200328792],[-70.99564225838753,42.36292623599976],[-70.99570211521558,42.36294045301678],[-70.99575264132176,42.36295255841983],[-70.99579940067821,42.362965097434476],[-70.99583556240097,42.362997396429755],[-70.99588459225967,42.3629992318711],[-70.9959176468787,42.3629796603233],[-70.99594181253278,42.36296347092427],[-70.99598066241224,42.36294788604739],[-70.99600426643343,42.362941237283856],[-70.99606574933266,42.36293421431315],[-70.9960902802094,42.362948366369885],[-70.99611852909891,42.36296820655844],[-70.99618092486186,42.36295326494386],[-70.99622114176789,42.36294893964133],[-70.99625192085027,42.36294070172683],[-70.99628121763868,42.36295091332606],[-70.99630366696834,42.362967306953884],[-70.99632201547149,42.36298035153319],[-70.9963636544921,42.363010873761],[-70.99641206836264,42.36302909161869],[-70.99644785638452,42.363032129250065],[-70.99648971449338,42.36301988845777],[-70.99651882530725,42.36299246692062],[-70.9965772153398,42.36299272251326],[-70.99662312513821,42.36300525747348],[-70.99668437489112,42.3630122777276],[-70.99671821203255,42.36301638708947],[-70.9968183928062,42.36301286413152],[-70.9968656279659,42.36302666520364],[-70.99688564531564,42.36304358825394],[-70.99689953430597,42.363067866898675],[-70.99692007344085,42.36309550571528],[-70.99694251797568,42.36311252940126],[-70.99697473268871,42.36312221340925],[-70.99702363627308,42.363124678017456],[-70.99706537765879,42.36312711128601],[-70.99712377712196,42.36312619626061],[-70.99718736812967,42.36311360008944],[-70.99724062780942,42.36310257925014],[-70.99731026696668,42.36309271032908],[-70.9973701095212,42.363093512043214],[-70.99741998424449,42.36309598072698],[-70.9974477555916,42.36308430823569],[-70.99744459332848,42.36305449471121],[-70.99742062421475,42.363030712261974],[-70.99741372146671,42.363013306438376],[-70.99741880587364,42.362999824257024],[-70.99744379944472,42.362986339041804],[-70.99748793590489,42.36297761898616],[-70.99753393097166,42.362979440464734],[-70.99758453396926,42.362981912259244],[-70.99763722710557,42.362981062075804],[-70.99769158842557,42.36296887545875],[-70.99775241118002,42.36298381585959],[-70.99778174396887,42.36298952576629],[-70.99782800327976,42.362988647401274],[-70.99790565844444,42.36297827294372],[-70.99796333304546,42.36296159919641],[-70.99800571639496,42.362944318504134],[-70.99805858380026,42.3629215017332],[-70.99809198759812,42.36290373167362],[-70.99814151587756,42.36290394780015],[-70.99817333437227,42.36290237607807],[-70.99820778210037,42.36289073253396],[-70.99824636574442,42.362862721685744],[-70.99827993155222,42.36283982060697],[-70.99832369931852,42.362816333813534],[-70.99836637808825,42.362792392107146],[-70.99841120337892,42.36278862631524],[-70.99848262017673,42.36281477616851],[-70.99852151734397,42.36283907363286],[-70.9985381039644,42.362860032755506],[-70.99857951482453,42.362904147610486],[-70.9986117491169,42.362942010422834],[-70.99863232463659,42.36296514762391],[-70.99865863123404,42.362969763763],[-70.99869790313049,42.362946797406494],[-70.9987046867591,42.36293332257561],[-70.99872097744377,42.362899722612674],[-70.99873022804356,42.36286600193488],[-70.9987562571034,42.36281371831046],[-70.99878277265466,42.36279195674056],[-70.99883378894424,42.36278821776373],[-70.99889739526778,42.36280425004042],[-70.99894919087777,42.36282473229544],[-70.99903788991337,42.362845375272876],[-70.9990920065234,42.36287937197052],[-70.99911606694786,42.36290702572817],[-70.99915726681944,42.36294717816395],[-70.9992015861582,42.36296132569479],[-70.99925986428525,42.36297571404107],[-70.99931782742759,42.36298388896362],[-70.99937721238898,42.362996481482156],[-70.99943993368804,42.36301701107],[-70.99948019830902,42.36305265785187],[-70.99948726065637,42.36309599268543],[-70.99948300037332,42.363128114610134],[-70.99951799602681,42.36316995047027],[-70.99955321537142,42.36318351808909],[-70.99961628652322,42.36319054470462],[-70.99966422338858,42.363192463807614],[-70.99971018663325,42.3631983355954],[-70.99975402069786,42.3632124808004],[-70.99980454352536,42.36322512457998],[-70.99985924894708,42.36324615925099],[-70.99992416111775,42.363281372875846],[-70.99995169448833,42.36333046852879],[-70.99995398724928,42.363378284057795],[-70.9999615134714,42.36342441178274],[-70.99998095042486,42.36343809071039],[-71.0000146317463,42.36344660985857],[-71.00003781798115,42.36344671065051],[-71.0000812499605,42.363450320552786],[-71.00012339757356,42.36346283775736],[-71.00017331985775,42.36349006350968],[-71.00020407591165,42.363530800378776],[-71.00023394929248,42.36359106976146],[-71.0002612452285,42.363639534098425],[-71.00030138318802,42.36370669028722],[-71.00035942880581,42.36376600167753],[-71.00038809082979,42.36381060065665],[-71.00039663143572,42.363835935986934],[-71.0004099444535,42.363887220482326],[-71.00043915168601,42.36393965436349],[-71.00048047446491,42.36397980684328],[-71.00050077267055,42.36400744396028],[-71.00050213878659,42.36404967362908],[-71.00049610406629,42.364091330980656],[-71.00050653998862,42.364138011472726],[-71.00052226859908,42.36416013695323],[-71.00055805714645,42.364193963318804],[-71.00058784632965,42.36421885072394],[-71.00062449452399,42.36426681539808],[-71.0006431429615,42.36430353828195],[-71.00066560275127,42.36436494573194],[-71.00068170820113,42.36441624231147],[-71.0006708049382,42.364459499059556],[-71.00063807838352,42.364468359904166],[-71.0006059993124,42.36447209188198],[-71.00056336290636,42.36449063283891],[-71.00055411375695,42.36452426362559],[-71.00057164707174,42.364548467607094],[-71.00059878774763,42.36457055259862],[-71.0006365254395,42.36458818212907],[-71.00067449315264,42.364607433172516],[-71.00067934105428,42.36462383954679],[-71.00069535682034,42.36462498942619],[-71.00069511106297,42.36464074348231],[-71.01036010600944,42.36503908043089],[-71.0065179366317,42.37510025025666],[-71.00612353496503,42.37605232508398],[-71.00008450897592,42.377768841815794],[-71.0002533539707,42.37779154249501],[-71.00045276066959,42.37784975703882],[-71.00051439375561,42.37785623665593],[-71.00064631674843,42.3779108267673],[-71.00081786885424,42.37797522179292],[-71.00106611376377,42.37806119604619],[-71.00114551942723,42.37810826545047],[-71.00141886334545,42.378152754375066],[-71.00169849347303,42.37823166095128],[-71.00178443577687,42.37825057914941],[-71.00194141447194,42.37826926467441],[-71.0020674718704,42.378297989428276],[-71.00213318997947,42.378310067653054],[-71.00215656710657,42.378317461167896],[-71.00218812584913,42.378334433154386],[-71.00221745694637,42.378341312246896],[-71.00225271507921,42.378351097903774],[-71.00228495182981,42.378359069898536],[-71.00231399546938,42.37837161954855],[-71.00234507284146,42.378388049235134],[-71.00236945186454,42.37839157579414],[-71.0023643325632,42.37840946941729],[-71.00235803799559,42.37842240636218],[-71.00236410657892,42.37843818768502],[-71.00237637551677,42.37845300550899],[-71.00239330031897,42.37846253176043],[-71.00241665557427,42.37847271602557],[-71.00244088629559,42.37847966302904],[-71.00246994843627,42.37848987196553],[-71.00248677733633,42.37849615674498],[-71.00251157269614,42.3785085079141],[-71.0025299177824,42.37852272179394],[-71.00254813895,42.378552690206156],[-71.00256934155804,42.378574118753846],[-71.00258909560164,42.37859446068652],[-71.00261020726141,42.378612017587145],[-71.00262458579756,42.378621082650064],[-71.00265044218048,42.37863748967969],[-71.0026706136379,42.37865108122927],[-71.0026732513224,42.37867080897761],[-71.00265011012374,42.378679711833655],[-71.00262998928086,42.37867512339693],[-71.00259631790672,42.37866426437028],[-71.00257315228903,42.37866083313563],[-71.00255483510074,42.37865850320884],[-71.00252681327106,42.37865496093744],[-71.00250533908536,42.37865261735101],[-71.00247258773632,42.378663729336864],[-71.00245443579108,42.37868669825109],[-71.00245215840108,42.37871378712332],[-71.00246772071463,42.37872672857129],[-71.00249965251349,42.378742621735164],[-71.00252867441802,42.37875796213319],[-71.00255296507518,42.37877274189197],[-71.00258985828253,42.37879081717897],[-71.00262558046782,42.37880339562384],[-71.00265922997308,42.37881704544481],[-71.0026840155808,42.37883065693859],[-71.00270698834223,42.378843180242924],[-71.002748601909,42.378847771537245],[-71.00276991189341,42.37884012115236],[-71.0027902703038,42.37882994583972],[-71.00281947594488,42.37880648447117],[-71.00283383748085,42.37878683019186],[-71.00284005019759,42.37876885124609],[-71.00283459596726,42.378736687332186],[-71.00282209959143,42.37871988793842],[-71.00281906644695,42.37870411975976],[-71.0028223996841,42.378681716950574],[-71.00283970476274,42.3786737791578],[-71.00285768458964,42.378672686480286],[-71.00288266166703,42.3786773858908],[-71.00290552531101,42.37867289320854],[-71.00293490292255,42.3786584354508],[-71.00294295887966,42.378637673565024],[-71.00294744544732,42.378623018227],[-71.00296793041201,42.37859672824315],[-71.00299439452985,42.378582167853644],[-71.00301431638812,42.37858117357069],[-71.0030499102987,42.378579166636555],[-71.00308070858264,42.37858479143983],[-71.00310491819899,42.378594439080814],[-71.00312512864363,42.378603079125334],[-71.00315599037114,42.37861608655819],[-71.0031686513818,42.378627394859436],[-71.00317219907325,42.3786549590464],[-71.00315206005443,42.37868359131331],[-71.00313358369077,42.37870151731001],[-71.00311487790975,42.37871773176239],[-71.00309325371637,42.37873447377996],[-71.00306675843107,42.37875299533194],[-71.00304539474583,42.37876748774149],[-71.00301391258465,42.37878706808685],[-71.00300309431631,42.37880394679766],[-71.0029981338133,42.37883255458009],[-71.00302250048995,42.37886858140402],[-71.00304041926867,42.37889071590795],[-71.00306527759885,42.37891053963176],[-71.0030987704636,42.37892869009491],[-71.00312347015311,42.37893779967362],[-71.00317554511822,42.378955490196],[-71.00320658149343,42.37896174619526],[-71.00326474960994,42.37897667209113],[-71.0032984438921,42.37898465009216],[-71.00332025138049,42.3789909562432],[-71.00335714422754,42.37900912130912],[-71.0033801617265,42.37901597284611],[-71.00341520443095,42.37902233611226],[-71.0034384190023,42.37901955538913],[-71.00346479412518,42.379016338157754],[-71.00348286239219,42.3790039921436],[-71.00349709739548,42.378984967439706],[-71.00348354897704,42.378962941899395],[-71.00346955995764,42.37895063758384],[-71.00345171790241,42.37893417530376],[-71.00343479846971,42.37892392900176],[-71.0034193446089,42.37891260867576],[-71.00339629833029,42.378893963227526],[-71.00338144311777,42.37888372582806],[-71.003364719368,42.37886402731877],[-71.00335680298251,42.3788515691463],[-71.00334926165924,42.37882227717547],[-71.00334199623475,42.378804240016066],[-71.00332859973545,42.37877834386638],[-71.00330969111734,42.37875854588669],[-71.00330703979621,42.37874052864581],[-71.003318027476,42.37871752866802],[-71.00335488287348,42.37872498012742],[-71.00337192861224,42.37873459678442],[-71.00338245903411,42.37875435858705],[-71.00340057338799,42.37878252582022],[-71.00342519089753,42.37881756332246],[-71.00346022964972,42.37885534666801],[-71.00348578553859,42.37887913458587],[-71.00350906549711,42.37889895140116],[-71.00353941263998,42.378931132677984],[-71.00358033639718,42.37896173906454],[-71.00361722930187,42.37897990404719],[-71.00364030747414,42.378994498284655],[-71.00368797534011,42.37901676103629],[-71.003737118694,42.37903668937978],[-71.00377058364202,42.379042955702495],[-71.00380014466656,42.379051545930224],[-71.00382303656703,42.37905893701028],[-71.00386140651946,42.379059102492214],[-71.00389702327183,42.37905421446696],[-71.00392214883676,42.37905549319024],[-71.00393123157744,42.37907407832122],[-71.00395044755702,42.37910116986697],[-71.00396739819094,42.37910745495255],[-71.00398917542567,42.37911763209088],[-71.00402140570647,42.37914198883733],[-71.00403332078146,42.37915554454894],[-71.00405633417098,42.37916293610589],[-71.00408427018606,42.37916197618527],[-71.004110238001,42.37916424881648],[-71.00414532039076,42.3791655704089],[-71.00417935866784,42.37916067549266],[-71.00419615333135,42.37917137129091],[-71.00421475524682,42.37918387545416],[-71.00425814110872,42.379194775865244],[-71.00428728083735,42.379210656496724],[-71.00430196686378,42.379227015017364],[-71.0043157033788,42.37924057854734],[-71.00434627836076,42.3792592562451],[-71.00437250395763,42.37927512429925],[-71.00440012865893,42.379267410789154],[-71.00442215937028,42.37926075352254],[-71.00444061586279,42.37926083302692],[-71.00446816868629,42.37927778712371],[-71.00449761766107,42.37928520631187],[-71.00453106648715,42.37927805802896],[-71.00455593590445,42.37928104606024],[-71.00457909339364,42.37928555720612],[-71.00461116435517,42.379299289682834],[-71.00462017879985,42.379311122292016],[-71.00464629575565,42.37932536929429],[-71.00467121681245,42.379337270388824],[-71.00469882261379,42.37934747248659],[-71.00472433318497,42.37936162683126],[-71.00475245924977,42.37936741973738],[-71.00477241728251,42.37936183382862],[-71.0047953397224,42.379365353600406],[-71.00481378778665,42.379366513355876],[-71.00484029550553,42.37934637093768],[-71.00485438619685,42.37933022637398],[-71.00490628184819,42.37933990275978],[-71.00492981140982,42.37934342511757],[-71.00495260699854,42.379363149522604],[-71.00498453974325,42.37937904199446],[-71.00502444706483,42.37940001038918],[-71.00505816528099,42.37942050199846],[-71.00510250593891,42.3794335668916],[-71.00516677531336,42.37946031185832],[-71.00521317531098,42.37947401576882],[-71.00526869979116,42.37948550817592],[-71.00531290502876,42.37950037298385],[-71.00534883227617,42.379517903050555],[-71.00537764758485,42.379528740387315],[-71.00541731650607,42.379549167445425],[-71.00544664429373,42.37955658586814],[-71.00546514274525,42.37956683865831],[-71.00549408444877,42.379577046306345],[-71.00554143840489,42.37959300490734],[-71.00558175818274,42.37960785291129],[-71.00562647602322,42.379619298700995],[-71.00565411728901,42.37962499927327],[-71.00570338910036,42.37962863208381],[-71.00573737473411,42.37963048865067],[-71.00576808259804,42.3796322410972],[-71.00581094562911,42.379632425229644],[-71.0058589362182,42.37961354523588],[-71.00588379484181,42.37960239838971],[-71.00590862909824,42.37957882744035],[-71.00592267832701,42.37955241927077],[-71.00591970134221,42.379529359077594],[-71.00593116642573,42.37949177622023],[-71.0059378087192,42.37946533623822],[-71.0059405914417,42.37943554860997],[-71.00594263295427,42.379407378319215],[-71.00594106619225,42.37937478111436],[-71.00593871883831,42.379348842698626],[-71.00593140574503,42.379321262435816],[-71.00592246138947,42.37930042733726],[-71.00591924649144,42.379276735918346],[-71.0059177617806,42.37924918068533],[-71.00591843246261,42.379225505953606],[-71.00592020862221,42.379200215448485],[-71.00591880172844,42.379178242343784],[-71.0059204941867,42.37916366492337],[-71.0059280768953,42.379141190252525],[-71.00593487408392,42.37912600455218],[-71.00595005374622,42.379110314676296],[-71.00597229779413,42.379091864237736],[-71.00601502309537,42.37907854336239],[-71.00604442527221,42.37907641888532],[-71.00611509401253,42.37907672229089],[-71.00614589984177,42.37908144601369],[-71.00619391905768,42.37908993480223],[-71.00624317291066,42.37909581803022],[-71.00628574915544,42.379101582551016],[-71.00631525291969,42.37911755425838],[-71.00633675254932,42.379132231206526],[-71.00634988080265,42.379161546946946],[-71.00636850407594,42.37918692499051],[-71.00638398298312,42.379210669018434],[-71.0064059737033,42.379255777842104],[-71.00641062901086,42.379281636121334],[-71.00641191465346,42.37930360869856],[-71.00641812108114,42.37933298476075],[-71.00642527361542,42.37936560592328],[-71.0064313768993,42.37939264078942],[-71.00643663935034,42.37941850167151],[-71.00644314556226,42.3794405866738],[-71.00644296639423,42.37946354328381],[-71.0064534634696,42.37948771607216],[-71.0064668649117,42.37951316172413],[-71.00647454253526,42.379540743514355],[-71.00648820019549,42.37956447971283],[-71.00650501912955,42.37958768929663],[-71.00651962443547,42.379598915534494],[-71.00655196130603,42.379609767681515],[-71.00658149698371,42.37962168815244],[-71.00661652278653,42.37963030109052],[-71.00664598552181,42.37963600923568],[-71.00668913839225,42.3796457373505],[-71.00674457697599,42.37965272722824],[-71.00679034088495,42.379654633982895],[-71.0068442536154,42.37965486510127],[-71.00686362619163,42.37964648542405],[-71.00690013232844,42.37963655866156],[-71.00692010710314,42.37962881175846],[-71.00693441631856,42.37960015385842],[-71.00694243598706,42.37958389299321],[-71.00693971551702,42.37955903334899],[-71.00693353689398,42.37954163128455],[-71.00691810892981,42.37952689044509],[-71.00689696558378,42.37951320545347],[-71.00687512248045,42.37949582627216],[-71.00686661996319,42.37948057493702],[-71.00686771421375,42.37946482456425],[-71.00687280213985,42.37945080185984],[-71.00688390585894,42.379428342221246],[-71.00689472741017,42.37941092299238],[-71.00691452524823,42.37939471261195],[-71.0069367473553,42.37937905279184],[-71.00695999699697,42.37937177006202],[-71.00698620363413,42.379359008234616],[-71.00702289346978,42.37934106964542],[-71.0070603195504,42.37932214388091],[-71.00709158383903,42.379299230430796],[-71.0071332309182,42.37926843890811],[-71.00717227963808,42.37924384823591],[-71.00719831418665,42.37922199270049],[-71.00722190690458,42.37920183724958],[-71.00725751702029,42.37916660840485],[-71.00727344735485,42.379148040645106],[-71.00729474979768,42.379125714675475],[-71.0073089801747,42.37910713963017],[-71.0073465174487,42.37905832464122],[-71.00736229184393,42.37902859261276],[-71.00738123656795,42.37899716360765],[-71.00740567619651,42.37896179685427],[-71.00740788194173,42.37892804544621],[-71.00742341763574,42.37889777221301],[-71.00742552730286,42.37887635435785],[-71.00743174293022,42.37885783500888],[-71.00744718802417,42.37882360011069],[-71.00745342607757,42.37880219993023],[-71.00745883519797,42.37877809533205],[-71.00747285765902,42.37875501792816],[-71.00748219100335,42.37874155354465],[-71.00750992937041,42.37871916505823],[-71.00754282007226,42.37869004644972],[-71.00756311653052,42.378672127541094],[-71.00758437524973,42.37865538312397],[-71.00760812410392,42.37863072681372],[-71.00762509794322,42.37861846549656],[-71.00765280186229,42.37860048824642],[-71.00766853552247,42.37859155268618],[-71.0076962120851,42.3785770864374],[-71.00772531557713,42.37856649753265],[-71.00775207819345,42.37854464498598],[-71.00777187133616,42.37852897461048],[-71.00781708578343,42.378492166162474],[-71.0078499285845,42.378469169229234],[-71.00788988813976,42.3784366596614],[-71.00792705913547,42.37840359797836],[-71.00795387344685,42.378375083463446],[-71.00797723186831,42.37835375647768],[-71.00799288742363,42.378339238744154],[-71.00800363958952,42.37831506694073],[-71.00799456486625,42.37829531179069],[-71.00797346932815,42.378275505228046],[-71.00795187364709,42.37827316213877],[-71.00793825798483,42.378259599559314],[-71.00792448097761,42.37825116793828],[-71.00790610393457,42.37824091605988],[-71.00788581776655,42.37822633462207],[-71.00787248980966,42.37820701141235],[-71.00786324958392,42.378192927367195],[-71.00784985206327,42.37816694171448],[-71.00785922447353,42.378148435845],[-71.0078773422999,42.378145182279326],[-71.00791729019687,42.378145353160996],[-71.00794828857637,42.37814089427389],[-71.0079671741534,42.37813260235645],[-71.00797787796505,42.37811464234545],[-71.00798576314733,42.37810000134992],[-71.00799079022869,42.37807814581392],[-71.00799556185531,42.37805790970628],[-71.00800499654063,42.37803139151399],[-71.00801459842215,42.3780145971631],[-71.00802975068869,42.37800232799533],[-71.0080813953397,42.37798175215183],[-71.00809821738052,42.377973361360176],[-71.00812768059168,42.37796331406548],[-71.00815992319212,42.377954989196304],[-71.0081817319109,42.37794553936463],[-71.0082063078149,42.3779237673914],[-71.00821121408433,42.377901821299844],[-71.00818945479178,42.377889304282846],[-71.00814690159528,42.37788065963415],[-71.00809898765111,42.37787433280075],[-71.0080604021745,42.37787074670703],[-71.00802192341652,42.377869051664895],[-71.00797768856444,42.377858059008716],[-71.00794657076379,42.37784667229576],[-71.0079163120319,42.377834118872485],[-71.00789275741755,42.377818263047836],[-71.00788120603177,42.377804709290025],[-71.00787617335718,42.377780469970666],[-71.00789087610865,42.3777479423813],[-71.00790446316707,42.37773395598367],[-71.00794964218848,42.37771722378677],[-71.00800534606442,42.37768991316674],[-71.00804397248082,42.377672612735324],[-71.00809802469645,42.37763908300888],[-71.00813522411048,42.3776179051997],[-71.00817889072634,42.37757703868426],[-71.00820067520425,42.3775550747191],[-71.00823500072033,42.37751308790077],[-71.00824802464922,42.377493427230334],[-71.00827257973289,42.37745869098147],[-71.00828187039245,42.37743505307505],[-71.00829946212609,42.37739011378308],[-71.00830987564912,42.37736260942779],[-71.00832894502314,42.37733064061772],[-71.00833998802301,42.377300258022764],[-71.00836651650276,42.37726156891215],[-71.00838097079061,42.377245335439554],[-71.00842111055996,42.37722074900205],[-71.00844733523851,42.377189891094694],[-71.00846144375221,42.377155650340285],[-71.0084759081149,42.37712249145202],[-71.00848409359864,42.37708480428627],[-71.00848642012294,42.37705105336181],[-71.00848753244452,42.3770172972493],[-71.00851587781669,42.376979156039255],[-71.00853315054549,42.376959603516134],[-71.00854748920834,42.37692698425459],[-71.00854571229561,42.376905639796355],[-71.0085662608358,42.37687079633657],[-71.00858662217692,42.37684441479706],[-71.00859629787354,42.376818077638234],[-71.00860203316988,42.376783170893944],[-71.00861641833063,42.376760184922055],[-71.00864794209858,42.37671926635607],[-71.00866326529184,42.37668494073329],[-71.00868090382838,42.37664954464914],[-71.00869350358337,42.376606294521245],[-71.00869381341055,42.37656641300578],[-71.00869129632852,42.376530930836886],[-71.00870983299541,42.37648932658322],[-71.00871671175435,42.376463517641646],[-71.00873223362852,42.37643486468263],[-71.008763179878,42.37640573741372],[-71.00878836372617,42.376368122806554],[-71.00881331239837,42.376329516870705],[-71.00883218311692,42.37629178526877],[-71.00887310001418,42.37622956987298],[-71.00890579930774,42.376177942802215],[-71.00892916589959,42.37613978023125],[-71.0089404162883,42.37611389990728],[-71.0089652582344,42.37605773782839],[-71.0089969386893,42.37599656330841],[-71.0090236407553,42.3759510325763],[-71.00905785340393,42.37589211957066],[-71.00908627707054,42.37582814022667],[-71.00911142223389,42.37577981193017],[-71.00913475867286,42.375729855387995],[-71.0091538970095,42.37568888382772],[-71.00917694722806,42.375644507852826],[-71.00920535808737,42.37558214894414],[-71.00922147417762,42.37553945392643],[-71.00923572986792,42.37550179259343],[-71.00925312505505,42.37545073033037],[-71.0092614055625,42.37540070952993],[-71.00926939083172,42.37535743964416],[-71.00927309227497,42.37531856290457],[-71.00927611188641,42.375289316359414],[-71.00928271741346,42.37526737746012],[-71.00928554993989,42.37524659284287],[-71.00929703040802,42.37520666893656],[-71.009296055832,42.37517578483023],[-71.00928563801776,42.375141349310276],[-71.00927797633834,42.37512727210204],[-71.00925098108928,42.37508547351125],[-71.0092400029004,42.37506066869968],[-71.00921995259267,42.375047078808855],[-71.00919420496353,42.37501662918172],[-71.00917762086009,42.374978836267964],[-71.00917140868714,42.37495009050762],[-71.00917523422306,42.37492651922899],[-71.00919229898696,42.374902374234],[-71.00921273683572,42.3748816647299],[-71.00923436228334,42.374864381391184],[-71.00927132091383,42.37485832705683],[-71.00931583386327,42.37484888383136],[-71.00935921505432,42.37482881233805],[-71.00939370632742,42.37481212401723],[-71.00943527950011,42.37479033423316],[-71.00948666644672,42.374755622102676],[-71.00952036086781,42.37471642309255],[-71.00954381229548,42.37469851727799],[-71.00955962779531,42.374678868352575],[-71.00958752834228,42.37465089824762],[-71.00959998746467,42.37462565320875],[-71.0096157346104,42.37458349672995],[-71.00963821537695,42.37454983168009],[-71.0096503932754,42.374513871983446],[-71.00965700277966,42.374491392902534],[-71.00965987493342,42.374465476787876],[-71.00967866083576,42.37443854815636],[-71.00973619139052,42.374394409052606],[-71.00976114358116,42.374370837761],[-71.00977414964684,42.37433767247925],[-71.00979894061237,42.37431923214645],[-71.00982340709076,42.37429565877138],[-71.00985496305093,42.37426599362509],[-71.00987015381257,42.374232927669695],[-71.00989243058163,42.37420988512407],[-71.00991392649672,42.37417792637412],[-71.00993247356195,42.37415045650849],[-71.00996104216787,42.37411456660321],[-71.00999997002432,42.37407367919218],[-71.01002234224266,42.37403830305113],[-71.01004564669377,42.374007972501595],[-71.01005885142712,42.37398047986071],[-71.01007996550317,42.37395077017809],[-71.0101046535663,42.37391423350607],[-71.01009860928764,42.37389512161118],[-71.0101326441847,42.373874559876434],[-71.01017294229072,42.37384484184045],[-71.01020876906271,42.373828068932426],[-71.01025355035326,42.37379954033404],[-71.01028300221543,42.37379066281655],[-71.0103251381328,42.37375879185439],[-71.01034506379706,42.37374141104068],[-71.0103653927219,42.37371899031429],[-71.01039616375597,42.37368085894807],[-71.01042216532203,42.37363145364593],[-71.01043576123153,42.373600451493054],[-71.0104469051663,42.37357249989053],[-71.01045817607927,42.373543828594855],[-71.01047708749084,42.373500605108966],[-71.01049303688134,42.37346358101854],[-71.0105080590201,42.37343654620294],[-71.01051658057848,42.37340228140146],[-71.01052426965508,42.373365762331],[-71.0105292395629,42.37333544369305],[-71.01052521706664,42.37329041205836],[-71.0105222958315,42.3732599698133],[-71.01051804793823,42.37321268649248],[-71.01050632838435,42.373173834107014],[-71.0104955104673,42.37314398846087],[-71.01048353504541,42.37312251058859],[-71.01047153368282,42.373088698625764],[-71.01046402877378,42.373054365622515],[-71.01045195828534,42.37301380118456],[-71.01044483505389,42.37297721907764],[-71.01043325511935,42.37293602652127],[-71.01043142123596,42.372921974185275],[-71.01043927926041,42.37289499891447],[-71.01047210008439,42.372874341881385],[-71.01049696430417,42.372862023682245],[-71.01052928620626,42.37284307506163],[-71.01056017343915,42.3728212393982],[-71.01057761755825,42.37281069019109],[-71.01059601187049,42.372787180841065],[-71.0106087053841,42.37276292700227],[-71.0106216626095,42.37273597341244],[-71.01062629047684,42.37270277238167],[-71.0106358788042,42.37267184317953],[-71.01064528859237,42.37264829559899],[-71.01067344382051,42.372618615755066],[-71.01069661649635,42.37260520996843],[-71.01072298556022,42.37258668611689],[-71.01075819536295,42.372571080790024],[-71.01079250766989,42.37254592855606],[-71.01081912298531,42.37252695558442],[-71.01083911471126,42.3724852671194],[-71.01085056654311,42.37244885405059],[-71.0108616332406,42.372415140214336],[-71.01087757795489,42.372378656218],[-71.01089619021313,42.372342633706836],[-71.01091002286573,42.37231235273004],[-71.01091963675339,42.37227809253594],[-71.01094957845599,42.372237166586714],[-71.01097456374308,42.37222484879875],[-71.01100548045017,42.37219914189043],[-71.01103679268444,42.37216938534749],[-71.01105361247645,42.372145329055165],[-71.01106139288699,42.372128346634256],[-71.0110678920611,42.37210433650028],[-71.01107291829669,42.37208239077361],[-71.0110793917119,42.372061711604566],[-71.01109041576841,42.37203348933556],[-71.01110113505861,42.37201327835643],[-71.01111678415208,42.37199930033338],[-71.01113523018356,42.37200045907715],[-71.01115828076564,42.37200280776368],[-71.01120461988552,42.372008136337456],[-71.01122579713687,42.372017229229584],[-71.01125826556704,42.372026370092456],[-71.01128579582878,42.37203035830968],[-71.01132906525501,42.372024420158944],[-71.01134902456313,42.37201829294328],[-71.01139540752608,42.37201794979561],[-71.01143860808631,42.37202092418801],[-71.01149105350522,42.37200593201389],[-71.0115220826937,42.37199706087843],[-71.01154178594345,42.37199264309414],[-71.01157300605213,42.37197476984986],[-71.01159362451317,42.37196189321123],[-71.01165453288161,42.37196728346249],[-71.01169327993408,42.37198095231033],[-71.01172371084725,42.37198666328819],[-71.01177749981866,42.3719863514231],[-71.01183021346782,42.37198378424299],[-71.01186722209528,42.371986732196675],[-71.01190233123539,42.37198409027704],[-71.01196409924978,42.371988223605],[-71.01200247326935,42.37198730605864],[-71.01203657291947,42.371989611413525],[-71.01207815973493,42.371997170201894],[-71.01210414977312,42.37201195517647],[-71.01212864470344,42.372031685401964],[-71.01217284554278,42.372062392709225],[-71.01221609458128,42.37209057514956],[-71.0122587005036,42.372123436357036],[-71.01228457825012,42.372137050436265],[-71.01232327771386,42.37214117578925],[-71.01236186063086,42.37214467043178],[-71.0123924818068,42.37214146916252],[-71.01244342714374,42.372132051997475],[-71.01246221949548,42.37210404258378],[-71.01247154597023,42.372075452874114],[-71.01248561296951,42.37206191810623],[-71.01250884609827,42.372056344738986],[-71.01252855760637,42.372066601556234],[-71.01255016867151,42.3720824482207],[-71.01256246165902,42.37209429411812],[-71.012565036936,42.37212248412326],[-71.01257126355611,42.37214951922279],[-71.01258920666538,42.37218443649505],[-71.01260583508814,42.3722166473223],[-71.01262234281077,42.37224876760641],[-71.012634939029,42.372268537336254],[-71.01264208564632,42.37230223847809],[-71.01264352040131,42.372336635651884],[-71.01264720229852,42.37236302976109],[-71.0126549941424,42.37239178203753],[-71.0126638342984,42.37242630061325],[-71.0126816179746,42.372466168790176],[-71.01268959646126,42.37248645912433],[-71.01268606655763,42.37251912471223],[-71.01268452293449,42.37254612688493],[-71.01268431067481,42.37257367487187],[-71.01269606613756,42.372608025735744],[-71.01270660680301,42.372642461481],[-71.0127122354934,42.37266832365878],[-71.01272594190048,42.37270160243467],[-71.01273771471486,42.372717947559416],[-71.01275646422708,42.37274278496388],[-71.01276515806671,42.37276478887299],[-71.0127586671378,42.37280356389335],[-71.01275251820496,42.37282946620982],[-71.01274451826227,42.372859231933695],[-71.01274569357918,42.37288003361876],[-71.01275146525727,42.372918860579375],[-71.01275563218879,42.372945346764766],[-71.012766181959,42.3729786121627],[-71.01277547041248,42.37300223911083],[-71.01278901177407,42.37302543392592],[-71.01280264959226,42.373051870192775],[-71.01282376645365,42.3730846401648],[-71.01283586892984,42.373105488125205],[-71.01286037289788,42.37313989295686],[-71.01287594851937,42.37316696762352],[-71.01289500560108,42.37319918868462],[-71.01291066375995,42.373215550241625],[-71.01293169883812,42.37324318819147],[-71.01294541025219,42.37326008167479],[-71.01296032193687,42.37327878081867],[-71.01296836162271,42.37329114883405],[-71.01296472782778,42.37333731833756],[-71.01295970284218,42.37335917411455],[-71.01295383558772,42.37338003600579],[-71.01295934303167,42.3734058976531],[-71.01297307121963,42.37343638558534],[-71.01298530423767,42.373456063703316],[-71.0130067466472,42.37347812156277],[-71.01303095097053,42.37348839730869],[-71.01304641423724,42.373498546018446],[-71.01307104808545,42.37351611592454],[-71.01309333628045,42.37353871752165],[-71.01311365610536,42.37354888677866],[-71.01314572601075,42.37356261689414],[-71.01319190275768,42.37357343574268],[-71.01321636729736,42.3735814618249],[-71.01326697176837,42.37358491700057],[-71.01330279220548,42.37358461841502],[-71.01333183565602,42.37358141021874],[-71.01337803392168,42.37358943818392],[-71.01341667824256,42.37360085528049],[-71.01345534404719,42.373609481555405],[-71.01349497701557,42.373618652081774],[-71.01353023056605,42.37361312934505],[-71.01357379146728,42.37360097957915],[-71.01360159975606,42.37358471188497],[-71.01362600776187,42.37356851983623],[-71.01365744873318,42.37355352789412],[-71.01370953065684,42.3735385331738],[-71.01374582466687,42.37352401186828],[-71.01378387895484,42.373517420544786],[-71.01382429229682,42.37351984208038],[-71.0138611929587,42.37352116840878],[-71.01389477256077,42.373528062490045],[-71.01394535488622,42.3735343982022],[-71.01399457849736,42.37352794403185],[-71.01401500638075,42.373524069059776],[-71.01403347435433,42.37352243652962],[-71.0140550554958,42.373526488975465],[-71.01407960280594,42.37353955684814],[-71.01409180990478,42.373562655839294],[-71.0140929033697,42.37359417061177],[-71.01408515471832,42.37360710205816],[-71.01406205677091,42.37362663081116],[-71.01404738338475,42.373640073176425],[-71.01403512927176,42.37365469613727],[-71.01403804355671,42.37367046352537],[-71.01404704166946,42.37368454606324],[-71.01407336215055,42.37368807835231],[-71.01409827823647,42.37368476249857],[-71.01413824892207,42.37368160025501],[-71.01416728407604,42.3736794721609],[-71.0141903097961,42.37368515120419],[-71.014162745523,42.373717085117754],[-71.0141205932061,42.37373554308629],[-71.01408977177311,42.373748917249195],[-71.01405576761145,42.373749853955886],[-71.01402224910404,42.373750792704264],[-71.0139925027249,42.37375066703183],[-71.01394638208913,42.37374831147003],[-71.01390350641591,42.37375029099444],[-71.01387421524544,42.373754128491306],[-71.01384177146456,42.37375741248307],[-71.01377812946973,42.373775689474996],[-71.01374286685204,42.37378238262655],[-71.0137093054055,42.37378890290086],[-71.01367488020963,42.373797220093856],[-71.0136148546741,42.37380308828174],[-71.0135347778298,42.373811212399204],[-71.01348984221976,42.37381264288427],[-71.01343450310486,42.37380907775229],[-71.01338075969379,42.37380326861861],[-71.01334665139679,42.373801953950085],[-71.013305305378,42.373794486676836],[-71.01325941924931,42.373793212180004],[-71.01319125479144,42.373799585882544],[-71.0131617200341,42.373803512196424],[-71.01312632912256,42.373826859983396],[-71.0130966515727,42.37384933165253],[-71.01306416068539,42.37387449227549],[-71.01304063639105,42.373902031601155],[-71.01302666150788,42.37393510311754],[-71.01302521296255,42.37394977171388],[-71.01302393861904,42.373973353919524],[-71.0130230063351,42.37399981850132],[-71.01303079439238,42.374029110898064],[-71.01305489137903,42.374037585602245],[-71.01308249564653,42.37406363080337],[-71.01312851196235,42.37409533572485],[-71.01316350524482,42.374123662904196],[-71.01319586693651,42.37414684728297],[-71.01324191801386,42.37417405085496],[-71.01328613059057,42.37420349735447],[-71.01331648027644,42.37421992101047],[-71.01336431785388,42.374235878465676],[-71.01339956295463,42.37424728118471],[-71.01342712846271,42.37426261268593],[-71.01346811008143,42.37428592347595],[-71.01349730249237,42.374294959810996],[-71.0135432884813,42.37431487063629],[-71.01359247006033,42.37432975333124],[-71.01364798323888,42.374342322020524],[-71.01368477638523,42.374357692472195],[-71.01373251004952,42.374371398608766],[-71.01377729072199,42.37437437879336],[-71.01381092267368,42.3743745209425],[-71.01385088135324,42.37437297926854],[-71.01387137003826,42.374377027130116],[-71.01390953826456,42.374387271667764],[-71.01393251130253,42.37438403766767],[-71.01396040182212,42.37437290188872],[-71.0139805217742,42.3743617332727],[-71.01399922348101,42.37434551703761],[-71.01401831155981,42.37432642150391],[-71.01402749928594,42.374284236719575],[-71.01404337347084,42.374256754907435],[-71.01404526765666,42.37423146476118],[-71.01405958487324,42.37420118547031],[-71.01407675133093,42.37416353583534],[-71.01410203939908,42.37412763105412],[-71.01412503408483,42.37410576110449],[-71.01415877754158,42.37407556385067],[-71.01418358994677,42.37405415171125],[-71.01421640046837,42.374034753980474],[-71.01426025690567,42.374015762999115],[-71.0142936758379,42.37399618775738],[-71.01432307494453,42.373978306085164],[-71.0143681281706,42.37396157084066],[-71.01439920491894,42.373946577159394],[-71.01441749031265,42.373937111273406],[-71.01445027651118,42.373920864388346],[-71.01447809715533,42.37390297601392],[-71.0145106653712,42.37388348714754],[-71.0145368034615,42.37386334093276],[-71.01457259404583,42.373835312892616],[-71.01459570573084,42.373813983516285],[-71.0146391791882,42.37378157645319],[-71.01466130639432,42.373761953460814],[-71.01468911792823,42.37374523537384],[-71.0147325443191,42.373718950049074],[-71.01475441137879,42.37370157666639],[-71.01478531898317,42.37367694906393],[-71.01482083544639,42.37365297109519],[-71.01485351310153,42.37363501308633],[-71.01489376049982,42.37361159522147],[-71.01491816404226,42.37359594305528],[-71.01494659562124,42.373577516969576],[-71.01498044729264,42.37356478555733],[-71.01500998596784,42.37356031861973],[-71.01503600295898,42.373555926856646],[-71.01506382389088,42.37355379341758],[-71.0150899022377,42.373557234424396],[-71.01511757966827,42.37355798129551],[-71.01513288799512,42.37358838559599],[-71.01512154954503,42.37361030488048],[-71.01509872918768,42.37364117866475],[-71.01506864607794,42.373669140899835],[-71.01503487704005,42.373702759414805],[-71.01500690485165,42.37372460856084],[-71.01495854469019,42.37376095643358],[-71.01494447369949,42.37377503165519],[-71.01491387511082,42.37380686292295],[-71.01488572065314,42.37383663382278],[-71.01485445291118,42.37386071975859],[-71.01481417909541,42.37388755859966],[-71.01477382734537,42.37390872527089],[-71.01471832488727,42.37394225201603],[-71.014685114402,42.37396632971008],[-71.01467007268162,42.37398031077349],[-71.01464053498569,42.37400044267419],[-71.01459251120194,42.374024547868096],[-71.01455384665313,42.37404734210361],[-71.01453487263318,42.3740674285267],[-71.01449928071757,42.37408537414503],[-71.01447624285129,42.374097070710135],[-71.01443899510198,42.37412509256872],[-71.01441382404148,42.37414578301668],[-71.01438339273525,42.374171582905895],[-71.01435684252539,42.37419793934604],[-71.01434422940564,42.37422768569374],[-71.01432942182082,42.37425859315197],[-71.01432486146123,42.3742832418428],[-71.01431843148048,42.37431418466921],[-71.0143073531574,42.37434960931885],[-71.01429881624064,42.374386125045476],[-71.01429300644843,42.3744153599376],[-71.0142740628004,42.3744630853454],[-71.01426108949185,42.37449228998777],[-71.01425145910002,42.374528891121656],[-71.01424204553449,42.374553069169544],[-71.01423066897762,42.374595694869996],[-71.0142154147159,42.37463731387486],[-71.01420684688016,42.37466203566479],[-71.0141964100882,42.37469296156128],[-71.01418796365311,42.37471768386223],[-71.01418325136143,42.37474629317899],[-71.01417547255126,42.37477894084898],[-71.01416421663305,42.37482165707947],[-71.01415724029917,42.374844675035625],[-71.01414967417044,42.374865439775704],[-71.01414022178551,42.374894659272876],[-71.01414310610762,42.37493014287412],[-71.01415851319518,42.374947673568045],[-71.01418424481116,42.37496470768866],[-71.01421195396497,42.37496140360474],[-71.01425044287454,42.374961566134566],[-71.01428591366646,42.37495946518366],[-71.01432407289415,42.37495512484781],[-71.01436007289631,42.374947354282604],[-71.01438754680508,42.37494305884452],[-71.01442485610346,42.374938714887385],[-71.0144539395153,42.37493037492319],[-71.01448351756844,42.37492086666265],[-71.01450813414166,42.37490917675977],[-71.01454223842967,42.37489527616636],[-71.01455952718091,42.37488913712516],[-71.01461026128716,42.37487584686082],[-71.01464732769864,42.37487150180685],[-71.01467067824892,42.37486655870127],[-71.01470779646121,42.37485546167287],[-71.01475417680548,42.37483990225368],[-71.0147732243521,42.37479442793475],[-71.01478076471172,42.3747769941179],[-71.01479442282027,42.37475346413383],[-71.0148120145661,42.37472364871039],[-71.01481992329728,42.37470567627056],[-71.01484048838437,42.37466813089053],[-71.01485081298038,42.374651789158975],[-71.01487298324032,42.37462658451334],[-71.01488532780978,42.37460016805097],[-71.01489871688811,42.37456421291943],[-71.01491227489716,42.37453789159993],[-71.01492770303804,42.374521031208175],[-71.01495568744718,42.37448180654092],[-71.01497446281432,42.37445595735762],[-71.01501180924376,42.37441506159874],[-71.01503389789715,42.37440047999789],[-71.01506003120227,42.374380963849156],[-71.01508917915801,42.37436416127196],[-71.01514108765507,42.37432431717305],[-71.01518106154732,42.37428910425959],[-71.01522321672049,42.37425444069843],[-71.01526388934077,42.37422310194717],[-71.01529193960769,42.37420692489593],[-71.01532913045456,42.37418628490057],[-71.0153675788841,42.374159978364844],[-71.01540346378019,42.374135461596936],[-71.01544349122608,42.37410907165866],[-71.01547776801907,42.3740884193403],[-71.01551791199105,42.37406266006984],[-71.01553503482836,42.37404643693636],[-71.01556768485136,42.37401623466686],[-71.01560168419043,42.37398423749005],[-71.01563613467813,42.37395674365235],[-71.0156776602485,42.37392495820082],[-71.0157070761649,42.3739048255223],[-71.01574423705794,42.373888056513245],[-71.01577645038579,42.37388315049321],[-71.0162695036331,42.37425155284879],[-71.01624652181086,42.37425595765485],[-71.01621395716964,42.374259151778595],[-71.01619075386053,42.37426076474359],[-71.01615067389406,42.374262306719615],[-71.01612614722772,42.37424644848236],[-71.016091426558,42.374229917154814],[-71.01606619778238,42.37422647995099],[-71.01603697954654,42.3742207752329],[-71.01601566222752,42.374213933372424],[-71.01600060182402,42.37419865510902],[-71.01598666447455,42.37417942029351],[-71.01597905309417,42.37415859157195],[-71.01597344498312,42.37412984872794],[-71.01597197407767,42.37411579801675],[-71.01596481391734,42.374099472641845],[-71.01595667417692,42.37408422349246],[-71.01593961468637,42.37407631918569],[-71.01591088287809,42.37407052645296],[-71.0158798007862,42.37407039564821],[-71.01583970852755,42.37407355798562],[-71.01581502211343,42.37407858573402],[-71.01577211604757,42.37410037220524],[-71.01573142160828,42.37411874686936],[-71.01569764363835,42.37413769081217],[-71.01565697052622,42.374153274641124],[-71.01561703829276,42.374167241053634],[-71.01558633010599,42.374181696440466],[-71.01555175874887,42.37420909972437],[-71.01552389482679,42.3742326600005],[-71.0154933473446,42.37425782948894],[-71.01547540419294,42.37427017791407],[-71.01543085120002,42.37430087019102],[-71.01539486963934,42.374322145516146],[-71.01535475580704,42.37434394359461],[-71.0153360937729,42.37435502856353],[-71.01530044603643,42.374380266541],[-71.01525238426449,42.37440932344264],[-71.01523104623072,42.37442102732089],[-71.01519652151589,42.3744423087233],[-71.01515470008134,42.374480934955756],[-71.01512851914015,42.37450666292481],[-71.01510063767319,42.37453247374869],[-71.01508479425013,42.374555994557696],[-71.01506926743163,42.37458572869902],[-71.0150502319759,42.37461382752514],[-71.01502827769856,42.37464254424559],[-71.01500060582346,42.37467267731961],[-71.01497853492037,42.37470076333579],[-71.0149659433963,42.37472771894011],[-71.01495185206448,42.37476025001578],[-71.0149469877342,42.37477706492456],[-71.01493891538767,42.37481637355112],[-71.01493267542693,42.37483840433937],[-71.01493069468623,42.374859192681384],[-71.01493220048305,42.374884497173916],[-71.0149320016233,42.374910424681104],[-71.01493309494877,42.37492618436242],[-71.01493683802396,42.37494474611501],[-71.01493440130753,42.37496166128793],[-71.01492954938594,42.374976855726004],[-71.01492167103396,42.37499086702543],[-71.01490297351602,42.3750065432517],[-71.01485674018262,42.37500292717872],[-71.01482498977748,42.37501071582232],[-71.01479663970964,42.375018428770424],[-71.01477511864535,42.37502229927073],[-71.01472885905818,42.37502210413673],[-71.0146749454124,42.37502250689546],[-71.01463496561526,42.37502674963727],[-71.0146134314103,42.37503233060251],[-71.01457489063209,42.37503892014874],[-71.01451180647983,42.375047656828144],[-71.01446376963771,42.37505753733254],[-71.01442995507941,42.3750653171551],[-71.0143912410014,42.37507865808177],[-71.01436309497032,42.37509141340733],[-71.01432474925954,42.375104215692886],[-71.01428159043554,42.37511132581771],[-71.01424454875117,42.3751124298155],[-71.01419994605456,42.37511782326217],[-71.01416746355436,42.37512605877795],[-71.01412543963563,42.375127681869664],[-71.01407164869583,42.375127904806334],[-71.01403463397692,42.37512549772031],[-71.01399323927576,42.375124242494515],[-71.01394901775967,42.37511163165855],[-71.01392548857835,42.37510820116807],[-71.01389934082776,42.37509791740515],[-71.01386730804032,42.37507923607146],[-71.0138522604062,42.37506233706079],[-71.0138369322688,42.375034543355845],[-71.01382778529833,42.37500821623575],[-71.01382793270672,42.37498904068543],[-71.01382549962018,42.37495806043224],[-71.01382091111029,42.37493895489516],[-71.01381635374646,42.37491579818515],[-71.01381224190932,42.37489786503891],[-71.0138108842753,42.374869140054685],[-71.01380329982806,42.374844890202105],[-71.01378878954228,42.374805486206355],[-71.01377029055087,42.374763724595304],[-71.01375819644743,42.37474170640229],[-71.0137473638624,42.37472932664208],[-71.01373196109515,42.37471125573588],[-71.01371073523343,42.37469253000869],[-71.01367886315855,42.37468456274888],[-71.01365262397665,42.374670407294836],[-71.01360649481586,42.374653286809504],[-71.0135728056957,42.374644771663284],[-71.01352517596303,42.37463331662635],[-71.01349281481684,42.374625797391396],[-71.01345403528128,42.374616090304755],[-71.01340979621925,42.37460581993768],[-71.01336211944067,42.37460048660548],[-71.0133018494151,42.374590688553],[-71.01327442685594,42.374588321803465],[-71.0132313417137,42.374585888772415],[-71.01318695565388,42.37457894877013],[-71.01312259220666,42.37456463185077],[-71.01308376979247,42.374560506255065],[-71.0130343710791,42.37455804642601],[-71.01298818948082,42.37454776767306],[-71.01293277617519,42.374537989987964],[-71.01289305257232,42.374540522657874],[-71.01285112962192,42.374544846580285],[-71.01281248418586,42.37454927439713],[-71.01277079573215,42.374554679631395],[-71.01270977587451,42.37456342406585],[-71.01268275230035,42.37457231249004],[-71.0126548656302,42.374582907802335],[-71.01263197016338,42.37459181370327],[-71.01260728398768,42.37461250581138],[-71.01259277033088,42.37463666211779],[-71.01258348238748,42.37466021036141],[-71.01256624552096,42.37470686237493],[-71.01255191429138,42.37473885197148],[-71.01253775579563,42.37477993522656],[-71.0125281167297,42.37481752650036],[-71.0125122757265,42.374856351897094],[-71.01249798812918,42.374898424918236],[-71.01248216929436,42.37493436947645],[-71.01246973690704,42.374972038935226],[-71.01245102972766,42.375004640174964],[-71.01242434857417,42.37504783103517],[-71.01240685620638,42.37508034738731],[-71.01239293625969,42.375106216734046],[-71.01237861798523,42.37515225088398],[-71.0123720565236,42.375184363419415],[-71.01236238259028,42.3752264559781],[-71.0123480809263,42.375270329497916],[-71.01233585241796,42.37529728635493],[-71.0123155805391,42.37532808035815],[-71.01229848214079,42.37535672711614],[-71.01227929395162,42.37538869608383],[-71.01225418616576,42.37541676870335],[-71.01223116466596,42.37544196923596],[-71.01220895765451,42.37547176469572],[-71.01217490441243,42.375510422785695],[-71.01215618025526,42.37554518459838],[-71.01214329660766,42.37557835065522],[-71.01212600789201,42.37561590944853],[-71.01210016645747,42.37566036419652],[-71.0120837276164,42.375697926587506],[-71.01206321599061,42.3757440244539],[-71.01204242760248,42.3757787774912],[-71.0120379821027,42.37580414680605],[-71.01202841204649,42.3758327354262],[-71.01202048000833,42.37586934357263],[-71.01201712378113,42.37589516765171],[-71.01198581487347,42.375940049324],[-71.0119901203167,42.37598004045305],[-71.0119868590912,42.37600928603465],[-71.01198802989703,42.37604638293823],[-71.01198274762824,42.376070038149344],[-71.01196395789576,42.37611326237257],[-71.01195626044516,42.376135196785526],[-71.01194657705793,42.37617845963842],[-71.01195525355904,42.37621846931097],[-71.01195663661898,42.37625952838824],[-71.0119450105141,42.376302782997925],[-71.01194360858024,42.37634283994039],[-71.01194161414033,42.37638100376051],[-71.0119441372084,42.37641594570335],[-71.01194655275538,42.37644908661039],[-71.01194990422498,42.376486822964964],[-71.01195427082001,42.37651889180101],[-71.01195680710069,42.37655212324823],[-71.01196292984592,42.37657690718791],[-71.01196720073943,42.37660564454521],[-71.01197461117097,42.376636645945],[-71.01197749937532,42.37665574433706],[-71.01198319203738,42.37667332413371],[-71.0119922040136,42.376685606302395],[-71.01202002141791,42.37669985885026],[-71.01203525983448,42.37670775600809],[-71.01207051510261,42.37671798878976],[-71.01207874093608,42.3767377400205],[-71.0120657876793,42.37676415359381],[-71.01206259590742,42.37678439657128],[-71.01205014498356,42.3768086515783],[-71.01204171548704,42.37683103303344],[-71.01204460788824,42.376849591266925],[-71.01204887133369,42.37686356383898],[-71.01206018824169,42.376876125865074],[-71.01207988867706,42.3768880032161],[-71.01210004840657,42.376903303611876],[-71.01213693850572,42.37690625096052],[-71.01215680355133,42.37689679213426],[-71.01218319540018,42.37689123222632],[-71.01222158975065,42.37688806395767],[-71.01224055762451,42.376884723281734],[-71.012249785616,42.376869007340666],[-71.01227888269956,42.376859047461856],[-71.012297715951,42.376857416755925],[-71.01231752055945,42.37685579016471],[-71.0123375721715,42.37685362444348],[-71.01235587600802,42.376857663307845],[-71.01237560217649,42.376866209645854],[-71.01238643485901,42.376878589529184],[-71.01239097448757,42.37690399693572],[-71.01239243216814,42.376919668151984],[-71.01237503852934,42.37693931076603],[-71.01236410165554,42.37695618984949],[-71.01234875478276,42.37697809185924],[-71.01233584115919,42.376999373979054],[-71.01232509087279,42.37702354619458],[-71.01231120934236,42.37704437406357],[-71.01231390682327,42.3770724745313],[-71.0123166001411,42.37710111515481],[-71.01232729886837,42.37713087006203],[-71.01234385834476,42.377172173517266],[-71.01235710623119,42.37720202925599],[-71.01236172014734,42.37721780387946],[-71.01237544470985,42.37724883201253],[-71.01240282946965,42.37727199549625],[-71.01243178373603,42.37728058093623],[-71.01247219939934,42.37729875800981],[-71.01251024774173,42.37730900249035],[-71.01255597473973,42.37731549827867],[-71.01257963094572,42.37731829937995],[-71.01262579645555,42.377315163901606],[-71.0126643124619,42.37731199599991],[-71.01270294225445,42.37730981888571],[-71.01273705242996,42.37731113374406],[-71.01278441964865,42.377309623813005],[-71.01284604023347,42.377302052253356],[-71.01289855079251,42.37729489223218],[-71.0129509309057,42.37728890201106],[-71.0130159075521,42.37728701639248],[-71.01306660508904,42.37727876827256],[-71.0131193278193,42.37725981525765],[-71.01314721489898,42.377249309865235],[-71.01318132559916,42.37723477950066],[-71.01322117769188,42.37721577197322],[-71.013253852099,42.37719853464138],[-71.01329566419402,42.37717728465762],[-71.01332344295088,42.37716506821437],[-71.01335929986364,42.37714451324541],[-71.0133931987895,42.377125930619876],[-71.01342442160177,42.377107966868024],[-71.01346154896682,42.37709587996124],[-71.01350323950405,42.37707462938801],[-71.01352610089067,42.37705446955355],[-71.01355745682181,42.3770349758365],[-71.01359014489232,42.377015937888174],[-71.01363026102754,42.376994140438335],[-71.01366119655913,42.37698193725996],[-71.01368582308628,42.37696907720039],[-71.01371665032748,42.37695516299944],[-71.01373397017936,42.376945062940464],[-71.01375865718566,42.37694012566796],[-71.01378020971346,42.37694804928102],[-71.01378001452782,42.37697343661785],[-71.01376625975263,42.37699363499374],[-71.0137607656855,42.37701332811028],[-71.01374695067454,42.37704135874703],[-71.01373609265227,42.377063820086676],[-71.01372489182073,42.37708348907897],[-71.01370781989188,42.377108715046454],[-71.01369028788237,42.3771306079956],[-71.01367205364647,42.377149076873714],[-71.0136529694574,42.37716754215556],[-71.01362395024921,42.37718317453329],[-71.01358842210192,42.377192567385954],[-71.0135588213854,42.377204866217795],[-71.01353698741079,42.37721773805876],[-71.01352632895798,42.37723002695201],[-71.01351379656147,42.377249150118956],[-71.01350909208655,42.377276679079415],[-71.01350549770662,42.377301962010584],[-71.01350203721039,42.377325624986824],[-71.01350078444561,42.37734641637333],[-71.01349146596957,42.37737392581999],[-71.01347509192009,42.37740311597648],[-71.01345475321685,42.37742679759762],[-71.01341664548806,42.37745580579521],[-71.01338515472227,42.377477009452505],[-71.01335404898111,42.377495513861845],[-71.01332479155612,42.377510514953656],[-71.01328639203302,42.37751431377207],[-71.01323235984061,42.377529840222955],[-71.01319381739648,42.377536429302744],[-71.01314575628025,42.37754919008318],[-71.01311194092055,42.37755687948788],[-71.01305943502041,42.37756340942401],[-71.01300995215881,42.37757157265424],[-71.01297174273085,42.37758221437154],[-71.01295126632597,42.377592210922735],[-71.0129079100351,42.37760895279596],[-71.01288140977472,42.37762855692502],[-71.01283798894528,42.37765367118954],[-71.01279500586254,42.37766924422459],[-71.01274723526778,42.37767579407286],[-71.01270676728491,42.37768012411085],[-71.0126117984635,42.37768197252251],[-71.01256051564187,42.37768733703703],[-71.01250986559491,42.37768937313952],[-71.01247862560973,42.377693742201096],[-71.01244505640469,42.37770098230865],[-71.0124092849486,42.37771037376685],[-71.012377129746,42.377723201641786],[-71.01234562120676,42.377730900599616],[-71.01230743378673,42.37773866126415],[-71.01228090351077,42.37774638130855],[-71.01225487488381,42.37775203280824],[-71.01221326333504,42.377762929936765],[-71.01219000239026,42.37777183419875],[-71.01215948601009,42.37777683644465],[-71.0121360862687,42.37778799083058],[-71.01212228785025,42.37779801555434],[-71.0121186402223,42.37781438535125],[-71.01214016633752,42.37784148532064],[-71.01215681001868,42.377856140588534],[-71.01219518680085,42.377871068068075],[-71.01224024387861,42.37788575377174],[-71.01228883887062,42.37789829376214],[-71.01233977901224,42.37792164714481],[-71.01236734169994,42.37793751904303],[-71.01239485720062,42.377959512701835],[-71.01243623147498,42.37797940439618],[-71.01246521660713,42.37798402868291],[-71.0125145485784,42.377995491353275],[-71.01257430967179,42.37800870874034],[-71.01258185517518,42.378022245049365],[-71.01261116089273,42.37803254247987],[-71.0126466244425,42.378031612373725],[-71.0126775870525,42.37803174353762],[-71.01270810351478,42.37802674115452],[-71.01274507267802,42.37801951537067],[-71.01277480372275,42.37802189201529],[-71.0128191005535,42.37802496053936],[-71.01284663768593,42.378028408221645],[-71.01287924819458,42.378035298478885],[-71.0129053102421,42.37804108065314],[-71.01293596969079,42.378049042980365],[-71.01296659803938,42.37807681153117],[-71.01298800457165,42.378103730774285],[-71.0130139273139,42.3781276081476],[-71.01302914412219,42.378154141064755],[-71.01305215415215,42.378177826041636],[-71.01306698927569,42.37819085299958],[-71.01311944384288,42.3782068300718],[-71.01315648597335,42.37820590648902],[-71.01317480480697,42.378208054676094],[-71.01322084481856,42.37822130368935],[-71.0132775492339,42.37823729867153],[-71.01332389795026,42.378241996202085],[-71.01337345164835,42.378256250336456],[-71.013413065351,42.378268301712886],[-71.01343756726884,42.378287491475575],[-71.01346645357235,42.37830498922594],[-71.0134970515814,42.37832096371604],[-71.01353258084113,42.37834308101661],[-71.0135911974927,42.378347290141164],[-71.01363248118143,42.3783474646855],[-71.01369275456621,42.37834150749512],[-71.01373431155463,42.37833772188602],[-71.01378337943484,42.37833621872928],[-71.01383208204568,42.37831904897692],[-71.01387283680324,42.3783090479325],[-71.0139228189678,42.378299175890824],[-71.01397379048592,42.378286967255505],[-71.01399839531847,42.37827698796455],[-71.0140266822504,42.37826189257468],[-71.01407114878816,42.37824290424842],[-71.01411119152517,42.37823073941824],[-71.0141467118784,42.37822242671832],[-71.0141822363719,42.378213573851426],[-71.01423301609844,42.37819470215191],[-71.01428584337897,42.37817799976894],[-71.01432437253429,42.37815736575627],[-71.01436955430742,42.37814009088386],[-71.01441118439676,42.37812676227438],[-71.01448202490599,42.37810455404109],[-71.01454082729944,42.37808454568851],[-71.01458575298797,42.37806898020005],[-71.0146523221811,42.378049544735674],[-71.01469685729887,42.37803739865493],[-71.01474847839488,42.3780196106247],[-71.01481283564463,42.37800358683629],[-71.01488723647385,42.37797626172147],[-71.01495811945718,42.37794847158202],[-71.01502475744768,42.37792003330115],[-71.01511120438018,42.3778894277537],[-71.01519614654907,42.37786502779528],[-71.01527815383196,42.37784331627571],[-71.01536006792308,42.377817913119706],[-71.01541420815407,42.37780409667615],[-71.01547129282774,42.37778633133636],[-71.01554852102792,42.37777027131757],[-71.01559444801492,42.37776659346948],[-71.01564406666547,42.377772384182265],[-71.01569604817814,42.377770892478814],[-71.01574880095747,42.37776382220574],[-71.01580171374599,42.377751710962826],[-71.01583070717496,42.37773940900031],[-71.01588918313041,42.37771435696701],[-71.01593150586298,42.377689777109026],[-71.01598867228051,42.377661298416164],[-71.01603162012395,42.37765022548867],[-71.01609935511365,42.37763700608842],[-71.01615488231994,42.37761644296257],[-71.01620979825208,42.37759641741281],[-71.01626534329083,42.37757351355691],[-71.0163007277994,42.37756700020046],[-71.01634352380879,42.37755988779069],[-71.01637122572525,42.377557663500866],[-71.01641007497653,42.37755854704756],[-71.01643019715208,42.37756304304924],[-71.0164670190048,42.377574991611006],[-71.01649754830714,42.377584122817794],[-71.01652069707927,42.3775898018999],[-71.01655452610333,42.37759615606282],[-71.01663001880682,42.377584679500714],[-71.01668390264597,42.37757257193297],[-71.01673505122052,42.377568825538525],[-71.01679196747139,42.377573025892026],[-71.01684268712378,42.377577740365865],[-71.01687961810478,42.37759130977388],[-71.01691937067245,42.37760110980411],[-71.01694259758784,42.37761246095061],[-71.01696714295488,42.377626068351006],[-71.01700684055294,42.37764307043281],[-71.01704548800599,42.37765448629975],[-71.01709769547861,42.377671090722686],[-71.01713466918653,42.37767907843512],[-71.01716954963632,42.377706773680835],[-71.01721978604044,42.3777429960767],[-71.01724283528776,42.37776172878642],[-71.01728261598515,42.377783772739235],[-71.0173211646292,42.37780815226025],[-71.0173609974117,42.37783928932322],[-71.01739895738214,42.3778771706832],[-71.01742774154945,42.37790817134352],[-71.01749090942494,42.3779365253188],[-71.01753550157724,42.3779964015004],[-71.01756879496328,42.37802526034136],[-71.01758984191774,42.37805181709679],[-71.01760986064123,42.3780699068203],[-71.01764337565778,42.37810155746399],[-71.01768415475736,42.37813602944854],[-71.01772271809165,42.37817445340054],[-71.01774320953758,42.37819425563071],[-71.01778568866523,42.37822873470457],[-71.01782983624948,42.3782514269704],[-71.01787927086326,42.37828143371638],[-71.01792184414217,42.37830357917534],[-71.01796176330869,42.378323462775036],[-71.0180111239625,42.378347257160144],[-71.01806629098871,42.378373956772435],[-71.01808586267751,42.37838700292036],[-71.01813842294902,42.37840522886236],[-71.01816714528537,42.378428486588206],[-71.01821319199009,42.37844101339475],[-71.01823779830411,42.37844669823232],[-71.01826564806481,42.37845698811958],[-71.01830366787057,42.37847119182586],[-71.018335009433,42.378485367558824],[-71.0183577683766,42.37849446573341],[-71.01838195423525,42.378507531148024],[-71.01844492759244,42.37852967178408],[-71.01847289884648,42.378539962129246],[-71.0184910650033,42.37854625015792],[-71.01852336500657,42.378562140399275],[-71.01855993196843,42.37857579776625],[-71.0185367862959,42.37860153919041],[-71.01851513538128,42.37862233527745],[-71.01848447445704,42.378646334688575],[-71.01844865314786,42.37863042969711],[-71.01841490427734,42.37861345302337],[-71.01837969011999,42.37859755055181],[-71.01834573409393,42.37857589148842],[-71.01830472938278,42.37855501316122],[-71.01827242943808,42.378539122858506],[-71.01823417978324,42.378523207630934],[-71.01820050101004,42.37851298335326],[-71.0181726642676,42.37850098295612],[-71.01812486478127,42.37847944590328],[-71.01806492784385,42.378457227782526],[-71.01800367656816,42.37843221322794],[-71.01794858770774,42.37841118573357],[-71.01789326496065,42.378388986856855],[-71.01783062950479,42.37835442334621],[-71.01778601743817,42.37832893823899],[-71.0177429756625,42.37830454004355],[-71.01770187256092,42.378280690132755],[-71.01767720947893,42.37826654222602],[-71.01765739918669,42.37825295483393],[-71.01762050267384,42.37823479435096],[-71.01758208455895,42.378225090191286],[-71.01752849415143,42.378214602157726],[-71.01748532273149,42.37820721878195],[-71.01743605907677,42.3781866656163],[-71.01741174318302,42.37817476983067],[-71.01738563481932,42.378159085306535],[-71.01734743371317,42.378136867961736],[-71.01732447617448,42.37812200690266],[-71.01729498108911,42.3781045975989],[-71.01726727732706,42.37807522196063],[-71.01724363802857,42.37805423605914],[-71.01720958119235,42.378029965393644],[-71.01716218995874,42.3780027578282],[-71.01713026790945,42.377985158237344],[-71.0171071226268,42.37796309403372],[-71.01705804987955,42.3779493837017],[-71.01702721174478,42.377932959007794],[-71.01697055409954,42.37791075407753],[-71.01695520229447,42.377901686727576],[-71.01693198833634,42.377888625090094],[-71.01689506198453,42.37787442551769],[-71.0168552304695,42.377859043356644],[-71.01681560261046,42.377848793684656],[-71.01679096226339,42.37784760984295],[-71.01677039591016,42.37785355539255],[-71.01674458915751,42.377861999734435],[-71.01671672786044,42.37786917503481],[-71.01669200563387,42.37787870426787],[-71.01665651608296,42.377883056609676],[-71.01663039320489,42.377885197574386],[-71.01659805992368,42.3778896531888],[-71.01655924586301,42.37790002346773],[-71.01652870017197,42.37790889799116],[-71.0164866152705,42.37791826418163],[-71.01644369692444,42.377925466159695],[-71.0164051029422,42.377938808265746],[-71.01636322642214,42.37795267673249],[-71.01632305392154,42.377966012174916],[-71.01628098134628,42.377973757821806],[-71.01623648927473,42.37798032290326],[-71.01619323758482,42.37798347208554],[-71.01615204110944,42.37798780027134],[-71.01612561953274,42.37799723220683],[-71.01609592782094,42.37800557003408],[-71.01605771520538,42.37801666290533],[-71.01602166681477,42.37803055576496],[-71.01599255186753,42.37804285726394],[-71.01596783428717,42.37805175615896],[-71.01592897592113,42.37806788788939],[-71.01591383344099,42.37807907778524],[-71.01587911248454,42.37810990162043],[-71.01587342368737,42.37812338201647],[-71.015862223333,42.37814305121214],[-71.01583918010526,42.37815528819536],[-71.01581577753855,42.378182738546585],[-71.01578342829767,42.378205109617575],[-71.01574618688574,42.378216206473475],[-71.01571350780631,42.37823407469114],[-71.01568872530424,42.378251435970036],[-71.01566525292506,42.37827213382876],[-71.01565164540352,42.378289001973194],[-71.01563891886083,42.37830182252453],[-71.01562774874127,42.378317530552536],[-71.0156121639606,42.3783388918123],[-71.01559961059824,42.378360806007585],[-71.01559161882551,42.37837373651881],[-71.01558748292369,42.378390554508414],[-71.0155792138191,42.37840798529602],[-71.01556539930938,42.378436016142196],[-71.01555582488568,42.378449480159745],[-71.01554029177248,42.37846408945935],[-71.0155000629066,42.37848471671858],[-71.0154691828653,42.378489628281535],[-71.01543963364261,42.378495175643984],[-71.01540226229838,42.37850735218828],[-71.01536418792863,42.37851619468952],[-71.01532696350903,42.378525040759015],[-71.01530055400475,42.37853285203595],[-71.01525459608136,42.37854049090978],[-71.0152157669083,42.37855275127975],[-71.01518925389985,42.378558221343596],[-71.01514953194854,42.37857605972082],[-71.01511053851335,42.37859390115497],[-71.01508139275566,42.37861016356539],[-71.01505480170182,42.37862580653515],[-71.01504886569406,42.378639826021065],[-71.01502509833534,42.37866727467289],[-71.01500505512463,42.37868411560983],[-71.01496335160235,42.37870698718727],[-71.01493081073465,42.37872260504283],[-71.01489157913481,42.37873981519634],[-71.01485810068628,42.378751017661735],[-71.01482095465863,42.37876544569027],[-71.0147887607278,42.378783315691365],[-71.01476973646766,42.37879394889081],[-71.01473109877176,42.37881287204373],[-71.01469391329937,42.37883243151216],[-71.01465879545955,42.37885154954699],[-71.01463823737865,42.378872169461545],[-71.01462704963579,42.37889012803988],[-71.01461762727284,42.37891538640622],[-71.01461140959826,42.37893444629903],[-71.01460334845123,42.378956379338],[-71.01460313700588,42.37898392728815],[-71.01460095652,42.37901488802822],[-71.0145962952295,42.37903683541128],[-71.01457184182583,42.37905869928226],[-71.01452207989468,42.379071453460334],[-71.01449773496242,42.379079183236875],[-71.0144678473722,42.37908130782452],[-71.01442810300453,42.37908618169729],[-71.01439433398717,42.37908774970977],[-71.01436162736529,42.37909328346847],[-71.01433255516302,42.37909991290784],[-71.01430600727765,42.379109884066246],[-71.01428323182859,42.379118790799254],[-71.01425686551148,42.37912093019906],[-71.01422565577266,42.37913709364907],[-71.01419009174218,42.37916683306635],[-71.01416523514416,42.379193736766545],[-71.01415566099918,42.37920711063928],[-71.01414010593508,42.37922451055243],[-71.0141181676278,42.37925088639367],[-71.01409486388961,42.3792811277059],[-71.01408530147607,42.379292971130916],[-71.01406696675224,42.37930864874448],[-71.01404700125576,42.37931531657736],[-71.01398987571037,42.37932236760085],[-71.01394495728803,42.37933685254047],[-71.0138893368768,42.37935345293589],[-71.01385365567398,42.37936680649531],[-71.01383344313486,42.379374013420616],[-71.01380908069862,42.37938399370011],[-71.01378421940501,42.379395682415016],[-71.0137643012109,42.37941198349038],[-71.01373917905056,42.37942601184421],[-71.01372355915817,42.37943602905777],[-71.0137035326643,42.37945061911586],[-71.01367592632596,42.37945608421038],[-71.0136558780886,42.379457710007784],[-71.01363728763972,42.37945925193587],[-71.01359378251294,42.37947941453374],[-71.01356655334308,42.379467415591684],[-71.01353725026766,42.3794566682781],[-71.0135107191941,42.37944863354587],[-71.0134698724783,42.37943891774622],[-71.01344510183779,42.37943881298638],[-71.01340173589925,42.37944088029298],[-71.01336800615434,42.37943731652415],[-71.01334474475637,42.379446221016174],[-71.01330139145571,42.37946242287484],[-71.01325945296239,42.37948412246564],[-71.01324568430907,42.37950603126094],[-71.01321283461591,42.37953011004055],[-71.01319581379784,42.37954858397087],[-71.01318322054865,42.37957553935014],[-71.01316906193125,42.37960077755484],[-71.01316289102088,42.37962947065778],[-71.0131607405818,42.37968798033668],[-71.01315408811652,42.37971613122743],[-71.01316021662848,42.37975603995991],[-71.01316194250626,42.379784226305496],[-71.0131393270261,42.379803846927004],[-71.01313339949341,42.37981669597286],[-71.0131311836041,42.37985215797689],[-71.0131355808337,42.37988035562742],[-71.01314451933071,42.37990227047376],[-71.01317350097368,42.379954789928156],[-71.01319015876513,42.37998348960169],[-71.01319726635548,42.38002241215476],[-71.01320170327777,42.38006123337755],[-71.01319835146862,42.38008651731061],[-71.01320272726134,42.380117505761454],[-71.01320559882156,42.38015460981088],[-71.01319414556437,42.380191203101916],[-71.01317984806137,42.38021869143921],[-71.01317032983228,42.38024052817957],[-71.01315819233756,42.3802713567228],[-71.01315002572373,42.380291128516696],[-71.0131375107613,42.38032366600879],[-71.01312337760365,42.380345573243616],[-71.01309991205014,42.38038094531157],[-71.01309366755693,42.38041918115548],[-71.01309216273225,42.38044114183215],[-71.013089882211,42.38046922118924],[-71.01308504271503,42.38049846009097],[-71.01308032464127,42.380527699506246],[-71.01307060599737,42.38057555373305],[-71.0130591747686,42.3806092661771],[-71.01304812098009,42.38064126966884],[-71.01303381014017,42.38067046847797],[-71.01300303313573,42.380709140644385],[-71.01294372901813,42.380746611687925],[-71.01289432146417,42.380776202062854],[-71.01284012612356,42.38079676925601],[-71.01280149494958,42.38081461144094],[-71.01275846600979,42.38083585608472],[-71.01270416232718,42.380854712206606],[-71.01266221297696,42.380861916883674],[-71.01259900132413,42.380870651988104],[-71.01255006604941,42.380886199712705],[-71.01249904082938,42.38088931457662],[-71.01245400858429,42.38088687302529],[-71.01241907217641,42.38088222352238],[-71.01236361042609,42.38086227213275],[-71.01232671807661,42.38084356980731],[-71.0122732464418,42.38081750484629],[-71.01225187531558,42.380801659191015],[-71.01223013991815,42.38078581198725],[-71.01219957506414,42.38076542589869],[-71.0121615470253,42.380736545441216],[-71.01214418374519,42.380720626731225],[-71.01211403949108,42.380692950064045],[-71.01208812784527,42.380667542061175],[-71.01206384686866,42.38063538880252],[-71.01203955758086,42.38060431584966],[-71.01201681560485,42.380577300754055],[-71.01199230157181,42.3805438860865],[-71.01196803790322,42.38052523721173],[-71.01193380422022,42.38049250153025],[-71.01190929773527,42.38047385161266],[-71.01187328213959,42.380451731760765],[-71.01182103015371,42.38042504155771],[-71.01178231265133,42.38040687148257],[-71.01174146558223,42.38039715507134],[-71.0117163740824,42.380391376759476],[-71.01168121322394,42.38038438532698],[-71.01161635780775,42.38037015554821],[-71.01157356379247,42.38036097098538],[-71.01152874908288,42.38036186106217],[-71.01145662176297,42.38036155479452],[-71.01139948107229,42.38037040504865],[-71.01135916717189,42.3803859888829],[-71.01132364169862,42.38036333076589],[-71.01129423075209,42.380366536902734],[-71.01125581615291,42.380372045533555],[-71.0112125103913,42.38038194478639],[-71.01118672413283,42.38038750704683],[-71.01114619376159,42.380399668789174],[-71.01110603600635,42.38041075175408],[-71.01106888327539,42.38042580874707],[-71.01103499999617,42.38044204999949],[-71.01101803050527,42.3804537716591],[-71.01098721001495,42.38046651478865],[-71.01096220406912,42.3804810832044],[-71.0109246782102,42.38051297396667],[-71.0109002146109,42.38053591736096],[-71.01088140138557,42.38055051208634],[-71.01084257412981,42.38059365089946],[-71.01082553074484,42.38061491527822],[-71.01080528637206,42.380641837863045],[-71.01078958701642,42.380662027604764],[-71.01076964606072,42.380681118960474],[-71.01075222929181,42.380703552115826],[-71.01074574049295,42.38074178679669],[-71.01074550576939,42.38077212553196],[-71.01074519651903,42.38081209704042],[-71.01074136587367,42.380852053573115],[-71.01073837732119,42.38087733897908],[-71.01072530981723,42.38091833657499],[-71.01071558144183,42.38095151585778],[-71.01071066697558,42.380990297403436],[-71.01072135585362,42.38102131279631],[-71.01072226133243,42.3810455344151],[-71.01072728282007,42.38107139405826],[-71.01072814024084,42.381101827464796],[-71.01073408091906,42.381134443182034],[-71.01074025586792,42.381152475217355],[-71.0107443358973,42.38117445961374],[-71.01074731471898,42.381197519673286],[-71.01075060117405,42.381212208355684],[-71.01074870546162,42.381237498407295],[-71.01074689193611,42.38125216540127],[-71.01073740753758,42.38126950063959],[-71.01072965725946,42.38128243183722],[-71.0107107309292,42.38131161072948],[-71.01069810562002,42.38134252696577],[-71.01069970112967,42.38135603808214],[-71.01069282264784,42.381381847113325],[-71.0106852360108,42.381420707318114],[-71.01068503190622,42.38144708490868],[-71.01068289330333,42.38147237392493],[-71.01068003866583,42.381496039375925],[-71.01067502060172,42.381516814701406],[-71.01066704435746,42.38154324926323],[-71.01065895991395,42.3815679728157],[-71.01065140924834,42.38158648664606],[-71.01064299533984,42.381606707352574],[-71.01063846297032,42.381627484741955],[-71.01063202674914,42.38164321241643],[-71.0106256896595,42.3816618214358],[-71.0106192018759,42.381684211026105],[-71.010619083437,42.38169951542918],[-71.01061150208882,42.38172199039601],[-71.01060968503403,42.38173710751571],[-71.01060144427784,42.38176633184142],[-71.01059207979807,42.381783847634054],[-71.01058123795664,42.381803967978136],[-71.01056713791498,42.381837128645216],[-71.0105574441547,42.381865806612794],[-71.01055144622426,42.38188765810916],[-71.01056765125281,42.381927699862686],[-71.01057198736997,42.3819479748024],[-71.01057648343414,42.38197896385644],[-71.01057316480723,42.38201550145514],[-71.01055422443666,42.3820621458565],[-71.01054175517156,42.38208856129231],[-71.01052439455795,42.382119367330404],[-71.0105148263461,42.38214750565379],[-71.01050257360085,42.38219300812338],[-71.01049251546665,42.38222168453314],[-71.01048894973702,42.3822587612494],[-71.01048431326238,42.38227728746575],[-71.01047183015415,42.38232116843137],[-71.01046052283633,42.382354340965016],[-71.01045241660312,42.38238185530082],[-71.0104286710902,42.382421727068134],[-71.01041487920955,42.38244642631222],[-71.01040232323082,42.38246833991968],[-71.01039546193232,42.38249189827941],[-71.01038157871037,42.38252839090964],[-71.01036284660987,42.38256378255567],[-71.0103458457527,42.38257946524912],[-71.0103226825929,42.382591160442765],[-71.01028860320565,42.382601188647875],[-71.01025733007627,42.38262518325994],[-71.0102157039235,42.3826531850876],[-71.0101797459357,42.382686252647666],[-71.01015834829168,42.38268949261332],[-71.0101334488418,42.382721526895565],[-71.01012996168052,42.38274843067249],[-71.01013248043184,42.382768157714054],[-71.01014347286186,42.38279134193087],[-71.01015546813096,42.38281047911826],[-71.01017086766481,42.382829090625044],[-71.01018752893815,42.38284158554003],[-71.01019512202313,42.382864665250196],[-71.01020298865772,42.38288378485523],[-71.01020214999551,42.38291367086021],[-71.01020685523831,42.38293331717891],[-71.01019103727513,42.382968721200605],[-71.01015369950144,42.38302311971175],[-71.01012061107458,42.38307762633274],[-71.01007043209803,42.3831280088693],[-71.01003507673809,42.38316161912129],[-71.01000371533884,42.38319695692041],[-71.00997709882027,42.38323114454538],[-71.00996150673384,42.3832530451707],[-71.0099383551517,42.38327887486298],[-71.00989972936796,42.38332705581363],[-71.0098573516865,42.383373600248134],[-71.00984800071895,42.38338931545651],[-71.0098322180305,42.38342012810634],[-71.0098118899851,42.38344200853347],[-71.00979023942918,42.38346217277424],[-71.0097531187806,42.38348848308148],[-71.0097158724806,42.38351533301427],[-71.00967238911026,42.38354782817026],[-71.00963515181664,42.38357350774043],[-71.00960245986393,42.38359245451044],[-71.00956829254568,42.38361373573167],[-71.0095124536159,42.383642216889704],[-71.00946602641746,42.38366281561186],[-71.00942485013407,42.38367965549425],[-71.00939803992343,42.38369178509444],[-71.00933170604151,42.38371121852896],[-71.00926718942074,42.38373119984951],[-71.00922662998646,42.38374678188852],[-71.0091802200874,42.38376512984864],[-71.00911869516113,42.38379079566515],[-71.00905194017501,42.38381751947725],[-71.00897964744348,42.38383800762749],[-71.00889750109992,42.38386070439321],[-71.0088311202756,42.38387050425462],[-71.00875842000883,42.38388090729741],[-71.0086874803621,42.38389915032109],[-71.00861065031434,42.38392529068029],[-71.00849149664975,42.383943957852196],[-71.00843123073199,42.38394820181886],[-71.00834968807449,42.3839556859012],[-71.00829405830427,42.38395715871381],[-71.0082031519474,42.38396631322155],[-71.00816137887199,42.383966134652624],[-71.00809674551166,42.38396981960073],[-71.00805493321315,42.38397468244008],[-71.00798863899684,42.38397331861129],[-71.00789649769179,42.38396950344385],[-71.00784247245771,42.383967651834304],[-71.00778404619416,42.38396956258201],[-71.00770720410769,42.38396599277261],[-71.00765003983989,42.383961786891405],[-71.00757163385941,42.383956319693354],[-71.00747812305383,42.383941244724554],[-71.00739307264699,42.383931337547544],[-71.00731424131631,42.38391812587255],[-71.00724056640503,42.38391330891005],[-71.00716669705147,42.383902279077475],[-71.00711170534245,42.383899792782586],[-71.00705637600633,42.38389388391887],[-71.00698072030504,42.38387834487096],[-71.00690987352851,42.38386903837333],[-71.00683278032191,42.38386654724895],[-71.00678069462649,42.38386515359825],[-71.0067125446433,42.383868192491285],[-71.00665294273624,42.38386514603739],[-71.00657905106223,42.38385699665403],[-71.0064925761481,42.383827366383834],[-71.00642059035894,42.38380842161207],[-71.00634519886631,42.383790182412866],[-71.0062670945915,42.38376166823379],[-71.00620091260424,42.38373041427765],[-71.00614741082067,42.383708217597686],[-71.00607553426502,42.38367531860549],[-71.00598474100607,42.38363891724735],[-71.00589699536317,42.383616573406286],[-71.00584484052193,42.38360851689874],[-71.00579688377084,42.38360714053565],[-71.00573533329943,42.38362038045751],[-71.00571830989962,42.383638763238245],[-71.00569315331093,42.38365675095793],[-71.00565139880246,42.383685290760724],[-71.00560176449427,42.38371208613949],[-71.00552760492204,42.38373823592103],[-71.00548128618482,42.38374478900575],[-71.0054305514939,42.38375699490694],[-71.005375299509,42.38375675738366],[-71.00531952657934,42.38376101903666],[-71.00526234082086,42.383759602769516],[-71.00523018672767,42.38377170842233],[-71.00518076095985,42.38378734093896],[-71.00513243299655,42.38380234795435],[-71.00507390040656,42.38381785122515],[-71.00501382862132,42.38382830622843],[-71.00496754923195,42.38382981766011],[-71.00491966936055,42.383834113080695],[-71.0048612776731,42.383831611078975],[-71.0048102757826,42.383831391575306],[-71.0047732520916,42.38382952166912],[-71.00472102247518,42.383831007389496],[-71.00467618461822,42.383819020581235],[-71.00463148161104,42.38380532378768],[-71.00459366503874,42.383796158072286],[-71.00455502948228,42.3837830275479],[-71.00452421432331,42.383763718698376],[-71.00448786124022,42.38373826402709],[-71.00444656471551,42.38370828660858],[-71.00439864947481,42.38368611317494],[-71.00435448309608,42.383650451542096],[-71.0043128485048,42.3836171415502],[-71.00426886576214,42.383573558134664],[-71.0042478267992,42.38354645882123],[-71.00423130905573,42.38350029286676],[-71.00421617364825,42.383432705995865],[-71.0041953338083,42.383380219388975],[-71.0041771598621,42.38332846449738],[-71.00415446331279,42.38328047132334],[-71.00412624658415,42.383224081667024],[-71.00411280010776,42.38317342748498],[-71.00410853869161,42.383128394680725],[-71.00410279821615,42.38308614639583],[-71.0040876531584,42.38303530482994],[-71.00406983027897,42.3829852619784],[-71.00405198200953,42.38293846005358],[-71.00402724464759,42.38290297206596],[-71.00402930407063,42.38287264121158],[-71.00401603988325,42.38282973028304],[-71.00399301179895,42.38279307928023],[-71.00395180224692,42.38276760349304],[-71.00392405390993,42.38274443645619],[-71.00388132373212,42.382711571718055],[-71.00384007048376,42.38269167749237],[-71.00382024835726,42.3826797982225],[-71.00377890189762,42.38267178738548],[-71.00374485048229,42.38266263762466],[-71.00371871468785,42.38265064107464],[-71.00368501839932,42.382642663203434],[-71.00364616973611,42.38264132523138],[-71.0036232277993,42.38264014590505],[-71.00360184750258,42.382641134005375],[-71.0035755605024,42.382648402952164],[-71.00355531959286,42.38265893902217],[-71.00353835236143,42.38267011941747],[-71.00351820459679,42.38268425703839],[-71.00350702715824,42.38270041400273],[-71.00349752288669,42.38271999928429],[-71.00349434998384,42.382737451195325],[-71.00348793151542,42.382766142710345],[-71.00346764374419,42.38279810543726],[-71.00345678532378,42.38282002562188],[-71.00343335374077,42.38285026422538],[-71.00340994334452,42.38287780204887],[-71.00338944798577,42.382905262421396],[-71.00335537421842,42.3829298732808],[-71.00332141761324,42.382955024809185],[-71.00328703182755,42.38297297216404],[-71.0032642633358,42.382980616346],[-71.0032362322677,42.38299345947603],[-71.00319727659914,42.383005715252615],[-71.003157358659,42.383016796485],[-71.00312197752882,42.38302231550647],[-71.00307854724754,42.38303221116702],[-71.00304025245264,42.3830376275499],[-71.00299095974118,42.38303633427309],[-71.00294466319217,42.38304009553704],[-71.00290132557987,42.38303819774749],[-71.00286008273979,42.383032437751254],[-71.00282804392887,42.383029868525256],[-71.00277684725697,42.383023615340335],[-71.00274181585007,42.38301554139491],[-71.0026906786704,42.38300172600237],[-71.00260162482267,42.382976132941245],[-71.00258173627307,42.38297271588632],[-71.00253694404803,42.38295505661495],[-71.00249705372293,42.382931746703086],[-71.00244957660368,42.3829157863361],[-71.00240679069817,42.382905518059],[-71.00236212425172,42.382887319089555],[-71.00229893199854,42.38286228779556],[-71.0022669896667,42.38284747490093],[-71.00223061038145,42.38282553051824],[-71.00220555493046,42.38281515881822],[-71.00214895056529,42.3827862847025],[-71.00212127939717,42.38279966929281],[-71.00196102953755,42.38274774925893],[-71.00180286852789,42.382708172004364],[-71.00168145159215,42.38267505571062],[-71.0015990317969,42.382639857509645],[-71.00153911020661,42.382615920309966],[-71.00142466115987,42.38254619216862],[-71.00130366508685,42.38249057007053],[-71.00118652091754,42.38240849604559],[-71.00108674716456,42.38237196182599],[-71.00041792258526,42.38193701073688],[-71.00034750035111,42.38190510476456],[-71.00026344111427,42.38187782101818],[-71.00010946335694,42.3818624773653],[-70.99997567353476,42.38184335000503],[-70.99982815266134,42.3818100282522],[-70.99971934823938,42.381764000535426],[-70.99961686858258,42.38173204473652],[-70.9994695117579,42.381662711661484],[-70.9993552596844,42.38159928431129],[-70.99926484088306,42.38154712416867],[-70.99913356263819,42.38147164863964],[-70.99903052333752,42.38146444783502],[-70.99897049612802,42.38145410319206],[-70.9987662459636,42.38140819903417],[-70.99864638099126,42.38137895751588],[-70.99838571145685,42.38132722500629],[-70.99832232948853,42.3813111935731],[-70.99824564760546,42.3812725968636],[-70.99815708873119,42.381231067368255],[-70.99803764654312,42.381194534710986],[-70.99781640525119,42.38113234951028],[-70.99765253891339,42.381078066882594],[-70.99747225528073,42.38101155840003],[-70.99732447594523,42.3809500532226],[-70.99725592645079,42.38091203155219],[-70.99698823662793,42.38088835421603],[-70.99689278541605,42.38088910721637],[-70.99678369350427,42.38086441230514],[-70.99664357434273,42.38083228919574],[-70.99651335328434,42.38079237671282],[-70.99641198427305,42.38077383721532],[-70.99635648300882,42.380789979530675],[-70.9963395013828,42.380802869359876],[-70.99631286461637,42.38082354943592],[-70.99629092764137,42.380848751531566],[-70.99629521895059,42.380874068460535],[-70.99628211961642,42.380902640319384],[-70.99627311842585,42.381011265872104],[-70.99625424812862,42.38104782503696],[-70.99623662866232,42.38107979819838],[-70.99620999196554,42.38111569314529],[-70.99616962865987,42.38113694328092],[-70.99610473331134,42.38115853610165],[-70.9959995683386,42.381174370682956],[-70.99585895066508,42.38118950964463],[-70.99579468801706,42.38119264912552],[-70.99567873377053,42.3812061854043],[-70.9955781512107,42.38121078606764],[-70.99544684315886,42.38126143675669],[-70.99532133686459,42.381315443818714],[-70.99519737299097,42.381373958960204],[-70.99514454295858,42.38142045217439],[-70.99509447412414,42.38145570386164],[-70.99497605513935,42.381534499616286],[-70.99494141673564,42.381599078383566],[-70.99491244074201,42.381684478689245],[-70.99490162499927,42.381791925783105],[-70.99489630043185,42.38185042122924],[-70.9949181312542,42.381945047476755],[-70.99492346093479,42.38199233607619],[-70.9949196742405,42.38201032524295],[-70.99487225838787,42.3820326243089],[-70.99485318079331,42.38206459085352],[-70.99483189503945,42.38211455348949],[-70.99480043120732,42.38219211031587],[-70.99478438039888,42.38225560027193],[-70.9947569869294,42.38232525241115],[-70.99473901100892,42.38240169807344],[-70.99472362968197,42.382472573332166],[-70.99470825335617,42.38254281840714],[-70.99471611944473,42.38257661380836],[-70.9946946532796,42.38260352821255],[-70.99466755179608,42.3826214149665],[-70.9946395058753,42.382666306248325],[-70.99461596652606,42.38270950676947],[-70.99462296442074,42.382760763976584],[-70.99465141995692,42.38278618710122],[-70.99469505007835,42.38281221704075],[-70.9947356935075,42.38281689698838],[-70.9947931023391,42.38282066022468],[-70.99487329275352,42.38283046536695],[-70.99493331988016,42.3828409021701],[-70.99499700937156,42.38284892423632],[-70.99504976360848,42.38285770853366],[-70.99511428446108,42.38286807493588],[-70.99516440386752,42.38288747103203],[-70.99516556486927,42.38295499782674],[-70.99518256586234,42.38301584195422],[-70.99518510287943,42.38307833316419],[-70.99516578285792,42.38317106821705],[-70.99517617262968,42.38326906527923],[-70.99524096474651,42.3833519961113],[-70.99528053003068,42.38341573010781],[-70.99533693782466,42.38345369966856],[-70.9953793852978,42.38350628268521],[-70.99544493227123,42.3835403310037],[-70.99550053549687,42.38357262513199],[-70.99553790594058,42.38360709001264],[-70.99555300039084,42.383648209381754],[-70.99553894586315,42.383659401372874],[-70.99549313917336,42.383662531587206],[-70.99544716072744,42.38365674816734],[-70.99538045753856,42.38364583221218],[-70.99531464966249,42.383614033436594],[-70.99522751069237,42.383577009389086],[-70.99515928731881,42.38351314962988],[-70.99511175716376,42.38344316864456],[-70.99507364921796,42.3833794409856],[-70.99503355380176,42.38333650127156],[-70.99499825741125,42.38331608983944],[-70.99497071463605,42.38331317804381],[-70.9949475483643,42.38332487013981],[-70.99491816244448,42.38333986599695],[-70.99490668939893,42.38337753774894],[-70.99490639744938,42.383414088211],[-70.99491665653478,42.383437180654404],[-70.99491173587398,42.383460296485765],[-70.99488220543853,42.383478172624656],[-70.99484309981051,42.38349375599134],[-70.99479233234018,42.38350982830997],[-70.99474290046749,42.38354112135975],[-70.99469642393075,42.38356729571947],[-70.99466154501243,42.38361620828955],[-70.99463623331991,42.38366840391437],[-70.99463590523888,42.38370945566128],[-70.99462088322767,42.3837353180052],[-70.99463014345774,42.38376182718404],[-70.99465008115762,42.38378946360881],[-70.99468176708515,42.383805807986114],[-70.99473690613692,42.383820184688865],[-70.99479401559408,42.383815934031475],[-70.99485057602453,42.3838196034799],[-70.9948732898593,42.38401659644233],[-70.9948482386314,42.38402098789998],[-70.99482328150333,42.38402880086406],[-70.994792586072,42.3840404598686],[-70.99475707789004,42.38404651593763],[-70.99473064699465,42.38405639307473],[-70.99472736383947,42.38407213371595],[-70.99475148796417,42.38409258619293],[-70.99477607122515,42.38411637175063],[-70.99484677276403,42.38412847598451],[-70.99492503413225,42.38413674211921],[-70.99503212613513,42.38418438734674],[-70.99510530157494,42.38425168999894],[-70.9951319054426,42.38432662076426],[-70.99514940681287,42.38441609626283],[-70.99515645420341,42.38446123166646],[-70.99514214717553,42.38448880776024],[-70.99512732848102,42.38453483753148],[-70.99513374274302,42.38461364096528],[-70.99514947151559,42.38471220159772],[-70.99516050034674,42.38479102527504],[-70.99516394205037,42.3848618931164],[-70.99516316871919,42.38494354592869],[-70.99515293780901,42.38502335666303],[-70.99513208248862,42.38504973364343],[-70.99510712997595,42.385072131369206],[-70.99508023447889,42.385094520562696],[-70.99504929564745,42.38512139344894],[-70.99502743785307,42.38515163725267],[-70.99501451156277,42.385203977331194],[-70.99503329069665,42.38527032101359],[-70.99508038964228,42.38531842308495],[-70.99510794690848,42.38533483924536],[-70.99513351593089,42.385356918494146],[-70.99517479114877,42.38538914988706],[-70.99521258496932,42.38544675413507],[-70.99524107784354,42.385513320453605],[-70.99525102766592,42.385575213943795],[-70.99525424891775,42.38564328990665],[-70.99525211260412,42.38569792806238],[-70.9952469633659,42.38574967207564],[-70.9952428351994,42.38579520857531],[-70.99523179375021,42.38583963439841],[-70.99520795255792,42.385874911147425],[-70.99517874010944,42.38589846057107],[-70.99515080960842,42.38589833801909],[-70.99512609037862,42.38589147738625],[-70.99508773432487,42.38587384346899],[-70.9950915478494,42.38583730848174],[-70.99509220401345,42.38580075963846],[-70.99509904055668,42.385750643556406],[-70.99509491113582,42.38570507082393],[-70.99509740686312,42.38565106444998],[-70.99507621817845,42.385597494311064],[-70.99505261871823,42.38555687774584],[-70.99502685134505,42.3855292158192],[-70.99500884231978,42.38548808360695],[-70.9949755330892,42.38544679420449],[-70.99494385569588,42.385414064698985],[-70.99490490196295,42.385425687480776],[-70.99484604564518,42.38543560234799],[-70.99478135174527,42.38544657189838],[-70.99472565344695,42.3854564105424],[-70.99469292008317,42.385479854353605],[-70.9946728419597,42.385500112698786],[-70.99466282561127,42.385537790807945],[-70.99465073619946,42.38557654015716],[-70.99463082087948,42.38562200729659],[-70.9946122458141,42.385651725265326],[-70.99460046597343,42.38569731816313],[-70.99457334966327,42.38576246998431],[-70.99456345087651,42.38581581362408],[-70.99454471308603,42.38586587739222],[-70.99453486769579,42.385897344246246],[-70.9945220497008,42.385920875498634],[-70.99449869330229,42.38594102938078],[-70.99447209859109,42.38594091253292],[-70.99444126222114,42.385939696694486],[-70.99442331710263,42.385920981864366],[-70.99443259114923,42.385900225945534],[-70.99445010922467,42.385881216798786],[-70.99445883045645,42.3858232765223],[-70.99447451851186,42.38579012479683],[-70.99450160830725,42.38572830395093],[-70.99445814242974,42.38574224750841],[-70.99440236730348,42.38577684360088],[-70.99436163587995,42.385813306357925],[-70.99432107120315,42.38584409801402],[-70.99427762440162,42.385870825687995],[-70.99424467896007,42.38592073692887],[-70.99422879252265,42.385948305960234],[-70.9942082604967,42.38597972580882],[-70.99416795651697,42.386008267834704],[-70.9941289533001,42.386026012100494],[-70.9940937988876,42.38603323989799],[-70.99406217131553,42.38607019272245],[-70.99403259403813,42.38609374025204],[-70.9939876575901,42.38610929768498],[-70.99394766867576,42.38611362325198],[-70.99391842965105,42.38611007354867],[-70.99389383190959,42.3861032131856],[-70.99387360197231,42.386112037055476],[-70.99385151697254,42.38614020896924],[-70.99383628289647,42.386162108996785],[-70.99380029272643,42.38616753245073],[-70.99375585993764,42.38618084128738],[-70.99370726221336,42.38619863322337],[-70.99363353121254,42.386215774355925],[-70.99359920033736,42.38624146154647],[-70.99355563945142,42.38626719812819],[-70.99348695534809,42.38629102351867],[-70.99343171877625,42.386303744495166],[-70.99336849423696,42.386328224054324],[-70.99331884879716,42.38634033939414],[-70.99323569082983,42.38635176693882],[-70.99317509696813,42.38635104989386],[-70.9931064441894,42.38635578907425],[-70.99302139224066,42.38636108615661],[-70.99294070337692,42.386367482751055],[-70.99287484377297,42.386387358954195],[-70.99281695714858,42.386412491940604],[-70.99272708813055,42.38642785080558],[-70.9926971800585,42.38637145089206],[-70.9926361018773,42.38637055137013],[-70.9925294252609,42.386376833075424],[-70.99246185595287,42.38638274702567],[-70.99241062723944,42.38638027031186],[-70.9923633119885,42.38635926489254],[-70.9923202564878,42.38633710787404],[-70.9922886920629,42.386320673366136],[-70.99224356204144,42.38631489242066],[-70.99218527698925,42.386314004985465],[-70.9921111673891,42.386332854022186],[-70.99207568436799,42.386350703161895],[-70.9920184285808,42.38635774272768],[-70.99198281547613,42.38636154675889],[-70.99193494220975,42.38636466643933],[-70.99187653929529,42.38636332818303],[-70.99182253997948,42.386358048076005],[-70.99175910457669,42.38636334967002],[-70.99173291353937,42.38638853208918],[-70.9917182996088,42.38640872402928],[-70.99170471144853,42.3864221683329],[-70.99168083637149,42.386446280624874],[-70.99166697347489,42.38646368498101],[-70.9916448665347,42.38647934236233],[-70.99160499432126,42.3864842078054],[-70.99156948011844,42.386490803041355],[-70.9915401136437,42.38650309725418],[-70.99152730816621,42.386524917681655],[-70.99154726365691,42.386535179133205],[-70.99158726151964,42.386544898944],[-70.99157804507738,42.38655836255014],[-70.9915526368091,42.38657679622074],[-70.99153102424125,42.38659137541817],[-70.99150736078029,42.38661935985081],[-70.99147352760802,42.38664342808924],[-70.99144362078324,42.38667759690679],[-70.99139701747478,42.38671907427996],[-70.9913512415005,42.38677847103823],[-70.99130149875744,42.38681768377144],[-70.99125804494038,42.38684504047889],[-70.99121302205626,42.386856095004845],[-70.99116467466854,42.38687280663004],[-70.99108144315436,42.38689323518358],[-70.9910317743688,42.38690814033079],[-70.9909805163946,42.3869394236815],[-70.99094815823717,42.3869612475689],[-70.99088904182392,42.387003209546535],[-70.99086883186047,42.387024546991405],[-70.99085900693221,42.38705322272676],[-70.99085826311371,42.38708526971457],[-70.99086126685663,42.38710436912765],[-70.99084877967174,42.3871318627056],[-70.99082980217031,42.38715095487526],[-70.99078340691062,42.38716650460401],[-70.99072448959453,42.387183709437636],[-70.99066572955527,42.387211538344374],[-70.99061279710966,42.38723957307905],[-70.99054896407101,42.3872639583697],[-70.99050893356934,42.38727332417734],[-70.99045235535205,42.387286577959344],[-70.99039285385372,42.387300899112525],[-70.99033115143308,42.38733213591369],[-70.99027975366701,42.38735054420425],[-70.99022719614013,42.387377229989774],[-70.99019287123487,42.387401925874784],[-70.9901572293377,42.38742427516309],[-70.99011076671941,42.38743307215743],[-70.99007076799049,42.38743847668349],[-70.99001473283658,42.38745965519836],[-70.9899715909966,42.387448210359416],[-70.98991962722714,42.38746148433481],[-70.98987916464226,42.387479220693486],[-70.9898077609885,42.38749357880399],[-70.98973577904697,42.38748929832905],[-70.98965113974775,42.38748838276448],[-70.98953852558411,42.387477709939986],[-70.98946936369177,42.38747011074104],[-70.98941257487539,42.387464276956905],[-70.98934970098728,42.387460036657984],[-70.98926484284632,42.38744111406247],[-70.98919245595458,42.38744187306673],[-70.9891324021326,42.387434314100176],[-70.98904497207968,42.387403045966074],[-70.98898670141108,42.38738523154957],[-70.98893124062488,42.38736535892011],[-70.98885783445411,42.3873419854459],[-70.98879018028907,42.38732818054262],[-70.98872589952953,42.3873177216582],[-70.988650279041,42.38731288416111],[-70.98856435003204,42.387306290244396],[-70.98849803180464,42.38729249110701],[-70.98844267011451,42.38727540957658],[-70.98836677394186,42.387229607523814],[-70.98832215073564,42.38720618163447],[-70.98827945966403,42.38718411475407],[-70.98824298607228,42.38715910455867],[-70.98818913649133,42.38713527746371],[-70.98814281956359,42.38712606853428],[-70.98805620754041,42.387068874960804],[-70.98803387672605,42.38702205060346],[-70.98800972698083,42.38698989285692],[-70.98798058338193,42.386974548285174],[-70.98794980131026,42.386966578783486],[-70.98790090297187,42.38696122950979],[-70.98787314376531,42.386954893961764],[-70.98781300048135,42.38694346266221],[-70.98776843240304,42.38694326425556],[-70.98775268328622,42.3869684922599],[-70.98772911100642,42.386999987453976],[-70.98770386007625,42.38701382950539],[-70.98767774192967,42.387014793557704],[-70.98764266866031,42.387011846484334],[-70.98760997131046,42.387000447264775],[-70.98758875085366,42.3869964815185],[-70.98754245235527,42.38698502170587],[-70.98749970770915,42.38696961643296],[-70.98744282581576,42.38696036016043],[-70.98737538313232,42.38695051663449],[-70.98733673608646,42.3869390007996],[-70.98727059349994,42.38693357442098],[-70.98720457090353,42.386928328596824],[-70.98716475720752,42.38692590042328],[-70.98710918348111,42.386920070914336],[-70.98702595895638,42.386909526629076],[-70.98690131230775,42.38691518282928],[-70.9867987188481,42.38695685879475],[-70.98673163307346,42.38700778599206],[-70.98668504908672,42.387046470658575],[-70.9866475767468,42.38709969061281],[-70.98661500650267,42.38714744066472],[-70.98657488595829,42.3872276574479],[-70.98653203003923,42.38731569452301],[-70.9864753137811,42.38740565035639],[-70.98644043509778,42.38743853528625],[-70.98642804762211,42.387468459616336],[-70.98648127222118,42.38752433503184],[-70.98650659273775,42.3875767548234],[-70.9865261887088,42.38761627493043],[-70.98653933959777,42.38765684661871],[-70.98654461305178,42.38771034731183],[-70.98654426068931,42.38775373966337],[-70.98654940905975,42.387807689941305],[-70.9865721311523,42.387851095230225],[-70.98660053759912,42.38789740680237],[-70.986630257278,42.38794651512154],[-70.9866453104263,42.38799213689883],[-70.98670580616675,42.38806497007133],[-70.98678003907075,42.38816604352381],[-70.98687528264286,42.388297010184054],[-70.98694929146859,42.388395831798405],[-70.98696698015074,42.3884459667226],[-70.9870004217814,42.38848545844394],[-70.98702292856699,42.38852553160649],[-70.98707303725479,42.388576441248794],[-70.987134108675,42.38862334843468],[-70.9871812652032,42.3886489467582],[-70.98722875981345,42.38867778760786],[-70.98728964065536,42.38873324660171],[-70.98731775988207,42.38878513849273],[-70.98736943272093,42.38885289036705],[-70.98738227174138,42.38891704811516],[-70.9874331984503,42.389016936935356],[-70.98747212142857,42.389114431511224],[-70.98751958591092,42.38925193692459],[-70.98753206334428,42.38933076774076],[-70.98755979747108,42.389415248290646],[-70.98759222779482,42.38953468093699],[-70.98760621882549,42.38963656586323],[-70.98762009098719,42.38975312495655],[-70.98761239062706,42.389834116620406],[-70.98760947507652,42.389924132473325],[-70.98761386512467,42.39004181970877],[-70.98760032660616,42.39012386571463],[-70.98759788154163,42.390185794661654],[-70.98758637729466,42.390256596118824],[-70.98758208353554,42.390321847897475],[-70.9875752299269,42.39038825864974],[-70.98757831110183,42.39047262938032],[-70.9875720829421,42.39053679219494],[-70.9875642427385,42.39062003393927],[-70.98754456751614,42.3907099751347],[-70.9875330788458,42.3907638512302],[-70.98751335807354,42.39081444962185],[-70.98749638394051,42.39084084249172],[-70.98749597571269,42.39087622199832],[-70.98750311468216,42.39090947442836],[-70.98752434771116,42.39092703458806],[-70.9875394555642,42.39093610475583],[-70.98759475163467,42.390961649109386],[-70.98764998977009,42.390979360671366],[-70.98769738240452,42.39100604015763],[-70.98772785750964,42.391037145748676],[-70.9877721203175,42.391060390174594],[-70.98779917747007,42.39109364122203],[-70.98782955640623,42.39113663015972],[-70.98786106122148,42.39117557280357],[-70.98790258379951,42.39120726768933],[-70.98794049071012,42.3912355253749],[-70.9879880536507,42.39127120837683],[-70.98804313427203,42.39129342048638],[-70.98810448673301,42.39130602738923],[-70.98817648941511,42.391323273101875],[-70.98823947369947,42.391344349898276],[-70.98831590225944,42.39136998788589],[-70.98838989412403,42.391381570495426],[-70.98842190943125,42.39140250949145],[-70.98844491870567,42.39142574918874],[-70.98848618500746,42.39145915326787],[-70.98852720571672,42.39147788154618],[-70.98857765349156,42.391502323523774],[-70.98862333353505,42.39153061552848],[-70.98868445496011,42.39155681544106],[-70.98875087658244,42.391573405789245],[-70.9888075736782,42.39159103324267],[-70.98886892585261,42.39160372976261],[-70.9889385293059,42.39160232837739],[-70.98900345522387,42.391593613845664],[-70.98905087444834,42.39158707226031],[-70.98910541911015,42.39157047906805],[-70.98916682735069,42.39156120865301],[-70.98926310635193,42.39153516757662],[-70.9893294684238,42.39151403526274],[-70.98940216317794,42.39149077032072],[-70.98945338927571,42.39146398898454],[-70.98950343859192,42.39141748609937],[-70.98953789816007,42.39136137098099],[-70.98956858335265,42.39130640948306],[-70.98958920153638,42.391264817611805],[-70.98959721745094,42.39120462390472],[-70.98960570396109,42.39116135769757],[-70.98963378347547,42.39112826162012],[-70.98967016068686,42.39110537559155],[-70.98970660856652,42.391103826689864],[-70.98972514853068,42.39110904055121],[-70.98974211416353,42.39112874206437],[-70.98973522969686,42.39115409965553],[-70.98973625247635,42.39119290660199],[-70.98971718768539,42.391222621587765],[-70.98969490130874,42.39126024481668],[-70.98971022857931,42.391287321428806],[-70.9897346018143,42.3913071458217],[-70.9897635995082,42.3913258203413],[-70.98981296101742,42.39133441189246],[-70.9899020031477,42.39134723063305],[-70.99001752157504,42.39136007662433],[-70.99010219728119,42.39135712081898],[-70.99019192563765,42.391345094429944],[-70.99028544568121,42.39132975370223],[-70.99035714071837,42.39130990482382],[-70.99044236279236,42.3912843539625],[-70.99053016596022,42.391270068065],[-70.990638938512,42.39124588173225],[-70.99071865790596,42.391240022612486],[-70.99079278636499,42.39123467886853],[-70.99083703701142,42.391244507765684],[-70.99090191992494,42.39125613848034],[-70.9909430996311,42.39127027513107],[-70.99096317434795,42.39128098733782],[-70.9910057415697,42.39131889770331],[-70.99103580380698,42.39137133740348],[-70.99107478944417,42.391431739095395],[-70.99110599308524,42.391493276730465],[-70.99115157299894,42.39156433095375],[-70.99116615752047,42.39160832949253],[-70.99118888750687,42.39166640853672],[-70.9912142401316,42.39173062112858],[-70.99123427998158,42.39180606382006],[-70.99123840292378,42.391837051947306],[-70.9912579411235,42.39186918857564],[-70.99128520206479,42.391907571328304],[-70.99132433312798,42.39194996781475],[-70.99134588121551,42.39197383066533],[-70.9913795988068,42.39199468632601],[-70.99139759450296,42.39202231467234],[-70.99141738442815,42.39205337203904],[-70.99143552405428,42.39207821012333],[-70.99140738733927,42.392103383846624],[-70.9913688797089,42.392179738088046],[-70.99131615928154,42.39222622996464],[-70.99127844946,42.39226378530467],[-70.99120270885955,42.392288208334755],[-70.99112082528958,42.392291177302724],[-70.99101366650638,42.39229574495999],[-70.99092674946223,42.392290318849774],[-70.99083598195992,42.39229549903023],[-70.99077287658712,42.392304312682114],[-70.99069710566651,42.392317391621646],[-70.99063038756401,42.39233744280077],[-70.99056096312982,42.392346678507714],[-70.99048681477863,42.39236939757062],[-70.99040644170543,42.39238083542318],[-70.99036310123442,42.39239360761779],[-70.99030280354921,42.39240063287236],[-70.9902459194992,42.39240605270016],[-70.9901948938236,42.392392862500735],[-70.99013639275712,42.392372886997755],[-70.9900340541481,42.39233696215566],[-70.98998547062918,42.392322162168135],[-70.98991590401606,42.39230384805236],[-70.98985303094969,42.39228385302336],[-70.98977791771341,42.392260562650236],[-70.98968558647667,42.39224880958038],[-70.98959454978936,42.39224219381857],[-70.98947620592361,42.39221808127946],[-70.98940297498233,42.3921873266231],[-70.98935871951102,42.39216300252402],[-70.98928670317952,42.3921322531829],[-70.98920406269721,42.392093624130986],[-70.9891425500313,42.392055628993695],[-70.98908798183729,42.392014963794],[-70.98903637067681,42.391969090029264],[-70.98901084851681,42.39191108818501],[-70.9889887233193,42.39185355156399],[-70.98897866076419,42.391806241762716],[-70.98896075714262,42.39176735984219],[-70.98893933511216,42.3917430469554],[-70.98891353943122,42.39173392950363],[-70.98884723312699,42.39173309480136],[-70.98876686493361,42.391743991357075],[-70.98872105363375,42.39173190401082],[-70.98862710828264,42.3917096095452],[-70.98858088406105,42.391688517428506],[-70.98854018765873,42.391659707387646],[-70.98850665672052,42.39163092918422],[-70.98847310032099,42.391605301865354],[-70.98844551164422,42.39157763040521],[-70.98840145125999,42.39154430391865],[-70.98835535472338,42.39150745723788],[-70.98825346690221,42.39144614467735],[-70.988154139617,42.3913986178214],[-70.9880398141037,42.391388476129855],[-70.98799081610659,42.391395010273584],[-70.98793279297108,42.39137620613954],[-70.98785145297113,42.39131219376593],[-70.98778644797117,42.39125572644036],[-70.9877376090472,42.39121265531165],[-70.98769640165712,42.39117204891729],[-70.98761855454899,42.39112668788876],[-70.9875470548935,42.391077393807976],[-70.98748411270124,42.391051185174256],[-70.98745969429457,42.391037031913925],[-70.98744151377,42.39103244948942],[-70.98741146168275,42.3910390677792],[-70.98737924937825,42.39105747021181],[-70.98734295686701,42.391114746903625],[-70.98732342717061,42.39118668293925],[-70.98727922347044,42.39127597461724],[-70.98725352951448,42.39132924720814],[-70.98722908382372,42.39139332881237],[-70.98719912329229,42.39146350779226],[-70.98721055300145,42.39153675214741],[-70.9872064444681,42.391594082185556],[-70.987187151032,42.39168177428448],[-70.9871687441896,42.39176496889005],[-70.9871386195659,42.39188529315811],[-70.98711836464344,42.39192679618265],[-70.98711067213931,42.39200670746547],[-70.98711755616738,42.392071378823665],[-70.98713364891987,42.39212375728053],[-70.98718568352555,42.39219214098739],[-70.98724397763291,42.39228242955811],[-70.98730662967722,42.392344558503815],[-70.98736915966536,42.392406776898994],[-70.9874509228901,42.39247862398241],[-70.98753176505207,42.392544254917745],[-70.98764214118366,42.39262235124553],[-70.98773986526928,42.392688057198775],[-70.98785693658014,42.39274934774017],[-70.98795379447351,42.392802085509445],[-70.98801799728139,42.39283784252571],[-70.98809640283265,42.392859528172984],[-70.98815667954464,42.3928851844225],[-70.98823951206683,42.39290013750567],[-70.98832804339452,42.39296130062757],[-70.98841051878999,42.39299038651501],[-70.98845919185571,42.39300914882826],[-70.98850742593659,42.39300711252477],[-70.9885394291665,42.393014637136716],[-70.98858241231548,42.39303112338757],[-70.98862765878103,42.39303807663163],[-70.98872432473813,42.39303958652525],[-70.98880575405249,42.3930478708356],[-70.98887334156252,42.393070678264216],[-70.98895819768231,42.393090771455554],[-70.98903780455377,42.393114172338954],[-70.98913951989671,42.39313713114928],[-70.98916882589155,42.39314779461717],[-70.98930092078125,42.393168817484074],[-70.98941377921908,42.39318057191114],[-70.98954336158437,42.39319690185503],[-70.98963379175036,42.39321863979025],[-70.98977074207731,42.393240043766326],[-70.98987398415844,42.3932394211616],[-70.98999920578882,42.39322422119605],[-70.99005988496206,42.39318505752479],[-70.99007832352206,42.39317280529667],[-70.99023966766825,42.393121213466195],[-70.99033327233256,42.39309569982035],[-70.99045746319405,42.393087787120656],[-70.99067505397672,42.3930797475649],[-70.99092362438391,42.39305554945562],[-70.99109792421568,42.39305406972523],[-70.9911190566324,42.39305416318326],[-70.99115116960307,42.39304809321174],[-70.99116554135425,42.39304311515469],[-70.99125468613197,42.393043509318446],[-70.99133810122981,42.39303145411822],[-70.99142624780043,42.39302004997081],[-70.991545324777,42.3929834843548],[-70.99163327482665,42.392951192511696],[-70.991691028507,42.39291318543241],[-70.99176431920256,42.392861202464665],[-70.99189204705834,42.39279091391928],[-70.99200973898785,42.39274524880429],[-70.99208254260354,42.39272360317179],[-70.99216907869678,42.39270093775478],[-70.99221913491334,42.39268369308002],[-70.9922775031921,42.39267494776204],[-70.99238703368029,42.392662466858596],[-70.9924362656753,42.39264197741875],[-70.99248391454641,42.39265227080705],[-70.99251622461189,42.39266699796538],[-70.99255055881741,42.392671650821356],[-70.99260987993081,42.392680375113734],[-70.99266115556684,42.392662505423004],[-70.99272115977871,42.39266177965153],[-70.99283827375052,42.39267291928175],[-70.99296886309726,42.39269996322949],[-70.99308879670896,42.39272299882238],[-70.99322080781023,42.39276967501163],[-70.99332327470916,42.39280505739726],[-70.9933995808616,42.39284644647269],[-70.99345942395766,42.392881010871015],[-70.9935008595912,42.39292404694456],[-70.99353463218885,42.39292302522336],[-70.99357836372133,42.39292204732238],[-70.99362778035042,42.39292397534226],[-70.9936980053802,42.392920953290705],[-70.99377021037162,42.39291334844153],[-70.99381001079334,42.39291793493953],[-70.99385126648944,42.39295313759407],[-70.99388848341844,42.393022533387416],[-70.9938919157894,42.39304892690208],[-70.9939042133463,42.39307544943642],[-70.9939411160296,42.39309307730923],[-70.99397474892866,42.3931095204175],[-70.99403035970744,42.393111475502856],[-70.99408522003601,42.39308578844247],[-70.99417434688604,42.39308843098337],[-70.99422783439914,42.39311288382154],[-70.99427784932016,42.39314632424526],[-70.99434196628324,42.393178116071674],[-70.99431600267285,42.39320501059195],[-70.9943006820881,42.39323753366103],[-70.99428680906246,42.393256108637594],[-70.99427720121987,42.393272901783305],[-70.99426355451926,42.39329354841229],[-70.99426134463451,42.393296509647534]]]]},"properties":{"TOWN":"BOSTON","TOWN_ID":35,"TYPE":"C","COUNTY":"SUFFOLK","FIPS_STCO":25025,"FOURCOLOR":1,"POP1960":697197,"POP1970":641071,"POP1980":562994,"POP1990":574283,"POP2000":588957,"POP2010":617594,"POP2020":675647,"POPCH10_20":58053,"AREA_ACRES":32104.34973,"AREA_SQMI":50.15997,"SHAPE_Leng":205309.922571,"SHAPE_Area":129521857.567}},
{"type":"Feature","geometry":{"type":"Polygon","coordinates":[[[-71.18227711040254,42.43627919361755],[-71.18555804702561,42.43231261328056],[-71.18724154078544,42.43057931870643],[-71.19204756964712,42.42553221689471],[-71.1962060809464,42.42154066190569],[-71.19911713573673,42.41853797991871],[-71.20120060029194,42.41634080174891],[-71.20264224037388,42.414829736940604],[-71.19424306903171,42.41338764311701],[-71.1945696128439,42.41397179681034],[-71.19467271372865,42.41413249893668],[-71.19500131352333,42.41469505019152],[-71.19529728361701,42.415172258246464],[-71.19451575529467,42.41493440547752],[-71.19429009378285,42.415320293381626],[-71.19196856106498,42.41446847836072],[-71.18992839595772,42.41360675123433],[-71.1872338046115,42.41257459007934],[-71.18459167369316,42.41166197542976],[-71.1838991564163,42.411424564109865],[-71.18304513371258,42.41119759729133],[-71.18214770574764,42.41097860671815],[-71.1810429593729,42.410772809003646],[-71.17972071835293,42.41055082092609],[-71.1784589858976,42.4103529339637],[-71.17793598962888,42.41025658286363],[-71.17715158194925,42.41010755061711],[-71.17677231098136,42.4100106069583],[-71.17621464410463,42.409877059342506],[-71.17538892385993,42.409660198185584],[-71.17436225492663,42.40935246519813],[-71.17316261028643,42.4089961572804],[-71.17228724643896,42.40870486011644],[-71.17157623279869,42.40846507091494],[-71.1708455609627,42.40819875299247],[-71.16686407063742,42.40670265398261],[-71.16521007424166,42.40616093035486],[-71.16379332168475,42.40576202962531],[-71.164203100921,42.40554995060452],[-71.1641462067058,42.40551224309439],[-71.16401840810339,42.405444439434525],[-71.16406711233672,42.40537742102731],[-71.16405546661758,42.40530581510658],[-71.16394185146636,42.40524363446664],[-71.16372415993767,42.40513028408227],[-71.16348928899504,42.40502669605967],[-71.16315805933272,42.404860076342615],[-71.16278293946908,42.40460969142738],[-71.16267062467112,42.40453193854915],[-71.1625319929928,42.404468872923715],[-71.16239338738504,42.40442372270027],[-71.16226804285496,42.40442029400785],[-71.16185194687111,42.40436001411336],[-71.16062589087433,42.403976038595545],[-71.15980496618197,42.403569390865705],[-71.15992252302543,42.403462065238806],[-71.15950692994387,42.4032874432046],[-71.15892266701911,42.403012749322016],[-71.15853716216951,42.402823538408356],[-71.15808366579354,42.40256129182784],[-71.15780826048433,42.402499164444606],[-71.1576273427697,42.4024627953613],[-71.15747040312554,42.40244000151124],[-71.15728618748602,42.40242946001686],[-71.15632064703462,42.40253398373109],[-71.15553942434587,42.40209474380212],[-71.1531934262508,42.40110288506276],[-71.1522445096658,42.400815533978374],[-71.15205669604433,42.40104039572867],[-71.143587199174,42.39740922426242],[-71.14341578926876,42.397478554855496],[-71.14326694522319,42.39755245653998],[-71.14315663126463,42.39762161601226],[-71.14302478291114,42.39771852718142],[-71.14252694711577,42.398076552973585],[-71.14223279472202,42.39824255045825],[-71.14211722957678,42.398316284024006],[-71.14205296430985,42.39836109806194],[-71.14198448818092,42.39842021338796],[-71.14195250757012,42.39844793248879],[-71.14185519574274,42.39851560068815],[-71.14173232511801,42.398613708669444],[-71.14162479769891,42.39870493215819],[-71.14152652867709,42.398812749504344],[-71.14143642326245,42.39895885402304],[-71.14134383564979,42.39909279697676],[-71.14117664518233,42.39927350178219],[-71.14104232202772,42.399398671677986],[-71.14090041847004,42.39953246043078],[-71.14073524050222,42.39963646717459],[-71.14057706429543,42.399726631266766],[-71.14037204433117,42.39983060307462],[-71.1401974375542,42.39990496043267],[-71.13994168345184,42.400001840702174],[-71.13971315487787,42.4000743180797],[-71.13941644183132,42.400132627075514],[-71.13917403080377,42.400168508598696],[-71.13888224270369,42.40019379145731],[-71.13870463087581,42.40019836557726],[-71.13841989723332,42.400221958883016],[-71.13807494824886,42.40026102696664],[-71.13785872097749,42.40030599084495],[-71.1377644215615,42.400334232879956],[-71.13767804365106,42.400357908359794],[-71.13751389880703,42.40040753694326],[-71.13731843581733,42.40049586858155],[-71.13698629845656,42.40065146975589],[-71.13667491887088,42.40080911611782],[-71.13630327176094,42.40099087869544],[-71.13622751255272,42.40111100641298],[-71.13604281271945,42.40133351131236],[-71.1358272703338,42.4015960707068],[-71.13561056180696,42.40184989329999],[-71.13542567644639,42.40210381629038],[-71.13520437885325,42.402352401950665],[-71.13508938883658,42.40249212061553],[-71.13504572614384,42.402564634573665],[-71.13500551961268,42.40262761653221],[-71.134929452541,42.40277925210396],[-71.13482286000597,42.40304215510614],[-71.13473321561375,42.40329394834571],[-71.13467028180766,42.40359002991839],[-71.13464312825897,42.40385345493127],[-71.1346415641757,42.40412407335104],[-71.13463495193348,42.40425927401829],[-71.13462305131543,42.40436366840795],[-71.13462252107698,42.40445540498216],[-71.1346138765496,42.40454288449043],[-71.13461171815545,42.404685121445596],[-71.1346093368704,42.40480287014796],[-71.13460423177516,42.404992542346875],[-71.1346026112953,42.40527288350755],[-71.13459849444884,42.405396658539814],[-71.13459530166578,42.405444633172166],[-71.13455622226225,42.40562744539343],[-71.13452793579927,42.405813442836696],[-71.13446646888167,42.40600230580391],[-71.13438854790094,42.40617950289106],[-71.13428593402276,42.40640424610781],[-71.13417469397038,42.40662905183334],[-71.13408807025766,42.40677741217574],[-71.13399881946076,42.406896865209696],[-71.13383228754483,42.40708251275974],[-71.13369480945022,42.4072855378478],[-71.13356833848802,42.40743377095741],[-71.13338972796751,42.407669794890296],[-71.13319064449801,42.40793753305702],[-71.13304332695785,42.40816069217517],[-71.13287097907865,42.40832174220561],[-71.132568983242,42.40869592375537],[-71.13239609920379,42.40896959593419],[-71.13231705393699,42.40917136547873],[-71.13222340791256,42.409523074345884],[-71.13220981414797,42.40985496277564],[-71.13224693013538,42.41017828053],[-71.13240188154221,42.41064916977524],[-71.13266334473435,42.4112098861492],[-71.1328184065244,42.41168365593457],[-71.1328868284474,42.41197250259992],[-71.13285874297154,42.412457211492075],[-71.13276959788374,42.413016718489956],[-71.13263628685621,42.41352422853726],[-71.13256666876585,42.414109815520675],[-71.13251121363274,42.4146205447034],[-71.13244241566719,42.41506470086501],[-71.13243544359375,42.41521898575439],[-71.13284942430272,42.41533725264016],[-71.13310631674781,42.41539172811449],[-71.13341139100078,42.415434382808634],[-71.13364427958325,42.41545898153024],[-71.1339337671991,42.41546584431367],[-71.13420688746886,42.415466712544166],[-71.13453658799189,42.415432018861026],[-71.13491460648669,42.41536173657486],[-71.13529274563528,42.41529145343106],[-71.13566289956897,42.415215201958205],[-71.13600751775058,42.41516362611298],[-71.13629009955491,42.41514579360454],[-71.13655518468241,42.41517039813665],[-71.1371736659556,42.41524383106727],[-71.1376392744978,42.41532272135119],[-71.13804859813762,42.41540737459325],[-71.13845790789885,42.41551588361192],[-71.13874650700848,42.415635806003785],[-71.13906716673145,42.41577977550201],[-71.13936361636848,42.41592961006411],[-71.13974797358543,42.41617496804817],[-71.14008415343964,42.41643205772498],[-71.14032383346154,42.416694786729266],[-71.14069883960885,42.417154557590834],[-71.14093809910686,42.41747085025736],[-71.141089673149,42.41767379460636],[-71.14136028849929,42.41813917945912],[-71.14154382668289,42.41838390543249],[-71.14183174926994,42.418605098658816],[-71.14216822017052,42.41881455845033],[-71.14252027291529,42.41908366375443],[-71.14275981803182,42.419352328843615],[-71.14285512591792,42.419537270703835],[-71.14292622919176,42.41976976187531],[-71.14296479836389,42.42006166017306],[-71.14293940454682,42.42044860899885],[-71.14288551935702,42.42080287950771],[-71.14280084916267,42.42110024719975],[-71.1426351094406,42.42148757056269],[-71.14259944386002,42.42169218197864],[-71.14261756347847,42.42177551350203],[-71.14266751953812,42.42185867376115],[-71.14274527608572,42.421924815081475],[-71.14285678446187,42.42197440600693],[-71.14317121202686,42.422088905459006],[-71.1435462286479,42.422168390984844],[-71.14409819733815,42.42228524363101],[-71.14482199070194,42.42253055264673],[-71.14518393334211,42.422796889129636],[-71.14544583555053,42.42304860205636],[-71.14579839837789,42.42340682551346],[-71.14635019943312,42.424316266735175],[-71.14684544042693,42.42539064150951],[-71.14742872872039,42.42695674192123],[-71.14854239902944,42.43072400158671],[-71.14988644886935,42.43583983147073],[-71.15365280932777,42.43580332727882],[-71.18227711040254,42.43627919361755]]]},"properties":{"TOWN":"ARLINGTON","TOWN_ID":10,"TYPE":"T","COUNTY":"MIDDLESEX","FIPS_STCO":25017,"FOURCOLOR":1,"POP1960":49953,"POP1970":53524,"POP1980":48219,"POP1990":44630,"POP2000":42389,"POP2010":42844,"POP2020":46308,"POPCH10_20":3464,"AREA_ACRES":3509.872,"AREA_SQMI":5.485,"SHAPE_Leng":16929.0289707,"SHAPE_Area":14203937.8273}}
]}